file_name,folder,rgb_hist_1,rgb_hist_2,rgb_hist_3,rgb_hist_4,rgb_hist_5,rgb_hist_6,rgb_hist_7,rgb_hist_8,rgb_hist_9,rgb_hist_10,rgb_hist_11,rgb_hist_12,rgb_hist_13,rgb_hist_14,rgb_hist_15,rgb_hist_16,rgb_hist_17,rgb_hist_18,rgb_hist_19,rgb_hist_20,rgb_hist_21,rgb_hist_22,rgb_hist_23,rgb_hist_24,edge_count,edge_ratio,hw_ratio,contour_area,convexity,defect_count,lbp_1,lbp_2,lbp_3,lbp_4,lbp_5,lbp_6,lbp_7,lbp_8,lbp_9,lbp_10,green_count,green_ratio
cosegppb_buckwheat_0001.jpg,flowering,2.7736490558246745,-0.4083929811648379,-1.6150445772075863,-0.6260385667894599,-0.6390674771302004,-0.6841544155641582,-0.7223650761633471,0.9140356392871445,3.0317704647128965,-0.5945792384711458,-1.5716232976089342,-0.5232275102013771,-0.7976207876963716,-0.7799285096333303,-0.7875074071497044,0.9730401652124464,1.7499117963655122,-0.41889508005637666,-1.2479410229760732,-0.6801514581852635,-0.6138929365160982,-0.8647021212481611,-1.02144351576608,1.189126589388658,0.6994305692171852,0.6994305692171835,-0.49028250207934476,-0.32324028615474687,3.731673075618719,0.4302869570393896,-0.709569464643975,-0.9950218171499412,-0.37341446802729233,-1.5642620464704036,-0.49990230336916713,-1.2609949611283267,-1.531741887463241,-1.346586228970717,1.2379210585653255,-0.08850059529044245,-0.8737689471487636,-0.8737689471487659
cosegppb_buckwheat_0002.jpg,flowering,2.865953808137792,-0.426968264883174,-1.7140273338607532,-0.6247860710472233,-0.6188295817789713,-0.6512593256932321,-0.7137811064690518,0.9132433165992248,3.123954335028767,-0.6016083649209192,-1.6637372279085068,-0.5616176175896436,-0.7797068020116296,-0.7505107382535434,-0.7794085309180222,0.9724987748970425,1.8030718556874488,-0.43354826539679137,-1.2985287711382116,-0.7401557835390856,-0.5728642365909682,-0.8403912894055575,-1.0144195713586395,1.1887367539883762,0.7797078152024018,0.7797078152024065,-0.49028250207934476,-0.1800492143760824,3.214656041346585,0.2147352366249705,-0.6060108947675723,-0.9067796361548554,-0.32229300857015675,-1.525947273055728,-0.4610949420016228,-1.2443755227884539,-1.459260279685321,-1.3043642940091376,1.1811003617602394,0.12134183215323482,-0.9277513184472141,-0.9277513184472155
cosegppb_buckwheat_0003.jpg,flowering,2.671213353760425,-0.3803172854625984,-1.689531900858691,-0.5966947140277272,-0.6170979927492207,-0.6648422642154911,-0.7151819308925768,0.9115301155554787,3.008017612725689,-0.5726709945726032,-1.6518880598769672,-0.5361114549964519,-0.760152773152901,-0.7646924300001355,-0.7806252566618926,0.9707235766246535,1.6205000519412285,-0.3882436967225939,-1.2975952883975805,-0.6859815251672079,-0.5640511794904395,-0.8528487038747093,-1.016459753151984,1.1887825935293093,0.7385495043277642,0.7385495043277678,-0.4906308304603148,-0.28311677812550473,3.5778041029833214,0.8613903978682277,-0.666158548988731,-0.9600824637172752,-0.37281303909250424,-1.5544644115543655,-0.4795499982964126,-1.2529060315981717,-1.4736229945906312,-1.3308722389077248,1.2129528319403056,-0.00488076652069927,-0.9171915291207045,-0.9171915291207066
cosegppb_buckwheat_0004.jpg,flowering,2.85934056625589,-0.41864948698488025,-1.6336927169913664,-0.6183447754392765,-0.6249442224755968,-0.6857637615098806,-0.7179414411652675,0.9078240393006584,3.0772967387571932,-0.5853439549429272,-1.5958575229307477,-0.5237507510625607,-0.782734526587737,-0.7753946016323334,-0.7851214656987752,0.9682770342910866,1.79194155454989,-0.4236513687859626,-1.2529315840709472,-0.6927084580777338,-0.5884165909183576,-0.8577561751513223,-1.0199754913242927,1.1856977917268696,0.732338678137222,0.7323386781372171,-0.4906308304603148,-0.2991855412928249,3.6392289403971776,0.6458386774538086,-0.6232706564136697,-0.9262806706289076,-0.3391330187442959,-1.5355259664093968,-0.47501631290490054,-1.241364754973261,-1.4806373437304343,-1.3167647909598013,1.196504943492485,0.03645343455258833,-0.8962995321342045,-0.8962995321342024
cosegppb_buckwheat_0005.jpg,flowering,2.831621077158604,-0.08954062180334064,-1.522910023969021,-0.559239571335068,-0.5846307866139222,-0.6132143847391988,-0.7074721621353371,0.8117761644293683,3.074327593862024,-0.3442503853155019,-1.371914155823133,-0.4380106492949409,-0.7282986603117396,-0.7257851103715063,-0.7746176378058243,0.8769160387485958,1.7934366750149702,-0.14615467517591513,-1.1333377199590233,-0.6022984290953708,-0.5425740038240247,-0.8272166155704727,-1.0113254253963204,1.1128774956053946,0.965105611935004,0.9651056119350012,-0.49028250207934476,-0.31818249774816565,3.711562139788084,0.2147352366249705,-0.2576775233650099,-0.7353330414037847,0.029542918281630217,-1.4141228700754547,-0.3827410314309637,-1.1845013868369572,-1.309620831369625,-1.2363874807654072,1.0698933504864074,0.2596158347206462,-0.6943890775980103,-0.6943890775980087
cosegppb_buckwheat_0006.jpg,flowering,2.8372493486090464,-0.24660348196871876,-1.4883529570981395,-0.5183848343641922,-0.5575206436270356,-0.6094807357110396,-0.7092521421971293,0.823489422285285,3.119147060291626,-0.4879624325374299,-1.4252651817938202,-0.3686861017194436,-0.6840182483418642,-0.7159264605024777,-0.7755587103367653,0.8879580931240688,1.79194155454989,-0.2788015640316662,-1.1353482891692481,-0.5618470963231209,-0.496657402721713,-0.8151744824230779,-1.0122288244237272,1.121798667480365,0.961397656000352,0.9613976560003571,-0.49028250207934476,-0.28072098361712416,3.5662767855519277,0.2147352366249705,-0.3622821394018397,-0.7376081620924199,-0.0065428178057308104,-1.4495914031793318,-0.3779609500942613,-1.1922089524438546,-1.3117919394367006,-1.2488381821571664,1.0788563036338508,0.2848814972692763,-0.7467783772308235,-0.7467783772308245
cosegppb_buckwheat_0007.jpg,flowering,2.8791805976031655,-0.16521254258168436,-1.5271769537494224,-0.5196969357386858,-0.5409082517852796,-0.5830874342295961,-0.7020479333598657,0.8033985326178925,3.140072067471777,-0.39170982182695774,-1.4337799672988187,-0.3996859026116655,-0.6772689584886037,-0.6938367737022114,-0.7696746630109129,0.8695402856100719,1.8130394457620527,-0.17887200879991647,-1.1635682939862144,-0.582027895054699,-0.47680958108103283,-0.797016842800334,-1.0080957618107897,1.1074995209421925,1.0803303426043163,1.0803303426043118,-0.49028250207934476,-0.16763464283265583,3.1750645786112104,0.2147352366249705,-0.21688172311068066,-0.6654543345384148,0.09509867217368229,-1.3777238353315155,-0.3436626345237071,-1.1697084809716363,-1.2575142377597062,-1.1923581859243766,1.022802279187937,0.38266701131733977,-0.7232009165793923,-0.7232009165793947
cosegppb_buckwheat_0008.jpg,flowering,2.8811502327644987,-0.19404443480835004,-1.4924618905917626,-0.5459394167496917,-0.5678019020572318,-0.611733778077657,-0.7067032904721257,0.8166896145284945,3.108684403114485,-0.4144902621765111,-1.4102007105508083,-0.39491165833303843,-0.7135385458286897,-0.7215675015556535,-0.7742088924684734,0.8823505137311345,1.8788251071477433,-0.23613931999733898,-1.1376102234075016,-0.5789783560325584,-0.5325760789957059,-0.8153254714451657,-1.0107306804112273,1.1168280668244117,0.9828111015229675,0.9828111015229711,-0.49028250207934476,-0.2904977612068792,3.603393587116716,0.4302869570393896,-0.302134485180681,-0.7525589551892022,0.024130057868536725,-1.4115503067176174,-0.3816568892721236,-1.1871307907288924,-1.281563434810432,-1.23693972961746,1.0708180996206673,0.25602155636644247,-0.7263415435773629,-0.7263415435773638
cosegppb_buckwheat_0009.jpg,flowering,2.7366429646893584,-0.43145841279554187,-1.6861077705392435,-0.6494181957618728,-0.6364159851022579,-0.7200106488291684,-0.7239238830562644,0.9377948255844989,2.9787506783866124,-0.606226062419994,-1.6510544399896299,-0.5613560326811788,-0.7900514762561177,-0.8088718036006742,-0.7867279368956813,0.9937243861228168,1.7279832425702886,-0.44637577820014085,-1.2803258089440128,-0.7985456040727384,-0.6052280683315575,-0.8648531102702532,-1.0212703629909774,1.2051229947554631,0.6540081090176977,0.6540081090176931,-0.49028250207934476,-0.3305970692915922,3.7614292343255253,0.2147352366249705,-0.752457357219097,-1.0034722654220334,-0.4852802498981043,-1.5856635841920315,-0.5204270856035579,-1.2645878107211248,-1.568316707977905,-1.3373486118090887,1.2505672005723005,-0.07179777235033946,-0.9033545637963124,-0.9033545637963114
cosegppb_buckwheat_0010.jpg,flowering,2.808404266361992,-0.44540173608111044,-1.7375746174692464,-0.633851666587263,-0.6232667713199904,-0.7117707752097904,-0.7221649665609667,0.9375156761341864,3.0665514814038097,-0.6053025340671709,-1.715004236501788,-0.5750247322016554,-0.772074417258587,-0.8003838980728402,-0.7853781293534127,0.9941282964137359,1.7675210130054428,-0.44676009735178607,-1.311956597331759,-0.8003394333623896,-0.5810847793775951,-0.8572654403258634,-1.0204196629898181,1.2053003738486394,0.6656881702118516,0.6656881702118553,-0.49028250207934476,-0.2958459489478095,3.623599467251553,0.2147352366249705,-0.7278752724504385,-0.989821541290204,-0.46603452398488276,-1.5969390746540675,-0.5064071563222041,-1.281287536202736,-1.567314658100793,-1.337649838455663,1.2566689640906654,-0.1210605286167083,-0.9368545851079983,-0.9368545851079968
cosegppb_buckwheat_0011.jpg,flowering,2.7443817997210447,-0.4197366478490847,-1.7361522789303,-0.6479867859397666,-0.6350090763632882,-0.7328854163949465,-0.7244505065427351,0.9441874529400812,3.008583120252271,-0.5843177627864918,-1.7022023692678485,-0.587843245247485,-0.7901145495689065,-0.8164634994692044,-0.7877355503258211,1.0000539865202627,1.7457586639112814,-0.4344130356769156,-1.317306187249835,-0.80536222357613,-0.6000438697724196,-0.8642491131745531,-1.0219403864578538,1.209439883697242,0.6158161628907816,0.6158161628907811,-0.49028250207934476,-0.291707758433334,3.607650980973872,0.2147352366249705,-0.8293417500061706,-1.0517373257453329,-0.5490317169857918,-1.630875016821354,-0.5340774209671263,-1.2928890281839507,-1.6406313074429733,-1.3739476493679368,1.2924101229378764,-0.15552331518932333,-0.9338960234432435,-0.9338960234432427
cosegppb_buckwheat_0012.jpg,flowering,2.697103830414718,-0.42068199619289476,-1.7268808840047205,-0.6505513830564966,-0.6413942888673684,-0.746790168163146,-0.7303381681051948,0.9526107351315874,2.9581082713827036,-0.5837021143745869,-1.70470319658892,-0.5816301774059207,-0.7940253690447958,-0.8281146259262823,-0.7926975353310718,1.0079711299741896,1.694093544593309,-0.44142732989472644,-1.3052785949176173,-0.8177398015666412,-0.6134486111181758,-0.8717990563670878,-1.0269392047683068,1.2169220925916198,0.5637193820089204,0.5637193820089199,-0.49028250207934476,-0.3073893224881886,3.668479456468693,0.2147352366249705,-0.8560159270954997,-1.1461548343238754,-0.6230074759648783,-1.6465293385307793,-0.5582735027848601,-1.298749989530864,-1.6959110589970798,-1.4005560031487152,1.3254639766086063,-0.26187166884591434,-0.9210149011182338,-0.9210149011182334
cosegppb_buckwheat_0013.jpg,flowering,3.0308642098366456,-0.24490193710049366,-1.6431221940401737,-0.6146469586335634,-0.5898254949215376,-0.6426976388279061,-0.7111795901071262,0.8569700406615065,3.2222174880489924,-0.38657897251469975,-1.5719210282375373,-0.5480143498184046,-0.7380756747411075,-0.74492244236595,-0.7778400801417938,0.9178870930532992,1.997937032556414,-0.2435379333667951,-1.233184784286452,-0.7463445481762219,-0.5750119300226036,-0.8264993972118798,-1.013749547891763,1.1468426024132365,0.9120818420694797,0.9120818420694794,-0.49028250207934476,-0.209766746257813,3.3127678861493037,0.2147352366249705,-0.37431167024604695,-0.7350080241625513,-0.1947900743948521,-1.4341560230322754,-0.4060008086569718,-1.1662762056623146,-1.31346202256524,-1.226848636957199,1.0750545571930041,0.2782215109070856,-0.9263858284480965,-0.9263858284480955
cosegppb_buckwheat_0014.jpg,flowering,3.0955900957708016,-0.25057382178676324,-1.6584516106614269,-0.5895973029437976,-0.5592522326567798,-0.6100600974543404,-0.7050180907388709,0.8409241944386018,3.27778221183196,-0.3924794102093158,-1.5899627410846775,-0.5227697010894388,-0.6949937584953204,-0.7154519830900347,-0.7729541359779009,0.9026087472663608,2.0084028758119734,-0.24488315477539283,-1.2328257359624757,-0.742308407916406,-0.5153943706425819,-0.7989798231095139,-1.0100154898552802,1.1346875505766174,0.9721507282108428,0.972150728210847,-0.49028250207934476,-0.17114363478937486,3.1878203677055983,0.2147352366249705,-0.381633993368608,-0.7153444810678823,-0.12442288902449465,-1.4484966953674858,-0.36265976189791543,-1.1634661557014656,-1.2805613849333197,-1.2278025213380233,1.0578004771922387,0.2934443368778158,-0.9201045744521553,-0.9201045744521568
cosegppf_sunflower_0001.jpg,flowering,3.152717463690042,-0.0064480348598052436,-1.2883329198206916,-0.48218218741376956,-0.5786784419764693,-0.6707646209326661,-0.7227337171804253,0.7547782542982612,3.3426785777388885,-0.42280201735190687,-1.0643120395815524,-0.22303907743510532,-0.6794135881649218,-0.7642179525876924,-0.7905112165777384,0.824996255924456,2.1534302827690364,-0.12275775943526887,-0.9775533370521586,-0.4454262016272352,-0.5524239006363862,-0.8480544948683292,-1.0295139005833165,1.080535108546582,0.7641344002768633,0.764134400276868,-0.4906308304603148,0.529130160049093,1.7069826264012908,1.0769421182826469,-0.41196933201927877,-0.8893912137488211,0.09690295897804657,-1.463713133952173,-0.3815583308940475,-1.1615392642997429,-1.3171362054479838,-1.2789106423735603,1.0952251536941289,0.10442758107465003,-0.1699043689369267,-0.16990436893692767
cosegppf_sunflower_0002.jpg,flowering,4.61819541797597,-0.3351789044674214,-1.4920931372154493,-0.40047271347201113,-0.29307505685130253,-0.2688785471742224,-0.4771058391370127,0.48455109205460306,4.543471300517488,-0.45779376536530375,-1.336604842699586,-0.3408254618173068,-0.4614810059036397,-0.5978336427364817,-0.6936098033225205,0.6933425746652374,3.732784589667574,-0.4558402374819934,-1.1344148259293958,-0.5286609134510147,-0.3750523071560388,-0.7915808689390672,-1.0099100918027832,1.0589088103437956,0.8849210648481536,0.8849210648481555,-0.4913241539363125,1.0364819971016028,1.4057936391028274,0.4302869570393896,-0.4355053706275716,-0.7372831448511863,0.05239721780365126,-1.2753686549237269,-0.14100196960430994,-0.8370788527489723,-1.2232775336249697,-1.163239610088807,0.8426658901373411,-0.011646466952130707,-0.8790488418120185,-0.8790488418120204
cosegppf_sunflower_0003.jpg,flowering,5.0818297431227855,0.37375472104398083,-1.318254303534852,-0.3168546931007798,-0.19188555070431948,-0.031467643054389365,-0.2558922593351861,0.11052441052333788,4.693199324546428,0.250556382696472,-0.9687445827585159,-0.23781961938293256,-0.36125089963007617,-0.44705439959973814,-0.6089897913762347,0.43375118682325564,4.0725109687925585,0.2312234554885514,-0.9534981133861619,-0.42022266139815523,-0.3059551623535992,-0.7533781449027859,-0.9984670101956262,0.9095014036502637,1.0678159913248655,1.0678159913248655,-0.4913241539363125,2.301630897138243,0.5433305123324185,0.6458386774538086,0.33595367264383347,-0.19320428302504603,0.8913905818348463,-0.8957239857748573,0.09021598536269718,-0.5917012758106379,-0.5066448631755935,-0.9149786488700105,0.46060222859038175,0.44715259355443887,-0.49443582539388464,-0.4944358253938848
cosegppf_sunflower_0004.jpg,flowering,4.636347059598577,-0.3191085987524279,-1.4905654201317327,-0.3911685334311051,-0.2842548156433959,-0.31110782954453464,-0.49197770103990074,0.49399284996614484,4.538946933130669,-0.43665505411415967,-1.3385102411043852,-0.31747748128534,-0.45447935427850605,-0.6035274289552458,-0.6974596342298006,0.6911554380713042,3.771824106921792,-0.44829747833620626,-1.116750397219611,-0.5170905147962301,-0.36275849998009646,-0.7855409389894442,-1.0102488654158106,1.0514895809926115,0.9663106976137659,0.9663106976137606,-0.4913241539363125,1.0231720276105996,1.419885382968085,1.0769421182826469,-0.40203189349580315,-0.7172945845152837,0.06623008330377934,-1.2850568190585803,-0.12855897437217673,-0.8422573733911053,-1.2222754837478578,-1.1643943122340081,0.8405713728674358,-0.01143503881364889,-0.8666683991533519,-0.8666683991533529
cosegppf_sunflower_0005.jpg,flowering,5.2630618568965595,0.41185063682445794,-1.3205721165010658,-0.30349486809440707,-0.17500258705510857,-0.03771188294651173,-0.27198587674296815,0.10327124726829495,4.717093783795861,0.36225259457070286,-0.9549304766646461,-0.2138176055355536,-0.3399937885449204,-0.45211553017876027,-0.6094270571921064,0.4110895616190824,4.235147592389552,0.33235408635257363,-0.9251345048402287,-0.41215038087851263,-0.2677406841819851,-0.7549636116494037,-0.9982863336613442,0.883918555157903,1.1576412238418112,1.1576412238418081,-0.4913241539363125,2.41341044091814,0.4925499453071967,0.6458386774538086,0.2622074183379184,-0.19027912785394394,1.0038577926405163,-0.8823138150797161,0.10517221923577684,-0.5752022681833724,-0.5352032846733428,-0.8986622055138698,0.4472052219017435,0.4263269219139278,-0.4911586493960023,-0.491158649396004
cosegppf_sunflower_0006.jpg,flowering,4.685313418629589,-0.231809488937319,-1.5017859604836559,-0.3809698153851881,-0.2553590045342444,-0.26585299917353705,-0.4676687663962731,0.45098756839050547,4.585321622051903,-0.337067374630229,-1.346667659300455,-0.3127685977117039,-0.4245175778625006,-0.5737933583903149,-0.6831344855820661,0.6568742420384308,3.8038862750315663,-0.34414009930284667,-1.1247568316306005,-0.5036366489751779,-0.35090909865208725,-0.7690065338725093,-1.0069514552856746,1.0324318915008894,1.0007946878060299,1.0007946878060285,-0.4913241539363125,1.0284476155179427,1.4136987951193032,0.6458386774538086,-0.2744142619309248,-0.6035385500832864,0.2665059185886644,-1.1966591632518624,-0.10564415146943479,-0.7906728848241092,-1.0831575591418567,-1.1056551161519055,0.7666862881916879,0.08931046917316089,-0.8599774981576755,-0.8599774981576745
wgsm_maize_0001.jpg,flowering,0.22668640727541856,0.7402506447805661,-0.09922276553987225,1.1300588779048388,1.9782778655597073,1.9034179250269048,-0.3249852882194294,-0.5253596721952887,0.025900179172904558,-0.27349752384619974,0.4180253073071856,1.064762679939948,1.2392765184210721,2.1036973410018036,-0.41784855952965627,-0.24354967308170913,0.18999428108940347,0.003259154354316808,-0.01832508432504903,1.3235787549801925,1.6335046043760766,1.393675989461012,-0.7800095511870333,0.16727951500408833,1.6713785185878518,1.6713785185878505,0.614219990163081,-0.019119583257590125,-0.7733093403553212,1.0769421182826469,-0.19805289222403405,0.20087912197147767,0.232224469305668,-0.18684594221270873,2.111746878085759,1.061892695435803,0.8172300328049097,-0.5132427112213094,-1.0864082269615503,0.6705264218609661,1.2004103615109238,1.2004103615109234
wgsm_maize_0002.jpg,flowering,0.28662821662146637,1.1107639395693358,-0.16802079225947952,1.0502580799700256,1.9545228012288989,1.8499233608945347,-0.2627173125341825,-0.6028183974871527,0.07863721173587328,-0.1569270664337882,0.7823723070216507,0.9951111867509799,1.1436512093658655,2.0658442947208635,-0.42988283843020525,-0.2738544851946651,0.7835603089103697,0.09900900396177624,-0.0502430216683975,1.32689730506467,1.6331342125361221,1.37087508884664,-0.7879820535329518,0.14981544711801928,1.6593276618002326,1.659327661800235,-0.49581985083974484,0.13537286261616244,1.2821108149073366,0.4302869570393896,-0.2927200697373271,0.16561475129755884,0.26530306071908794,-0.16927588183254677,2.140304168133369,1.0766454577302549,0.8058734675309548,-0.5032018230021499,-1.1001292910391178,0.6421950513043495,1.3741917220652948,1.374191722065294
wgsm_maize_0003.jpg,flowering,0.20220315133453678,0.9087516448516015,-0.12772183932723666,0.9992641657967573,1.7883986476848295,1.9262063866933685,-0.31463185308453084,-0.5139250390726745,-0.02217110912162063,-0.29253257461762633,0.7187201764562283,0.9743791973921765,1.0120084006596168,1.866562636106024,-0.39031995757841137,-0.22732602668844581,0.3682467927956044,-0.008030873086778943,-0.008559406730306252,1.1894884810177284,1.391479441872549,1.197377302425751,-0.7492186321714069,0.19458792325904897,1.56190111961725,1.5619011196172494,-0.49683017412234415,-0.017788586308489812,1.5263542833297643,0.6458386774538086,-0.5809057869187306,-0.16817795545002281,-0.1015685895024736,-0.4678027021234849,1.764747468473614,1.2117687172761746,0.22084334760920105,-0.674047536051199,-0.8897291033980806,0.3742098857780414,0.8868938577135149,0.8868938577135136
wgsm_maize_0004.jpg,flowering,0.3565602765749134,1.2144170828285195,-0.23049736522757108,1.0407154774000775,1.996351333405383,1.803380857965772,-0.21720646232197066,-0.6459522347306996,0.09433108231128333,-0.004697936429227931,0.7724286344177116,0.9174153537505702,1.1504004992191335,2.0939441241944916,-0.4313276970241691,-0.2898111995695819,0.9088188306498742,0.16156106881676122,-0.05850074310430611,1.291199800160062,1.6255062645134164,1.417194026419301,-0.7895404203308789,0.13637051046001572,1.6675778637548333,1.6675778637548295,0.6442036831632448,-0.029501359460572557,-0.7764766166796896,-0.0008164837894485803,-0.35182167779812007,0.14400110475548833,0.30379451254560164,-0.19182686275661268,2.1576750822693165,1.1246571684898874,0.7434123585241732,-0.50149487200489,-1.114767200412191,0.6093179757703483,1.3411013477533442,1.3411013477533433
wgsm_maize_0005.jpg,flowering,0.23118908557610912,0.8324653400692372,-0.2034733049454665,1.0852678368104756,1.9242740135192442,2.021415276059343,-0.3190554995239819,-0.5302731222944149,0.03593859051480379,-0.2512300681049328,0.5232386414236905,0.9504425442497884,1.1704589775387717,2.0447563079110647,-0.39664126039411113,-0.24749043261571946,0.2838551377164071,-0.040219741782809584,-0.016637565002671665,1.3392749317714197,1.5952902066544736,1.3749520384870875,-0.7645086772707245,0.1619533589523764,1.7093850669180353,1.7093850669180304,0.6282955487709052,-0.1715792337908986,-0.7261553969782697,0.4302869570393896,-0.22368102315305857,0.23159325126810706,0.2352316139796088,-0.12669174795166036,2.1258900053397083,1.1638975090145864,0.8232423320675811,-0.4180048864625502,-1.160475099928649,0.7274005911127065,1.1745115678609928,1.1745115678609932
wgsm_maize_0006.jpg,flowering,0.2655219694060821,0.9212297090107611,-0.33084978545338295,1.011908334483616,1.902142262469904,1.8809514164643875,-0.32994608420791266,-0.49139631416814816,0.08584793185778944,-0.18299118792002853,0.4909065052224113,0.8874618214479685,1.1099047600995557,2.041382220858388,-0.4256622619542044,-0.21934365548567394,0.37887884075222655,-0.04113263024025343,-0.10004098832276871,1.2755932612454508,1.598474739797942,1.3682704667045937,-0.7811237544974342,0.1895942035302773,1.6380996140743496,1.638099614074353,0.6442036831632448,-0.02531476905703885,-0.7777035024360948,-0.4319199246182867,-0.2634307772470221,0.1284002771762388,0.1341915529349841,-0.23572464601172036,1.9987989768103147,1.0925423117944801,0.7275465688031953,-0.49587197460215865,-1.0445811122734827,0.6264436549874149,0.9796561449869062,0.9796561449869083
wgsm_maize_0007.jpg,flowering,0.2048765879160409,0.9666045811243167,-0.19351719268216047,0.9498210346819409,1.8235173752388887,1.8613173120117736,-0.31634865388821326,-0.5036836124350469,-0.02188835535833789,-0.26446734498535585,0.732355631236564,0.8921052732723669,0.9788928900833416,1.9218659135856087,-0.41416035155134295,-0.209542935345895,0.41775224353593043,-0.024173425612116627,-0.04299060433837989,1.1737923042265008,1.4109570325732965,1.2272373703998585,-0.7673318206986204,0.20905926702924815,1.4690168234542165,1.4690168234542147,0.6442036831632448,-0.03233275297047686,-0.7760857857848312,-0.21636820420386765,-0.5945043870035478,-0.20652998991566054,-0.08051857678481716,-0.4688974099353371,1.7057602791949456,1.1828452744648759,0.24322246153140675,-0.7211895062401693,-0.8468112589619117,0.3168071461801091,0.8624971030626132,0.8624971030626147
wgsm_maize_0008.jpg,flowering,0.2579236806673442,0.871931939066437,-0.36224612544850954,0.9575744316643883,1.726873334381207,1.8447088954178434,-0.3544762034617865,-0.42546981936310563,0.05898455809377141,-0.22326750227628067,0.4640524056054048,0.8008061725007181,1.0125763002972183,1.8045638724172,-0.41159379761315623,-0.1666160520796969,0.36525655186544465,-0.11511886831266505,-0.10499558998306645,1.1225778982838985,1.4063652678780494,1.2320693471654296,-0.7745063138916297,0.23998541157558265,1.414602570113198,1.4146025701132008,0.6442036831632448,-0.0348253472569738,-0.7758010994699664,-0.0008164837894485803,-0.7001550492006823,-0.2851841622943559,-0.2465129627867058,-0.5545035608218422,1.6268642975448648,1.0928634603614362,0.03262497902461668,-0.7566338416538102,-0.7432235482472832,0.21870448992432268,0.8144773714269763,0.8144773714269771
wgsm_maize_0009.jpg,flowering,0.05488148004530973,0.37058801973762795,-0.12018883273845934,0.7994040188563176,1.3636191322881732,2.373926512708112,-0.3921192795646222,-0.3335950188871969,-0.13287650283614474,-0.563692203348531,0.45166738065606454,0.7759540432229385,0.8290838709618922,1.671920490362241,-0.34185976133466817,-0.11848499795957022,-0.13826952284173935,-0.4724631367579765,0.02637459893693896,1.0536042803331365,1.2995720647599078,1.0150460431025494,-0.6981538645523724,0.2665197294958311,1.5231529801001364,1.5231529801001409,0.6442036831632448,-0.19928817027671417,-0.7234854566225234,0.4302869570393896,-0.49983720949019367,-0.20344232612394167,-0.18697149824253564,-0.563151752535442,1.649064572206552,1.1607060951304804,0.14234944056860915,-0.694079108048428,-0.8108804079845959,0.38245558317885797,1.0770610982572975,1.0770610982572988
wgsm_maize_0010.jpg,flowering,0.3095637055560206,0.8819522618329505,-0.36098181180849154,1.1048900109505593,2.0806578171215313,1.6695476659024628,-0.24326382172245103,-0.5571643444356068,0.1080455613533475,-0.20100015800494475,0.42213364069979065,0.8493987307174118,1.24476447905993,2.1711788529775964,-0.4569836538556889,-0.21482588125035068,0.27089730671166273,-0.1676780089578209,-0.07699106876266264,1.1815954762513292,1.6232845570737933,1.3691386740852742,-0.7860171747553896,0.2124246865431386,1.554485207747946,1.55448520774795,0.614219990163081,-0.014594193630649063,-0.7737585426287485,0.4302869570393896,-0.3900023626515959,0.05185871686556173,0.04397721271654639,-0.2669785540399788,2.013237779198495,1.0149447893042063,0.5984491429683332,-0.5614891791143853,-0.979208461936179,0.4703039747182503,0.1860333574997368,0.18603335749973865
wgsm_maize_0011.jpg,flowering,0.23020411514466557,0.9446734442802384,-0.23265723913130001,0.926620319789398,1.7406719675266538,1.9216358274245626,-0.35654059315742526,-0.45971232684055957,0.03692830547985469,-0.28950538578508583,0.6765633822842113,0.8944596795370576,0.9843805766393621,1.887018139084435,-0.4133333609344841,-0.1990061451480064,0.41243621955762905,0.022956815599151695,-0.06392227139231335,1.1015897740678777,1.4420619021280976,1.2640056987262898,-0.7730458213870213,0.20793520176463,1.5382629005338435,1.538262900533838,0.6282955487709052,-0.18433260455773248,-0.7234913978913439,0.4302869570393896,-0.715322718526048,-0.3939024294871951,-0.3072572852004522,-0.7077626544805572,1.2449752220937085,1.6470855997823997,-0.25596538558422827,-0.8365091074372532,-0.7965665560004519,0.3829841535250627,1.327901611095207,1.3279016110952069
wgsm_maize_0012.jpg,flowering,0.09202849960052013,0.4839776553459568,0.028891221720676447,0.885407689870036,1.506691484830644,2.318693793416848,-0.3735926772096113,-0.41269191069011096,-0.11152719222560174,-0.536858437744961,0.6192824155069897,0.9287950787555933,0.9381448577126013,1.7518439053927048,-0.3558616847765177,-0.17332046115703917,0.005595082821820081,-0.31329645201541356,0.06999705922388366,1.1100209958239053,1.3760011820031404,1.123727629546683,-0.717366208871629,0.22419548344532786,1.6392120008547453,1.6392120008547462,0.6442036831632448,-0.19732797476985736,-0.7232514085120654,0.6458386774538086,-0.5746295099565355,-0.28063392091706707,-0.13585003878547003,-0.686470587540114,1.3185244117331496,1.6283786957573252,-0.055054385222854094,-0.7828907643469247,-0.8546044439737098,0.5287638550085921,1.252890693810345,1.2528906938103472
wgsm_maize_0013.jpg,flowering,0.0883700543748681,0.45495671398818877,0.0006556086013047356,0.9374155476790405,1.5557170037151844,2.348305646931738,-0.37236034987666755,-0.42159058649437003,-0.1060131290721267,-0.5367558296763141,0.5712902821236386,0.8556118340810995,1.026957974903529,1.791225816972685,-0.3499015862832854,-0.179801590632569,-0.03178310926625551,-0.3054173875174841,0.057036062154149046,1.1579166568170758,1.3894799373568925,1.1541916536091508,-0.7108993415853924,0.21295762103207277,1.6438469457730602,1.6438469457730625,0.6297753752260068,-0.19171358763910695,-0.7220649463115625,0.8613903978682277,-0.4187686320617178,-0.17142812786235878,-0.08412715039354636,-0.5889321215044654,1.3916547282657672,1.7071604535882423,0.10811273643387279,-0.7223442083853708,-0.9592591729201776,0.6690464248915938,1.3905776020547065,1.3905776020547087
wgsm_maize_0014.jpg,flowering,0.11074270852183397,0.45703635711862434,0.10543306934289544,0.9728428031002408,1.6384001741498644,2.3029222870635646,-0.35404440606934257,-0.4619539179152571,-0.09456085292184153,-0.5139240016899829,0.5390176532389633,0.9703244181781991,1.1030924311938548,1.8651920635731845,-0.3554054397283796,-0.20700256540437548,-0.03610240130627453,-0.21956453889867533,0.07312061583594727,1.202852708962154,1.455170426541908,1.237316646260094,-0.7227489678841802,0.18873401457955177,1.7115171415804602,1.711517141580462,0.6282955487709052,-0.1883739952940916,-0.7232020910324226,0.6458386774538086,-0.34449935467555903,-0.08074831755800212,-0.08954001080671012,-0.5396155345807151,1.4473648514733968,1.7531047704481073,0.20915276570954194,-0.668776069736138,-1.0266631098173509,0.7445262703297727,1.4919424763225388,1.4919424763225375
wgsm_maize_0015.jpg,flowering,0.26158208768029184,1.0857605746403203,-0.272271331665074,1.0229421144797588,1.9527910946359066,1.8198606052045279,-0.2719648246178475,-0.5686965749224283,0.04145267286665675,-0.19268829135961818,0.7244960083509648,0.8954408005544264,1.095586124545686,2.0333159330385064,-0.42953109274579965,-0.2392270803410039,0.6019852822177253,0.007919415484908203,-0.07128233301672188,1.2291325857380133,1.5244896938183121,1.3874095759782552,-0.7815904892624965,0.1775938103187192,1.642827257891031,1.6428272578910352,-0.495567270019095,1.4304812939798242,0.1953348183806058,0.6458386774538086,-0.5882281100412916,-0.2567451536863425,-0.12562574689407116,-0.639452887021246,1.4064877641662512,1.661115777801204,-0.07876956564789515,-0.7773180713852893,-0.8999408630687132,0.48320109116566773,0.981522314652367,0.9815223146523653
wgsm_maize_0016.jpg,flowering,0.23231475515126948,0.9112568282315182,-0.04564869106029225,1.0869974367657196,2.034392212967269,1.829838633982801,-0.2964001635431828,-0.574878266039238,0.026465725096242485,-0.24845948304646956,0.5358024470502927,1.1110663346854275,1.2371320943068798,2.1228345011878913,-0.4255387214020605,-0.26302166136740723,0.37472570829799595,0.11419065423016728,-0.009385147672653757,1.2590899538347355,1.601881314965355,1.3820113698761791,-0.7761550312236969,0.15164464410359824,1.7086434757311049,1.7086434757311015,-0.495567270019095,-0.10907077707224212,1.7131058376977122,0.6458386774538086,-0.5610309098717183,-0.16980304165619078,-0.08893858187192202,-0.5479353139507551,1.4838807305506687,1.7592467367911029,0.01759423086789861,-0.6900125483196697,-1.0059787637971933,0.5624866430965206,1.265498718135531,1.2654987181355337
wgsm_maize_0017.jpg,flowering,0.3078751629805675,1.2106831314405668,-0.31567836511891434,0.9630019132140705,1.9405076165868935,1.7413244671100854,-0.33770850616070175,-0.5192913199530423,0.07750611988918098,-0.06908876323239287,0.8049987998853941,0.8013948451111317,1.0728153224742463,2.0413295329622536,-0.43998743125398654,-0.2483855580306258,0.6976735333661116,0.14503419713977264,-0.09777905408451527,1.1635673506132995,1.5624820495159615,1.3461491397116394,-0.788975811272498,0.17530063745795743,1.5134195957716747,1.5134195957716778,0.6127573709923415,-0.17598362369519416,-0.7249290096791666,0.6458386774538086,-0.4051700319769008,0.05380882031298198,0.09690295897804657,-0.29790404972468326,2.0086548146179446,1.0572159694295349,0.6306817473488453,-0.5446204869061918,-0.9998770002788284,0.5400752604173957,1.0349129736178666,1.0349129736178653
wgsm_maize_0018.jpg,flowering,0.22119883496869336,0.7875160082051681,-0.19741531186194902,1.0658843443543642,1.8967310614473543,1.9294250785848133,-0.32347914596343413,-0.5031777852356066,0.01600314471264673,-0.2764733250419685,0.43225609398099235,0.9251326058600705,1.1979609975369896,2.009960992228217,-0.4107668069962973,-0.2167601348795345,0.18467825711110206,-0.0536237333136271,-0.0225974707688604,1.2104766052337492,1.513454848828158,1.3314266848744518,-0.7670005790227697,0.19100446697219894,1.6248436716079686,1.6248436716079666,-0.49581985083974484,1.2930256090545555,0.2629384344329244,0.6458386774538086,-0.45694931691513274,-0.1961294381961672,-0.09555430015459201,-0.5637538418319572,1.3800494792472833,1.6850614178247152,0.01091389835381885,-0.7161690621305867,-0.9376579816045142,0.5720009093282286,1.0152499176305725,1.0152499176305696
wgsm_maize_0019.jpg,flowering,0.3192725578759862,1.0398186578217385,-0.089161131671053,1.0356458887988809,1.977736839508052,1.786321818912714,-0.2679835473988902,-0.5946973522944812,0.10239010211983661,-0.1233206666845852,0.6904371250584138,1.0263071408024445,1.174117709325625,2.0878811218166455,-0.43767749966634206,-0.27267787695590084,0.6883704914040745,0.1679507661297733,-0.05053022912633568,1.2674313428491923,1.6909005367664862,1.3588707644657763,-0.7904965265625344,0.14798664873714407,1.610846137954657,1.6108461379546521,-0.495567270019095,0.06954901349701975,1.3882494409123072,0.8613903978682277,-0.25244729256318077,0.18869097542518054,0.2394416165231261,-0.17015164808202363,2.131064320188715,1.0823859883645583,0.8225742988161733,-0.48301963768162803,-1.1076063225007409,0.6816263991312879,1.3177059524351287,1.3177059524351287
wgsm_maize_0020.jpg,flowering,0.23864667517113,1.065058411180846,-0.226072324711798,0.96848900039601,1.8901294150099572,1.8758659000588591,-0.33351661615954786,-0.5176085524959836,0.013034038214249952,-0.21829070440441262,0.8141091113294594,0.8828185117120629,1.0359150020062518,1.9631457348153611,-0.4122497066629866,-0.24033093455221127,0.48769094714528427,0.06576320540980442,-0.043170167501927155,1.1734335578550599,1.470426322587328,1.3047376324082558,-0.7647496011244314,0.1776225098573903,1.6968707156385845,1.6968707156385847,0.6282955487709052,-0.18036381365496065,-0.7249452523788017,0.4302869570393896,-0.4574723399953156,-0.21416789508466855,-0.08232286358918176,-0.6114283670379389,1.4077197438922056,1.6952378130400743,0.003398524275459982,-0.7468439756401295,-0.9390648649027897,0.5894437307530176,0.980930602319416,0.9809306023194158
wgsm_maize_0021.jpg,flowering,0.25736088409244384,0.8750041671513794,-0.11123345899858005,1.007614137411649,1.8510605624372678,1.888483049198293,-0.3094077682355577,-0.5229748333763514,0.05318772197861912,-0.3369134346597699,0.6653692798492767,1.043965329876146,1.0824030141841745,1.9396325012388642,-0.41058618418301546,-0.2288127176101765,0.45695778503009504,0.004844653516067691,-0.03706658000365324,1.1530732885052946,1.4970877772628917,1.2597022245453728,-0.7647269971348977,0.19103874697672274,1.5536509176626494,1.5536509176626443,-0.49581985083974484,-0.15325987578237246,1.802811206159297,0.6458386774538086,-0.4156304935805593,-0.03784604171507527,0.18471158345733157,-0.35619724070558734,1.959277067201719,0.9878679507528921,0.504423462832467,-0.6308717167088016,-0.9213444584155167,0.4872182257968227,0.9626330363312398,0.9626330363312403
wgsm_maize_0022.jpg,flowering,0.1048329623585493,0.5654632733309645,0.0023940827745563865,0.9536977331731644,1.5288773149725048,2.2161462753497356,-0.37111754224665044,-0.4240808934326926,-0.10163015776534395,-0.5094089679945264,0.6801956571440108,0.8959639703713558,1.0059530885488317,1.7256949025427923,-0.3664320638946915,-0.17760040498503868,0.010080489332334045,-0.2078899835502787,0.06583231707446728,1.1729851736070132,1.3744459224354042,1.130975594695042,-0.7300589868783998,0.21678781363055355,1.5927698527732284,1.5927698527732286,-0.49657759330169426,-0.19103598919229223,1.8776562134647947,1.0769421182826469,-0.687079472196109,-0.30988547262814553,-0.3078587141352406,-0.7017417615153932,1.3323718638528703,1.6623000131418466,-0.16377679688973443,-0.8174314198208428,-0.8478782771937499,0.44376974333871694,1.3855252890579712,1.3855252890579735
wgsm_maize_0023.jpg,flowering,0.25102896407259967,0.735146010175902,-0.2806472521633982,1.0024252079684666,1.8304978104503864,1.937664952204191,-0.3484095301875578,-0.4503230406302045,0.076516443320886,-0.24271309679223763,0.3000693868868088,0.8577046554373255,1.1521666890186975,1.9446937463567873,-0.3981622011335269,-0.19653050120341678,0.2097632114222741,-0.0671719749985976,-0.08413584179828963,1.191102937121659,1.4918295646957662,1.3009249340601376,-0.7658336766861203,0.20823933715360293,1.5847050486153602,1.5847050486153555,0.6282955487709052,-0.024830770166456916,-0.7756139142813251,0.4302869570393896,-0.33613098539263225,-0.012494696898818852,0.1257715478479495,-0.326256982051544,1.952920051815796,0.9476440927418981,0.6221643233933742,-0.5954273812951547,-0.9244743785622429,0.5390181197249861,0.9877580523150042,0.9877580523150055
wgsm_maize_0024.jpg,flowering,0.25482807022928056,0.8502844272631582,-0.19383307080712453,1.0162621371878469,1.8067427461195777,1.8447732300954307,-0.34528136745641624,-0.47113908920799574,0.06280196427882183,-0.3182375399961021,0.6656073091156723,0.8620210195597676,1.061524205934351,1.8884413995134086,-0.41558621026099163,-0.1986885361863272,0.3654226663359588,-0.07293707540681092,-0.05254083733811738,1.121501659169596,1.486497338120662,1.2324090519614606,-0.7700119145661278,0.21695961225787638,1.413119387739337,1.4131193877393324,0.6297753752260068,-0.030203157851916358,-0.7735051641481113,0.4302869570393896,-0.7221220185684263,-0.225868515769096,-0.23147723941700124,-0.503873324523877,1.7259401071060698,1.1978589699699775,0.1807613525246451,-0.7000032320977335,-0.8491428913944481,0.3097243035409547,0.801414183768751,0.8014141837687522
wgsm_maize_0025.jpg,flowering,0.25890865109878775,0.919244539101736,-0.2244920184982174,1.062603961340662,1.9966219639944556,1.8299673033379822,-0.31353650186134585,-0.531337248394482,0.07934417293764144,-0.1981781853097039,0.5143666179734848,0.929056663664058,1.232212033305624,2.130004407540107,-0.43112807432657213,-0.24628522451784668,0.395491370569149,0.031652636577702536,-0.06424536028171361,1.2502103478306503,1.660388101075585,1.3937137162128672,-0.7814022971470354,0.16779570809546437,1.6695245406205257,1.6695245406205286,0.614219990163081,-0.019046983424002833,-0.7740799566400461,0.4302869570393896,-0.2184507923512295,0.21436733748268988,0.11735154276091492,-0.1707537373785388,2.103591172299945,1.1256607577616191,0.8325947975873124,-0.43843809398855066,-1.124299229949948,0.6936778030247777,1.1269469995583952,1.1269469995583934
wgsm_maize_0026.jpg,flowering,0.2297820177134822,1.0967262457506437,-0.3258980524988116,0.8545727892595735,1.7308775384923574,1.8919593595160895,-0.3388671052902313,-0.46931254928968535,0.01515484502599309,-0.19386842348651265,0.7655811533692416,0.7545026598437242,0.8969552778919702,1.8368285655410925,-0.41539608750555274,-0.18825259812318984,0.895694975405164,-0.08004750160144423,-0.09479902319830467,1.0370113350457941,1.3532650441509457,1.2025868747685642,-0.7672715979131925,0.2244131216135837,1.413119387739337,1.4131193877393324,0.6282955487709052,-0.18614760039741474,-0.722932018832726,0.6458386774538086,-0.8146971037609876,-0.5123712139170791,-0.4720488133327643,-0.7744303602221002,1.1702186923228326,1.610715524574851,-0.31341624520543054,-0.8876172284727905,-0.7175597838118796,0.2374158801800027,0.8130663650945548,0.813066365094553
wgsm_maize_0027.jpg,flowering,0.21134920707961838,0.7818913601296066,-0.28301771148376953,1.0001588981679659,1.8302814940803176,1.9690792955555767,-0.33413801997455583,-0.4689127149266424,0.005116395287338003,-0.25800264651560634,0.4043300864827821,0.8806601875623526,1.0864399802856488,1.9602460679056668,-0.3991412734330993,-0.1997713168171388,0.10892509588137507,-0.13116528886117465,-0.06560963470846695,1.2009691443634196,1.4936808802954433,1.30247255103288,-0.7617457893402527,0.21227560838393036,1.6622940265479542,1.6622940265479502,0.6297753752260068,-0.1728860307954698,-0.7267230498830815,0.4302869570393896,-0.3052726236617784,0.12921282027932296,0.19012444387042507,-0.26796379107063995,1.9920477279120878,1.0239971645352237,0.6423723292485041,-0.5399514738842851,-0.9987546551757096,0.6105865446012396,0.7755153901188198,0.7755153901188219
wgsm_maize_0028.jpg,flowering,0.21261557579849574,0.7499873425062853,-0.30256141153126037,1.0178725258785626,1.9011140543326115,1.9124303742093498,-0.337276708768259,-0.4643161939026841,0.022789695792849923,-0.27067555115096475,0.37711868423870737,0.8875273242414524,1.092180097134254,2.041171240196053,-0.4107477658078859,-0.19927307716635292,0.16358032078366563,-0.1764698575353719,-0.07146189618026479,1.2593588674645952,1.5467074118145947,1.3529440557790504,-0.7711411653948866,0.20838243624225466,1.6299421110181151,1.6299421110181134,0.614219990163081,-0.02013598092781218,-0.7728172296751382,0.4302869570393896,-0.2958582082184248,0.1101993116671207,0.2346301850448207,-0.23430152585631472,2.01895416512692,1.0129376107607428,0.7263775106132312,-0.5374412518294938,-1.0122069887356284,0.6124893978475884,0.75694472613082,0.7569447261308182
wgsm_maize_0029.jpg,flowering,0.3561381791437464,1.2095486312773729,-0.11565849951435908,1.1004766026140713,2.155981763570607,1.6678095107435682,-0.08160080014205305,-0.7727107468725642,0.11568041212020426,-0.10603012028511734,0.7471225012147081,1.1340218668104545,1.2560553215169885,2.2167289136498756,-0.4489703287335448,-0.31298561523005236,0.9809172930674422,0.25241048391830384,-0.03085534821099277,1.2690457989531228,1.7461484539252345,1.3924679132549445,-0.7968052640580291,0.11999024876348452,1.6086213643938658,1.6086213643938652,-0.495567270019095,0.12242589229309578,1.3066524791821945,0.8613903978682277,-0.1504577919272658,0.23305582885365828,0.40724028932937906,-0.1348473211499299,2.16107534631295,1.1011129641750679,0.8755159339903714,-0.48502781532546224,-1.1352381427859806,0.6473750406971547,1.5289472552986267,1.528947255298628
wgsm_maize_0030.jpg,flowering,0.28733171234006716,0.8093054352171283,-0.20105019927093778,1.051331758815477,1.9786025752413,1.806084592720509,-0.2745347399093456,-0.5398733447435407,0.09715881192803877,-0.21480180713042601,0.36008924259243186,1.018720752191419,1.2242641792075568,2.1197240826936774,-0.4297782564582801,-0.23475948129709914,0.30810947455979176,-0.018504352802908932,-0.06718935373023373,1.2772077173493817,1.6997133525169914,1.3950349726744957,-0.7853923101995844,0.17533491746248125,1.66164513425939,1.6616451342593874,0.614219990163081,-0.01744978708508246,-0.7739498397332397,0.6458386774538086,-0.2493091540820831,0.13636319958648033,0.16907443115276863,-0.1875575022904082,2.044924297750027,1.091879942875139,0.8319267643359038,-0.48301963768162803,-1.0818951350328119,0.7307834413284284,1.0582173362694742,1.0582173362694722
wgsm_maize_0031.jpg,flowering,0.276356491301208,1.0437417610290751,-0.10549134404002619,1.0915899211539082,2.044511116556675,1.6523596777782414,-0.3144633445525782,-0.5580626599599238,0.09532079727633423,-0.19879394519153995,0.6297026640986616,1.1200261506322682,1.220605721503548,2.17144252153606,-0.4675159919011362,-0.25878536995594187,0.5400205243452753,0.20638529074030762,-0.045503864603109116,1.2237510004366037,1.5968454662222185,1.388579761403116,-0.8052219626034702,0.1644932681247689,1.4789356055794107,1.4789356055794098,0.6127573709923415,-0.014497393852532677,-0.7744703548307538,-0.0008164837894485803,-0.5238962711786693,-0.02744548999558226,0.16245871287009864,-0.2650628153692423,1.9768450980938177,1.0368832507842565,0.5794101953031668,-0.5804664578486042,-0.9625313621644821,0.39397841672614337,1.3854342563913633,1.3854342563913657
wgsm_maize_0032.jpg,flowering,0.2705874442816401,0.7591095535397024,-0.19599294471085343,1.0886674310886921,1.9102049849112084,1.9164856966254584,-0.3179074722225034,-0.5087324395232349,0.08712040058613954,-0.22065085718827634,0.29792582985187166,1.0297733894944858,1.2054670301023218,2.0441235950018752,-0.4163371600364938,-0.22481425660603485,0.3044546855170652,0.004988694914565226,-0.06008061813229286,1.2677002564790516,1.6155082592350867,1.3768395242852212,-0.7822605290853716,0.17902719283345922,1.6596057584953314,1.6596057584953328,0.6282955487709052,-0.020305380539515857,-0.7755031739586389,-0.0008164837894485803,-0.27493728501110765,0.06372184617062501,0.15403870778306405,-0.2571809191239407,2.044505424643203,1.0275900141280239,0.6495536867011593,-0.5691704586020464,-1.009582914269181,0.590395157376186,1.3237596247645502,1.323759624764548
wgsm_maize_0033.jpg,flowering,0.1827854084819013,0.5163544498294617,-0.4175584452041434,0.6649710307860475,1.2584795011225602,2.1128261817195715,-0.40547447314895346,-0.2492682726270006,0.004126718719043027,-0.40043200927695255,0.27500154167766494,0.5096429874305245,0.6856457703376678,1.4106400680585776,-0.35961647495812715,-0.031981462698304236,0.035331512998726944,-0.4614131783143785,-0.1613278773194981,0.7786071616210455,1.087244701159424,0.7724663092758388,-0.6983270091494765,0.36017509348311827,1.1694139839343316,1.1694139839343365,0.6442036831632448,-0.2075887512501943,-0.719674093731436,0.6458386774538086,-1.1039288671027567,-0.7881483431043543,-0.6891646587917184,-1.0573575941942053,1.0880210050071941,1.0103483504396764,-0.6694779682066165,-1.1270924124998203,-0.30311409488831087,-0.23903742988982538,0.1484368661906979,0.14843686619069837
wgsm_maize_0034.jpg,flowering,0.10370729278337257,0.5464624493631469,-0.07030229202203145,0.9042546020583481,1.5854786093392081,2.2112537629769835,-0.36706253682427775,-0.4145410134399316,-0.08226023868816337,-0.48770594023328945,0.6032056083812525,0.8454748150019096,0.9881020733958117,1.8199054423815593,-0.36574765501838796,-0.17811269368942173,0.06490187382041306,-0.25819111870721545,0.022497064245456385,1.1562125628365287,1.4530227331102725,1.2112692766341044,-0.7400340522217685,0.21820963660888437,1.5234310767952353,1.523431076795239,0.6457011265999548,-0.18818039573785883,-0.7262705818084053,0.4302869570393896,-0.34136121619446136,0.023582216878183824,0.1287786925218903,-0.3109858080762646,1.9643035444836083,1.009645837949466,0.5485136574254902,-0.5647524677856122,-0.9552993497042434,0.5055067597755519,1.4303588773623337,1.430358877362333
wgsm_maize_0035.jpg,flowering,0.23414399687043944,0.7006421305746906,-0.16875829901210646,0.9486281445719684,1.7191353216214895,1.9703024935777642,-0.3527067723452999,-0.43834532540030763,0.04512870217006583,-0.32229080951515293,0.3400826240238886,0.9947187383440401,1.0007805972549912,1.838726475190865,-0.38520589089044827,-0.18171376717752868,0.3483117931075323,-0.1204036219702273,-0.08686439065180039,1.108765286091416,1.3931087154482724,1.2044743605666979,-0.7466062848485067,0.22315751679672302,1.533535256717162,1.5335352567171665,0.6457011265999548,-0.18464720383661073,-0.7257281559022466,0.2147352366249705,-0.4930379094478157,-0.10577464513304408,-0.07510571637172367,-0.4514915557269521,1.752501589997633,1.2243737985291205,0.40104531717686964,-0.6106895313882854,-0.9247984359511721,0.48742965393531695,0.9660922776623377,0.9660922776623362
wgsm_maize_0036.jpg,flowering,0.178423429324944,0.7563207451189915,-0.07040758473035266,0.911351948353552,1.596138774106759,2.161042225413645,-0.3624703818528728,-0.451832651473347,-0.04337906204890016,-0.4056654109228979,0.7986276360971932,0.8584894101627274,0.9657728187742708,1.8185875577448545,-0.37813363829924634,-0.20462074906773847,0.3574487205990551,-0.14216712912745305,0.03434511291490969,1.1832099323552598,1.4353224440012147,1.2311256862810431,-0.754465865382749,0.1999945974609215,1.6356894427168258,1.6356894427168227,-0.49683017412234415,1.214714588558399,0.17250656025716218,1.0769421182826469,-0.24303287711988802,0.07282232892518391,0.23583304291439688,-0.277761425986678,2.011291251231486,0.9654678382078468,0.6462135204441193,-0.5713292495691675,-0.9764500222109084,0.6365922056345683,1.582019299930999,1.5820192999310014
wgsm_maize_0037.jpg,flowering,0.20065538432819305,0.9183938693559103,-0.19952253941152054,1.0169183174525551,1.8181061742163387,1.879792832835784,-0.3218782233789004,-0.50083807207969,-0.0052047698178604215,-0.31372245056568016,0.6600697652148093,0.9261135847889459,1.0589382343702676,1.900145213866621,-0.4017363685018544,-0.21407526038672967,0.3828658587359429,-0.009760518024849639,-0.05907531402640623,1.1630291336236818,1.4290273917222656,1.26460965481465,-0.7623932251735951,0.20096360549577494,1.5370578148550815,1.5370578148550784,0.6282955487709052,-0.03013055801832907,-0.7744097203270919,0.2147352366249705,-0.45799536307549843,-0.1880040071653089,-0.017368538631918097,-0.4093453049708039,1.7232051121144523,1.2152210643709305,0.3414233494885921,-0.6777626646922875,-0.8941552531005225,0.3853098630483631,0.997088900642308,0.9970889006423059
wgsm_maize_0038.jpg,flowering,0.2525768075043196,0.8952337591272331,-0.27680166488917424,0.8811730984303331,1.6788219445414387,1.8863588859738467,-0.34692444005668327,-0.43507004181223136,0.047956431786821276,-0.2349656023919755,0.5424116401048964,0.8599937009970255,0.9690527680808293,1.7565361061599025,-0.40471162647329567,-0.17410720815848152,0.4356937793474379,-0.019128845329879796,-0.12754285749022498,1.0761172227764608,1.4237691791551401,1.1734062163865184,-0.7672565176828382,0.2347102769259527,1.3982875640007288,1.3982875640007335,0.6282955487709052,-0.1807752127119553,-0.7256365024903061,0.2147352366249705,-0.6400073949795235,-0.27137092954189107,-0.27658440952618496,-0.5707599718277887,1.6265932620051555,1.0881064472134272,0.07487808217626817,-0.7541738240401206,-0.7468672179130423,0.27727008428391714,0.7365989251439672,0.7365989251439655
wgsm_maize_0039.jpg,flowering,0.19094649379553943,0.6558819505300053,-0.28375521823639627,1.0800194313125016,1.7839615757070517,2.049804211268042,-0.3477249242316948,-0.45096476953571835,-0.02033309446993261,-0.3404023319337565,0.3378795596723539,0.7882492443633456,1.1398033604217057,1.9309337295876023,-0.3794454150948118,-0.185676102043849,0.04845545847398545,-0.15725264741901598,-0.04528842000809976,1.161235401766508,1.395923017651808,1.2097592223838567,-0.7375120554330076,0.21996389591015544,1.5682046447061586,1.568204644706156,-0.49657759330169426,1.160797112147572,0.3321216755553739,0.6458386774538086,-0.4559032707547668,-0.07359793825084442,-0.12803146263322385,-0.4487000508067392,1.7540292448578152,1.191295496132854,0.32305243507483433,-0.6399085161060466,-0.9027309181490022,0.4463068810005116,0.912792651363446,0.912792651363444
wgsm_maize_0040.jpg,flowering,0.19080579465180617,0.6452943776818921,-0.25957589225649014,1.0459638828980586,1.8140478910126683,1.985945330575859,-0.33306372087649266,-0.45563684980938557,-0.020898640393270468,-0.33019213241594314,0.31674152590601656,0.8584894101627274,1.0810783718345018,1.9364693948485157,-0.38212605094708185,-0.18427621420327236,0.04097981103331166,-0.13207807294080184,-0.06894863591553962,1.193793827204836,1.469241454859538,1.2390530610214594,-0.7438207929285013,0.21359419274398597,1.5634770008894774,1.5634770008894736,0.6297753752260068,-0.026427966505377293,-0.7748584241845884,0.4302869570393896,-0.417199562821169,-0.012819714140052382,-0.06307713767595988,-0.40321494122445517,1.7903972863679707,1.2859339644571273,0.4483086697140812,-0.5939714525033793,-0.9871281083680474,0.5980065703615447,0.931863995017789,0.9318639950177897
wgsm_maize_0041.jpg,flowering,0.4063710597444197,1.1758956267985612,-0.22001433162828052,1.0390454830771043,2.0304418528221495,1.786836776049429,-0.15063067265093194,-0.6942854928448405,0.09503800511627912,0.04188913642632064,0.5751605862498409,1.0129654579396699,1.127314227802677,2.083610882374112,-0.43089995180250307,-0.27930351098271605,0.9265942519908674,0.14426555883647632,-0.06464021203404241,1.284203758754722,1.6377259772313693,1.3759713169045404,-0.7877938614174907,0.14323368624944666,1.6533949323047894,1.653394932304793,-0.495567270019095,1.3762008184010606,0.22138492802311036,0.6458386774538086,-0.4642716400376935,-0.15858994683361363,-0.005941388870942712,-0.4308563134736164,1.6178462059508847,1.599395037589721,0.16305847136229484,-0.6374484984923511,-1.0242603428360257,0.6038208441698082,1.3284022907615503,1.328402290761549
wgsm_maize_0042.jpg,flowering,0.21416334280483948,0.8355375681541796,-0.17228766481558155,1.0526438601899706,1.8987872425954435,1.9196400538393086,-0.31791799828506484,-0.515517555203692,0.015013429747595829,-0.24420099739011905,0.4891202508145419,0.9867399013260753,1.126178702610311,2.0108046857997413,-0.40990177530671196,-0.2274991310988397,0.23418366273615385,-0.03128374742892767,-0.043421493528398886,1.2647404527660047,1.52648935923399,1.3388255570302228,-0.7685288180719856,0.1855176732248696,1.6746229800306722,1.6746229800306753,0.6282955487709052,-0.026669965950668256,-0.774030737384649,-0.0008164837894485803,-0.2848747235345832,0.10564907028983188,0.19734159108788316,-0.2268027773451592,2.077251445759053,0.992263671763076,0.739571167328558,-0.52644647922951,-1.0275167244028212,0.6373322041192548,1.0198470672942685,1.0198470672942668
wgsm_maize_0043.jpg,flowering,0.3288407110522348,1.1971178037289216,-0.17687064439383965,1.1677527022814633,2.212799609433868,1.5767205581872858,-0.2131093526493541,-0.6720133545591173,0.10380394772984464,-0.10931380142180427,0.7613535466159783,1.0864102875226287,1.27466307938208,2.2308579747697874,-0.4580388083007132,-0.30556620967499626,0.745849887881304,0.23252066309765196,-0.03911306964690138,1.3308439048803467,1.7615526997866469,1.3972244365168094,-0.7944639683375463,0.12414689861434906,1.7745523924695448,1.774552392469545,-0.4953146891984452,0.013574541801219357,1.4846119775693833,0.6458386774538086,-0.3099798313834249,-0.05214680032939068,0.06382436756462664,-0.374369390382264,1.6875516188453488,1.6459214362271917,0.2834714649288343,-0.572634565037656,-1.1032117881533174,0.6812035428543243,1.5341361172952739,1.5341361172952748
wgsm_maize_0044.jpg,flowering,0.13705516796921405,0.635652358554152,-0.009563964329993568,0.9653875638565577,1.6454887675464027,2.1542185538492302,-0.36987468885114516,-0.4466778315487618,-0.04931727504569378,-0.46236001949264144,0.6907346616414209,0.9226473360968968,1.0422227444096215,1.845527337192354,-0.37653665671847275,-0.20399305742309284,0.17088985375382515,-0.1715695274072828,0.045151976047009615,1.205095019932329,1.4299902174261108,1.202133825687616,-0.7425560490105299,0.2025632061719851,1.662201327649588,1.6622013276495844,-0.49657759330169426,1.6707383432646952,-0.020249185348031908,1.0769421182826469,-0.27179914653000997,0.025532320325604072,0.16666871541361594,-0.3005313484731192,2.0131638604149376,0.9828098608233671,0.6014552925996882,-0.5833783154321612,-0.9681984145513578,0.5732694781591194,1.232772474490012,1.232772474490013
wgsm_maize_0045.jpg,flowering,0.20009254954060468,0.7088664352515739,-0.31525696538844344,0.9508945839499343,1.7584748047832572,2.0471004765133127,-0.3395832894337765,-0.44102505517991436,-0.0071841997479786725,-0.2904803017746804,0.3594344033823637,0.8188566678928743,1.0007805972549912,1.90346661302317,-0.38302908240529737,-0.17697221158847884,0.07270975020209605,-0.19789705934044977,-0.08639762003031931,1.1525352663806208,1.4111050605892625,1.2317296423693986,-0.7425786202880661,0.23044480799096023,1.6417148711106353,1.6417148711106309,0.6442036831632448,-0.17842781809263292,-0.7296657660887454,-0.0008164837894485803,-0.3533907470386689,-0.051009239985073,-0.07330142956735906,-0.4361656463610809,1.7442226862392236,1.2389459147546609,0.33992027467292407,-0.6056690872787028,-0.9380926927360044,0.5583637943961125,0.6026898725638311,0.6026898725638318
wgsm_maize_0046.jpg,flowering,0.3046388533987868,1.186861297908879,-0.16048778567070265,1.0518684686607414,2.001979085924491,1.7869011107270156,-0.2171854101968487,-0.649076399819358,0.09956237250308117,-0.14179134521095355,0.752898333109438,1.0449463088050217,1.2144240572050518,2.0663714027599873,-0.4320311057847877,-0.2855172066879852,1.0148068105832864,0.17635829555567908,-0.06553787184553843,1.247160711376043,1.6509085156531673,1.3784627587910299,-0.7854525329850114,0.1356884978118733,1.6729543998600789,1.6729543998600747,-0.495567270019095,0.01737393309228752,1.4759446291226628,0.6458386774538086,-0.5584157944708037,-0.11763777443808829,-0.07871428998045256,-0.4548304145530879,1.6637990497289603,1.5803268414268234,0.1231434845905912,-0.6815782022155731,-1.0169571958269983,0.5790837519673825,1.4438317120202944,1.4438317120202921
wgsm_maize_0047.jpg,flowering,0.14831186372089947,0.556530008740374,0.09036705616534126,0.9987274559514863,1.7438645149970702,2.2134425405950062,-0.33858271853912997,-0.49627198464241995,-0.05214500466244923,-0.46148787877659003,0.6188656055633244,1.0553450548811618,1.1895715959890238,1.9720025701550132,-0.3718693351364908,-0.24762038636149342,0.1418179265742108,-0.12227730830679553,0.1071569616916921,1.34053064150392,1.6034365745330998,1.3012269121043134,-0.7525310816419023,0.15824354497443277,1.7187476556530317,1.718747655653029,0.6127573709923415,-0.029864358628509006,-0.7729093892509207,0.6458386774538086,-0.26081566184610755,0.15245155302756142,0.26590448965387603,-0.20113187915732034,2.110490258765286,1.016931896062235,0.829421639643124,-0.5256934126130686,-1.0599145594569388,0.6427236216505543,1.4603541410096177,1.460354141009618
wgsm_maize_0048.jpg,flowering,0.10595863193370966,0.45807617868383926,-0.09010945273751435,0.8552885751565388,1.4392677884188412,2.3148314750335075,-0.38264005680815066,-0.37210190152009714,-0.08763290576160256,-0.5009945490155185,0.4919189057870107,0.7955741901543915,0.9452725189219049,1.7004947399788584,-0.352648763034754,-0.1456719236777795,-0.02978960027437798,-0.3276613458031832,-0.00579482043910936,1.09127518257806,1.3297141086108721,1.0391304734266993,-0.7062393214219647,0.24839039035917776,1.559954442751558,1.5599544427515613,0.6442036831632448,-0.20069176705940178,-0.7220497032644506,0.4302869570393896,-0.4553802476745839,-0.1600525244191645,-0.09976430269810901,-0.5305294597423768,1.7022368171787192,1.1514329302596822,0.329899775901785,-0.6835863798594073,-0.8491033722006758,0.45804114268627877,1.0826140909203759,1.0826140909203765
wgsm_maize_0049.jpg,flowering,0.07218862110401311,0.35361970497781947,-0.004664877729579852,0.8926243770072192,1.4118870736245,2.3273842894953463,-0.38888581044238296,-0.36375470329531073,-0.12170699964753676,-0.5730814825821682,0.4714357112307415,0.8080656154982722,1.0107470714452138,1.7190521042296945,-0.3514130270805441,-0.14365839324615443,-0.08029173783773148,-0.3635975871723503,0.0633549382412042,1.0742336581777159,1.3263815474514373,1.041093412728539,-0.7079106100315681,0.24570140302757704,1.5478108870655725,1.5478108870655687,0.6457011265999548,-0.1977151738823229,-0.7229524605410628,0.4302869570393896,-0.5610309098717183,-0.22993123128453483,-0.16471862765537298,-0.5537372653535501,1.6464281355930104,1.1265037727498715,0.1887777515415602,-0.7478982689031394,-0.7875561798204829,0.35338421413754273,1.1953125321808846,1.1953125321808842
wgsm_maize_0050.jpg,flowering,0.26383342683062894,1.109298783131208,-0.14579052586946148,1.0912320282054222,2.015398695169342,1.8098825764262554,-0.2466131232983507,-0.6250684976583776,0.08188911039432524,-0.19761381306464548,0.7314029967160324,1.1084503435122643,1.2245166095001407,2.1152428625888153,-0.43246839225270717,-0.28867824374735174,0.8285803080249073,0.2038388893216153,-0.049094191836653804,1.3286015939101714,1.675199913073107,1.3828418505050089,-0.7947876862542175,0.13556811919133618,1.5518896385936898,1.5518896385936882,-0.49581985083974484,0.07138820928123109,1.3825170994468587,0.4302869570393896,-0.542725102065316,0.013019156538073723,0.16907443115276863,-0.23665514765178938,2.067913039436322,1.0729121056394149,0.6417042959970962,-0.5860391508102397,-1.0179214641550296,0.44810402017760725,1.4489750576836373,1.448975057683635
wgsm_maize_0051.jpg,flowering,0.1266427435052388,0.7778265470901516,-0.06556114448409635,0.8308949701540304,1.547816518551429,2.0755537463995988,-0.3810391342236169,-0.41293328051556993,-0.08226023868816337,-0.4909383452031296,0.8293522985678655,0.8947214065340154,0.9085614526526317,1.743725158754505,-0.38876101707036437,-0.17350109184614582,0.22404995819103576,-0.12184487097782502,0.02544105769397679,1.03261635098207,1.3522282044391216,1.1540784733535896,-0.7552638745356584,0.23196428912171355,1.3685312176251463,1.3685312176251478,0.6442036831632448,-0.19701337549097908,-0.723368869154748,0.6458386774538086,-0.7461810802569019,-0.32077355020948917,-0.2495201074606466,-0.589588946191573,1.6127950890744729,1.1045251676989547,0.03579813696880476,-0.794638603563344,-0.7247443732395918,0.14925034643288784,1.3082385551079132,1.3082385551079116
wgsm_maize_0052.jpg,flowering,0.23034481428838255,0.9082790733679863,-0.2806472521633982,1.0227630384280575,1.9181052349484746,1.9440377215935036,-0.32868217868728544,-0.5065364988285699,0.014872052865937974,-0.19735732076049925,0.5137117787634167,0.8826222875085891,1.1112294024492362,2.041382220858388,-0.40482570838737897,-0.2319015023939004,0.2665780597869178,-0.061839103163710066,-0.06525066438760431,1.2165756832780201,1.5458926141267157,1.3431290312111401,-0.7620017607123175,0.1874839902285438,1.713649216242885,1.7136492162428822,0.6282955487709052,-0.0235481731064148,-0.7748602947790973,-0.0008164837894485803,-0.111754083993668,0.1987665099034594,0.2815416419583687,-0.18230290479353634,2.09302078625126,1.1097237601265242,0.9194391202705422,-0.4514410442323628,-1.1216830593222546,0.7424119889449545,0.7608136144616533,0.7608136144616543
wgsm_maize_0053.jpg,flowering,0.2759343938700409,0.8275498572839622,-0.0802057579311737,1.102564095517794,2.0223791303808394,1.8918306901609083,-0.3134522475953688,-0.554243244830541,0.08514100905279366,-0.22126650560018155,0.4426763425726574,1.0981824609345994,1.2971186861913315,2.1623744764562627,-0.42229725852972727,-0.27186955462214857,0.40728631004982246,0.07575612961962752,-0.03304536358009391,1.3334449622219633,1.735113608935072,1.4135323991079465,-0.7819142071791677,0.14341704441317868,1.8031963520647318,1.8031963520647374,-0.4953146891984452,0.014106940580859482,1.483067537298855,0.6458386774538086,-0.010287606437996994,0.3216230270899967,0.39100170809009827,-0.05400314924495371,2.198971042683288,1.170079618928451,1.036177930954318,-0.3724192539475527,-1.2318309562030014,0.8354403698771521,1.3546196987446089,1.3546196987446062
wgsm_maize_0054.jpg,flowering,0.2714317155693668,0.9070500999833822,-0.12903868487281903,1.141212128320426,1.9586351635250836,1.8337009523661414,-0.3077120195569972,-0.5529980913613797,0.09715881192803877,-0.2120312220719628,0.5204997524952896,1.0370983352855316,1.2793937491431924,2.0818712654905465,-0.4329531784314148,-0.2553353237940046,0.5051341395452877,0.11010697620487729,-0.03857453616249176,1.2801675210624288,1.6493532560854225,1.3769528685701338,-0.7927550282200524,0.16068021552855002,1.641900268907368,1.6419002689073634,0.6127573709923415,-0.020450580206690435,-0.7729493139644545,-0.0008164837894485803,-0.33613098539263225,0.10613659615168218,0.24786162161016068,-0.2234639185190233,2.058303597573883,1.0935258292807775,0.7125158206464964,-0.5271995458459456,-1.0591320794202572,0.6215808078023203,1.3528900780790598,1.352890078079061
wgsm_maize_0055.jpg,flowering,0.2874724879091929,1.038211586174924,-0.1289333921644978,1.044711387155822,1.9594468201658177,1.8265556074137692,-0.2791374209433109,-0.5823575823263958,0.07524397459253583,-0.1520015447287609,0.6426235136248685,1.036051853563172,1.2085578622515731,2.0489738594574645,-0.43144177893825236,-0.2658866647974046,0.7166117560006078,0.16804689810659576,-0.04184161850041214,1.2418689588162042,1.6409105103748376,1.343997402621181,-0.7911590099142338,0.15388041788701778,1.574786266490166,1.574786266490171,-0.495567270019095,0.18002176027234565,1.2221227445239724,1.0769421182826469,-0.4140614243400105,0.04665844100582427,0.14862584736990028,-0.24415389616294494,2.039725343306501,1.0544259912541203,0.5972800847783691,-0.5714798628924548,-1.006366051896157,0.4795010987422233,1.4231217803670102,1.4231217803670084
wgsm_maize_0056.jpg,flowering,0.26847680427503634,0.9077590598970947,-0.02700066572511152,1.0389260126576605,1.932174498683,1.8544936404473584,-0.2830976460371463,-0.5710137252468347,0.07015406128237933,-0.262107303671423,0.5518197468594324,1.2025616596605504,1.135577277162925,2.015338593800732,-0.41632766009433686,-0.25602824318749434,0.4395145926300916,0.13508928672944673,-0.038036002678082145,1.2343347004212357,1.5725540688022788,1.3365229129323526,-0.7784888031850004,0.16402849504017855,1.5884130045500122,1.5884130045500104,0.6127573709923415,-0.17307963035170257,-0.7232698121687977,0.2147352366249705,-0.3706505086847664,0.1466012426853569,0.2244058931534215,-0.2015150268914664,2.0712393846963995,1.1033208605728768,0.7318887849373661,-0.49943648991996015,-1.0723156824625284,0.5624866430965206,1.2975877331147956,1.297587733114795
wgsm_maize_0057.jpg,flowering,0.2138819445173893,0.7296158353217506,-0.13857339740564825,0.8926839826394831,1.5966257210659005,2.123061549208207,-0.3621965211643318,-0.43315272585086795,-0.0050633929362190145,-0.33568202636602884,0.6020744519109152,0.8338988657934128,0.9584556292834087,1.799608232169348,-0.3796545377345658,-0.1852937670852399,0.3831980876769521,-0.1426475802559264,-0.052648637638732045,1.1143261471460686,1.419844184131815,1.1768037564348997,-0.7417655636167999,0.2172350481081782,1.538448298330576,1.538448298330581,0.6442036831632448,-0.19294778481009087,-0.7247284027053046,0.4302869570393896,-0.5223272019381208,-0.1607025589016319,-0.16050862511185568,-0.46818584985763095,1.7484360569019852,1.2170275250600477,0.25524706005678904,-0.6560743461389001,-0.8930487156749117,0.39566984183399834,1.128175940557601,1.1281759405576022
wgsm_maize_0058.jpg,flowering,0.10933560244653542,0.6339033716986558,0.2205880420782635,0.9556062796026444,1.67600795071864,2.1165598307477236,-0.3733398686461922,-0.4740071923948629,-0.0922986692284405,-0.502636389583859,0.7840990541129159,1.1106085255734892,1.1030293921414214,1.9035722178932422,-0.3861184222908209,-0.23582018484368658,0.38485941284309455,-0.04877141698504081,0.10040719641462202,1.147960811698699,1.4716855261231407,1.2685734241995363,-0.7553391775514396,0.17176899978259688,1.6084359665971333,1.6084359665971333,-0.4953146891984452,-0.17165183362448588,1.5955180912905524,0.8613903978682277,-0.3450223777557419,0.05007112203877699,0.26470163178429984,-0.2643512552915428,2.0018789261251984,1.0442696678241985,0.653394877896755,-0.5530046285691929,-0.9990154818546031,0.5250638625851597,1.7220730575071643,1.722073057507162
wgsm_maize_0059.jpg,flowering,0.2704467451379233,0.9365910548120361,-0.2368188189790868,1.0339162888436442,1.9258975619272019,1.7914073353182418,-0.2981274904094268,-0.5259861843074584,0.07595089739753162,-0.15128323251324335,0.5099604892704158,0.9098943258445436,1.1408128075092059,2.0298364701935663,-0.4304151243197002,-0.2264309012735395,0.3675823349136055,0.028962193760512907,-0.06600464246701951,1.2418689588162042,1.6305421132565534,1.34958424248252,-0.7902556354208239,0.1856496113818159,1.621599210165148,1.621599210165153,0.6127573709923415,-0.02395957216340944,-0.7725114310823613,0.2147352366249705,-0.34031517003409567,0.17422770819026775,0.1257715478479495,-0.20906851079322072,2.042879211404942,1.0873637911523477,0.7118477873950886,-0.4581182348981037,-1.0661743997503912,0.6195722404867428,1.1230325948942579,1.1230325948942592
wgsm_maize_0060.jpg,flowering,0.2894423523466873,0.9129583730997379,-0.08315578494169291,1.1305958469050261,2.0922377967148447,1.7886392658859176,-0.21781734007441705,-0.6379062240707251,0.10691446950665519,-0.19356054354560065,0.5468775348520332,1.102041015945103,1.3053817355515789,2.1725496545882446,-0.43323834191252547,-0.28396528801741044,0.48303947127954966,0.14527447489292036,-0.04338545609070868,1.3333553243453362,1.7751796440563785,1.4190815122174343,-0.7898867422370837,0.1362903909145589,1.7449814438906948,1.744981443890692,-0.4953146891984452,0.17946516154817643,1.2249070127432604,0.6458386774538086,-0.12012245327659477,0.25418194953389756,0.37295884004638263,-0.12176556279834194,2.216218758846642,1.1203015910505727,0.9047423887395284,-0.422322468396793,-1.1815546378865243,0.7395577090754369,1.4384607846904316,1.4384607846904298
wgsm_maize_0061.jpg,flowering,0.19150932858311143,0.8577995666497608,-0.05945050504642146,0.9214911255559447,1.6538221205767856,2.0453623213544105,-0.3605745464546773,-0.46743301295317635,-0.002094286437822237,-0.3637985321651461,0.7397987029059685,0.9837314617459644,0.9896161069856354,1.8368285655410925,-0.3898922123567453,-0.21560560372499443,0.5239063379398569,0.027905263904560437,-0.03861041759395385,1.1119941982992665,1.4023662588467365,1.204398743033636,-0.7516201506773167,0.19459948279545816,1.4955287083869786,1.4955287083869757,0.6442036831632448,-0.03947173660656035,-0.7756356906118684,-0.0008164837894485803,-0.5343567327823889,-0.12023791236795718,-0.017969967566706196,-0.48356649461409473,1.7646981892845761,1.2082762266105491,0.29800118814697685,-0.6849921042100872,-0.9008735160417273,0.49123536042799054,1.4141550627061377,1.4141550627061386
wgsm_maize_0062.jpg,flowering,0.1848960484885215,0.6918980178034839,-0.10201462459071489,0.9888865660653159,1.6735189017039234,2.178101264466703,-0.3717284199990981,-0.45333491627832334,0.001298989102287584,-0.39006798125861114,0.5784355584825793,0.8850420544782787,1.079438260139804,1.9026231485294485,-0.37321915300478387,-0.21357752248785797,0.2551154394778019,-0.0867735042666044,-0.015201371706761672,1.1600693299106348,1.4612431149968779,1.2708760682974067,-0.7466589838747552,0.19231747086640183,1.7037304341176909,1.7037304341176873,0.6282955487709052,-0.18939039296431368,-0.7225700044504677,0.4302869570393896,-0.052652475932875045,0.16333963060892379,0.30439594148038973,-0.2618334273242912,2.0703769988882303,1.008903181888384,0.7699666802676981,-0.5310652878103211,-1.0423680374222624,0.7326862945747652,1.3553934764107753,1.3553934764107767
wgsm_maize_0063.jpg,flowering,0.16139772476637881,0.6293659871755857,-0.20247233752484775,0.927097424002405,1.6378048338791993,2.077677909624037,-0.3597108601388107,-0.41173325270942923,-0.04210655492377769,-0.42901022351751594,0.5455675977044334,0.811793449098786,0.9368202153629283,1.7512114215613246,-0.36801954553330707,-0.16071946358419278,0.003767688300456822,-0.2797624662886131,-0.03993881058924511,1.0576405180254298,1.3200124811645007,1.0567595284501132,-0.7103874315532592,0.2503511268969993,1.5438248344358214,1.543824834435826,0.6442036831632448,-0.19260898558668352,-0.7233430579122462,-0.21636820420386765,-0.39627863961379095,-0.0826984210054033,-0.06367856661074828,-0.43030895956769344,1.7379888688258986,1.1642788729378433,0.42108631471914776,-0.6443265069224808,-0.9012212849469196,0.5315124208088686,0.3878982957026272,0.3878982957026286
wgsm_maize_0064.jpg,flowering,0.1688552761486953,0.6189675661468563,0.12234284940201695,0.9286480774834056,1.5766583093496838,2.175783817493507,-0.3400151325917099,-0.4742936878833425,-0.03828914873874372,-0.4334740367810911,0.5408636736908938,1.0705833348966884,1.0682104567351784,1.7960760814282735,-0.36764879996458627,-0.20973059056180027,0.17155435675111766,0.01930557490283204,-0.0004452110202547056,1.1310987579165424,1.3631148605132963,1.145320453954983,-0.7309172188167359,0.1967148779583406,1.5491086716427007,1.549108671642705,0.6442036831632448,-0.191229588748525,-0.7252563164377527,0.8613903978682277,-0.4695018708395229,-0.13681379167090732,0.023528628933748325,-0.48586538101897725,1.7547684326933888,1.2123708708392142,0.2582532096881248,-0.6701817940868237,-0.8932700231600339,0.39936983425744277,1.4960844626531957,1.4960844626531964
wgsm_maize_0065.jpg,flowering,0.1805340693315642,0.7779210203115621,-0.16796814590531614,0.9807155409246674,1.7424034389931569,1.9441666706646745,-0.3523170792030998,-0.45244394679217254,-0.030371505811831772,-0.3602069710875412,0.6592956526440763,0.8795484872234873,0.9936530730871096,1.8262318842400653,-0.39065266207440563,-0.19184664708449822,0.12022160171999613,-0.16148047122063142,-0.02963459951009242,1.1343276701244038,1.3706687945280234,1.1496239281359044,-0.73619457977679,0.22729702664532567,1.5974974965899098,1.5974974965899111,0.6442036831632448,-0.1876963968472769,-0.7249341501916047,0.4302869570393896,-0.337177031552998,-0.02809552447804932,-0.1015685895024736,-0.39046159521642776,1.7576512652521203,1.2823210430788945,0.4339459548087902,-0.5946241102376235,-0.9707197391139981,0.5244295781697143,0.5895811685723018,0.5895811685723031
wgsm_maize_0066.jpg,flowering,0.37386741763361686,1.1070772247920913,-0.21032145113577472,1.0270572355000243,1.974868766592733,1.8331216605518397,-0.200765256022231,-0.6431743828698737,0.0883928693144897,0.023161965595812073,0.6286902635340622,0.9045314799997419,1.1618174197810662,2.0694820503320104,-0.4287801429702975,-0.2744751523125121,0.7255825690216551,0.08752671256703015,-0.03975924742570191,1.284472867249536,1.678310432208588,1.377707895695262,-0.7848427486595606,0.14729865701844516,1.6436615479763277,1.64366154797633,0.6282955487709052,-0.025653568280446203,-0.7754654311061118,0.6458386774538086,-0.2744142619309248,0.2098170961054198,0.3218373805893173,-0.1620508102743525,2.13946642191972,1.1108678518962958,0.8150589247378337,-0.48507801976655784,-1.1204263489603115,0.6366979197038094,1.1799735278574632,1.179973527857463
wgsm_maize_0067.jpg,flowering,0.11637105639768491,0.5816752888780709,-0.147897524521841,0.8418094093081872,1.492405904726056,2.2900475194977865,-0.3811339145521541,-0.38799662924358413,-0.06882855180615433,-0.46461761994281786,0.5837945804336437,0.7975361480121425,0.9225646188614917,1.7519495102627773,-0.36095675158016577,-0.16123927856728862,0.052608590928216105,-0.28125172909571383,-0.007159094865862705,1.0683138558866887,1.3641517002251204,1.0937921080688693,-0.7176447515212301,0.2394118194068644,1.6027813337967889,1.6027813337967898,0.6442036831632448,-0.19633577704416438,-0.7236460804674187,0.6458386774538086,-0.425567932104096,-0.07961075721368444,-0.01857139650149429,-0.4618912799395053,1.7196570105037041,1.169336962867371,0.3564540976453105,-0.6650107366539539,-0.8867572600264421,0.5315124208088686,0.9773803283217102,0.9773803283217121
wgsm_maize_0068.jpg,flowering,0.2529989049354866,0.8826612217466631,-0.2847034248542648,0.9573358795578812,1.8111798180973553,1.9422998461505911,-0.34161605517624366,-0.4704144550146069,0.06817463135226108,-0.23896759574417978,0.5192493226642868,0.8529303401144521,1.0439256210739227,1.922129582144078,-0.4023447365368023,-0.20402215903411558,0.28152935466826556,-0.03325356574232399,-0.09612741619359592,1.15666114194953,1.5328584255209183,1.281445955961085,-0.7643807079406902,0.20450680270754468,1.5906377781108034,1.590637778110808,0.614219990163081,-0.024782370277398724,-0.7732448181467368,0.6458386774538086,-0.2744142619309248,0.08387291512714462,0.0445786416513348,-0.2606292487312609,1.9859371084713582,1.0594840811836481,0.708507621138029,-0.5151002755418563,-1.0134874106138347,0.5874351634374277,0.9596744746664848,0.9596744746664863
wgsm_maize_0069.jpg,flowering,0.2756529191572147,0.8613918082055948,-0.16454407281016184,1.0500792630732472,1.969457565570183,1.8687848897840815,-0.31430536208318577,-0.5302127798380502,0.09178614485458307,-0.18376088777231764,0.43398284107225743,0.9873284318480032,1.1975824891395315,2.109707197327896,-0.423732617181533,-0.24450952449354538,0.34415866065330175,0.09795207410582941,-0.08467437528269954,1.2284150929951523,1.6456503030860419,1.3839743091780188,-0.7798665016266447,0.1677610294862368,1.6611816397675587,1.661181639767557,0.614219990163081,-0.16613424627185186,-0.7249024295423189,0.6458386774538086,-0.21269753846921727,0.26718263918325913,0.2634987739147233,-0.12942851748128106,2.112461426326814,1.139169069359124,0.9039073471752682,-0.41705100208173174,-1.1512197047472947,0.7133406199036393,1.2397364734855119,1.2397364734855092
wgsm_maize_0070.jpg,flowering,0.2074094017792207,0.8777929755720905,-0.20342065859130912,0.9804769888181672,1.7856930471735546,1.9249831886711883,-0.3306938923046307,-0.4840072492070316,-0.0071841997479786725,-0.3064881637135665,0.6377410676615299,0.9155187565978177,1.0273362092181497,1.8604998628059872,-0.40005384613756817,-0.2033508149729358,0.25162676490557023,-0.06140677021256182,-0.049704488183987885,1.1574682725690288,1.4287313356903328,1.2253121578498742,-0.7569577671347945,0.21236728746579636,1.5228748834050374,1.5228748834050423,0.6282955487709052,-0.03165515452366215,-0.7734624101618031,0.2147352366249705,-0.37901887796769346,-0.048084084813970904,-0.009549962479671605,-0.3943478079484862,1.785370809086081,1.2291709552479986,0.4139049572665121,-0.60581970060199,-0.9540268316647921,0.5112153195145619,0.7983645894373882,0.7983645894373906
wgsm_maize_0071.jpg,flowering,0.12945691744316426,0.5884814683509663,0.13988461460826368,0.9150498299479908,1.6628046578438584,2.1616858519055415,-0.37363478145985507,-0.4543764795468801,-0.07109073549955539,-0.4785732090387582,0.5910588714257791,1.1422622887368843,1.0522519835694404,1.8726780973021886,-0.37622295210679363,-0.2178569645639433,0.22238872325546102,-0.07192815935036145,0.04658816934291525,1.1876049164189837,1.4556888463978286,1.2521143905716272,-0.7512061149385029,0.18679041804399218,1.5530020253740853,1.5530020253740817,0.6442036831632448,-0.19067299002435578,-0.725184400134413,0.2147352366249705,-0.23257241551616847,0.06193425134384028,0.24244876119706688,-0.26911323427307765,2.0240792007868884,1.0531815405571734,0.691138756601383,-0.5492894999281046,-1.0163802155979296,0.5660809214507243,1.5181598843055975,1.5181598843056
wgsr_rice_0001.jpg,flowering,-0.42605983569770955,-0.4933288741528604,2.1507258455959364,1.6596795402549729,-0.19161497889687104,-0.36852925652482227,-0.5069970193496197,0.01670238521638929,-0.38214033819769433,-0.24584283795846545,1.9674680202164125,2.0544036072884433,0.04042640521769405,-0.40930695818887014,-0.39040553966602143,-0.06327472608220497,-0.5162047820152198,-0.23762868718226196,2.37010555241199,0.39983588341464316,-0.26700014185211735,-0.5340143879755039,-0.05821457400829971,-0.21175768385337232,0.3201993760006475,0.32019937600064574,-0.4196091170515081,2.073667419674153,-0.376890281553691,-0.21636820420386765,1.2590894091686538,1.0090344923004275,1.821199715019337,0.5657656784327649,0.2134385975525981,-0.011405887110089684,1.0181410331662641,0.46785247667307445,-0.4309665905788224,0.9552144103273653,1.3120164107721386,1.3120164107721397
wgsr_rice_0002.jpg,flowering,-0.42859258627110725,-0.48449023681609993,2.3353634765521885,1.1280312497882958,-0.023001835119702767,-0.20984770431920582,-0.48324628638014605,-0.002890548006739038,-0.3759193450398215,-0.06200830488080733,1.827778992863698,1.4639020338381319,0.3326642149172901,-0.2553644941228766,-0.37622295210679363,-0.07263490804132933,-0.5148757788403371,-0.06361676190127813,2.05724443104066,0.6516923996821091,-0.10310730372552211,-0.44953049412575713,-0.06888221774008375,-0.21610367093852537,0.8392205079535672,0.839220507953567,-0.5169487106149231,2.1966999376600804,-0.2785659557043035,-0.21636820420386765,1.6775078733158502,1.1926692335977946,2.062974146804677,0.7767158737758693,0.2954638077066005,0.042286138927542204,1.1220202037604172,0.6078726628892998,-0.5779463760548815,1.2718280477045962,1.498269246651784,1.4982692466517853
wgsr_rice_0003.jpg,flowering,-0.42423062622049934,-0.5048615899682097,2.5840057981303453,1.222742526210476,-0.5498367099598382,-0.6140512250508534,-0.535961311105506,0.11116561471183983,-0.377615980410073,-0.2094658531507994,1.952879930915545,1.7108546696960432,-0.07229303923703134,-0.6080085917906544,-0.43901781759247593,0.04806352192357023,-0.5173676622604624,-0.11103519028737488,2.4638849496741724,-0.3803095456155335,-0.5916752185198156,-0.634617446627773,-0.132790336685456,-0.094721363757324,-0.20911133367093152,-0.2091113336709354,-0.3678868607830899,1.2196271772978058,-0.4862043333211878,-0.0008164837894485803,0.5875277742123711,0.43050380290347173,0.7061504699197361,0.3131071154582569,-0.05520690148888792,-0.11039993287367822,0.4743619665190498,0.309357056133593,-0.12225055267231381,0.37410417170880067,1.8545711037548789,1.854571103754877
wgsr_rice_0004.jpg,flowering,-0.4375979240646521,-0.727481626268151,1.5368112161990004,-0.2559602834090774,-0.4919368119932532,-0.6113475602251228,-0.6807933874784761,0.5799803255689014,-0.39387539090934126,-0.518182543081299,1.7389995097725275,-0.3199626800042671,-0.4912535281209236,-0.6490774896275191,-0.6750260990822027,0.5750906870339048,-0.5387978373978669,-0.596654378010497,1.0269992981457592,-0.17661789626852953,-0.5287990315383357,-0.669120734586173,-0.6754032271392693,0.5940249136458101,-0.17286606440970778,-0.17286606440971136,-0.5151539668732751,0.6237277432133315,-0.05679391727079852,1.939148999940323,-0.2660458926479369,-0.20539242957134285,-0.17855149315550106,-0.2948936032421013,-0.3384883196747034,-0.5799191377605096,-0.16511286339255019,-0.2276798502683251,0.4361477514843948,0.045333416368850354,-0.4570669157513653,-0.4570669157513636
wgsr_rice_0005.jpg,flowering,-0.43492446449582156,-0.6691088305569691,1.7132840843165538,-0.1843899218809859,-0.6304095613722845,-0.678940089945458,-0.6828367021662476,0.5648779205333342,-0.3976928174926556,-0.1387128802115723,1.4461044974650228,-0.08746378256920488,-0.6672396508080736,-0.6908844188963887,-0.671851177109068,0.5552002376517762,-0.540459091366456,-0.3177644491923544,1.0313796408964089,-0.4614812222223704,-0.5682725523457319,-0.668592232001519,-0.6642537357000714,0.572794031309159,-0.131985850230169,-0.13198585023017115,-0.4719509632883363,0.4118572288610909,-0.3849072476111258,-0.21636820420386765,0.007495178288283624,-0.038983602059412016,-0.008948533544883506,-0.15876668683880923,-0.3894430011401526,-0.5943507514880081,-0.08411383165915916,-0.15699199720542,0.4004065926371829,0.1616188925341129,-0.2821476468643963,-0.28214764686439747
wgsr_rice_0006.jpg,flowering,-0.42957754476108706,-0.6424984453252824,2.461581050577001,2.6353024558516207,-0.1562257383169809,-0.29655924149744145,-0.48528957818517354,-0.15621600717646147,-0.377615980410073,-0.27980828234549615,1.878748044441853,2.872956637420168,0.5319890393134733,-0.32569298511222927,-0.3908998257868861,-0.20561672661739605,-0.5069017597911176,-0.29614508781145416,3.1366767662239172,0.4109576055239491,-0.2040498604126391,-0.47984352916613277,-0.21416417561270285,-0.22255389225485545,0.5609384150579314,0.5609384150579366,-0.5298525614140075,2.0461520827445705,-0.3741320944411554,0.4302869570393896,1.4730058489638982,1.2048573801440727,2.0088455426736704,0.3909955762712437,0.552405499351524,-0.20347280193405173,1.0076195094565696,0.3473116136020251,-0.4404907162778243,1.0342885341197483,2.944596253717183,2.944596253717181
wgsr_rice_0007.jpg,flowering,-0.4364722568777761,-0.7285686844440685,2.199295082972392,1.8241719078290108,-0.3291137167943718,-0.5846323755687322,-0.6301532556285712,0.15981632661816045,-0.39203737025814056,-0.5049965423677228,1.6967234422398523,2.1389010741744765,0.23016340086252735,-0.5927725121574595,-0.5958433583777172,0.15655784007974388,-0.5248433040617319,-0.44531884834418817,2.646884306303003,-0.07490657712619615,-0.46977390602220465,-0.6460933914460029,-0.4747126102176869,0.149391331713213,0.11014367230260934,0.11014367230261178,-0.4988544990490085,1.4596664270819146,-0.4682814653627665,-0.21636820420386765,0.5404556969957854,0.5167958804511563,0.7296061983765453,-0.023515536684987407,0.11300761029284385,-0.3547538487548463,0.38250739445025955,0.03463835445729924,4.55443738831425e-05,0.539652404140432,2.3022697581322475,2.302269758132249
wgsr_rice_0008.jpg,flowering,-0.43042179574831746,-0.6431128806734412,2.2011390787511624,1.3264599545122562,-0.23279426805503528,-0.5009463164621751,-0.58672784723712,0.15420080515715565,-0.3834128141254301,-0.39791791652263575,2.040230462225907,1.1133553802451275,0.47856248308356103,-0.4996163029358418,-0.5225351547309016,0.11575938843351928,-0.5185305396860221,-0.35389285013734995,2.3607348825758,0.06259198222984937,-0.43111510245266815,-0.5952067284001,-0.3786359065270414,0.09127715753245497,0.0893791190685579,0.08937911906856023,-0.4209393521640195,1.322985140381577,-0.4237423050324316,0.2147352366249705,0.27894415690377244,0.5492976045745895,0.7025418963110069,0.18841989568877807,0.1587633373147674,-0.2207947527641352,0.41624307364644036,0.214119231374834,-0.1154690590210744,0.4106812396662463,1.5809269079317048,1.580926907931704
wgsr_rice_0009.jpg,flowering,-0.4283111700714616,-0.6080892443220501,2.028301098042591,1.7098980628990115,-0.01412745603766444,-0.3011298007662545,-0.5484528412567147,0.043382671118810445,-0.3853922200575635,-0.2804753183941728,1.7660916386559435,1.4210649119616723,0.8029698064486247,-0.3135147506160277,-0.47800083023579626,0.002205905726616553,-0.5122177724905908,-0.32823792890847897,2.4647467280542066,0.5002912979595329,-0.2695181466736965,-0.5004171571716599,-0.3410393547901495,-0.012130867741857773,0.4408006427752052,0.4408006427752011,-0.4028155743452412,1.496329343043496,-0.38745196470076315,-0.4319199246182867,0.5022750121423708,0.8814652251159841,0.8637248508345902,0.28535627242791134,0.43773282645974493,-0.10704794470609516,0.6248364563990058,0.34866713351161527,-0.3393927147708189,0.7175691826732756,1.9645385650171523,1.9645385650171499
wgsr_rice_0010.jpg,flowering,-0.43816075765809015,-0.7480420285513633,3.284471033766964,1.1585081278728147,-0.47137423635123676,-0.5925503660131629,-0.6441193269653487,0.12255459745442152,-0.39118905377292057,-0.5969393912550037,2.7379617699177623,2.2693749660155467,-0.4204175727085933,-0.6214521948357938,-0.6027160089233708,0.11242524696375882,-0.5349769536225751,-0.25314653842497314,2.6473148834805746,0.02483144210829903,-0.4711810571239725,-0.6463576427383321,-0.500060547435334,0.13981644812406674,0.3226095473581714,0.3226095473581751,-0.43744233912400693,1.7779924974176513,-0.2653834956260496,-0.4319199246182867,0.7208986596592615,0.7508082941398224,0.8474862695952391,0.15815122469118087,0.2498559182517914,-0.23709304253705502,0.5897647107000099,0.1839463622762541,-0.1879393565597916,0.8412546436854151,2.1337227759078274,2.1337227759078288
wgsr_rice_0011.jpg,flowering,-0.43337667181533035,-0.7055032014692264,1.601184431300027,1.1325638693893054,0.22277506110293696,-0.02245533372994285,-0.5334967250878496,0.11702985203646978,-0.392461528500767,-0.3563076415389552,1.544351335899863,0.7070871626708868,0.9313955678593406,-0.14987187217775227,-0.47516811270081394,0.07965231718492602,-0.5226836749599549,-0.3611474221083086,1.8699726879680136,0.8623799930019759,0.0015382059609837986,-0.404042037181926,-0.2202471021968405,-0.06362302197896288,1.1213032556822213,1.121303255682218,-0.5814366756804716,1.7697645162777584,-0.20730657266336203,-0.0008164837894485803,1.852720605177497,0.9064915526910264,2.4659315331136,0.4011763589214278,0.2207811967192819,-0.40194261631165845,0.9870774869757352,0.12304837522703016,-0.2207007681966097,1.0652627564074002,1.078517620923023,1.0785176209230214
wgsr_rice_0012.jpg,flowering,-0.43126604613847447,-0.6795072515856985,1.6345825916878047,1.6519261432725252,0.2767247164876381,-0.1631121973576747,-0.56574716204427,0.07433415349783215,-0.39189598377730195,-0.38837475305349917,1.5870442133762102,0.8289284683555583,1.3163573827464572,-0.20375166015056057,-0.5033335825134788,0.05022858143327924,-0.5339802005364954,-0.41927950358584964,2.103344270160868,1.1132499080317664,-0.06459660862196268,-0.4682166363331507,-0.31083564882243864,-0.025742421166035208,0.9702967502435168,0.9702967502435142,-0.4977712971801079,1.8704846854078585,0.039101315822314804,-0.6474716450327058,1.7695599354282285,1.2895243714855897,1.8145839967366675,0.5740307224122192,0.38714773891208126,-0.12272400913054021,1.169283556297628,0.4860766887908575,-0.5243109262678021,1.6102187833454953,1.9492905933603388,1.9492905933603362
wgsr_rice_0013.jpg,flowering,-0.42985896215487945,-0.6359285515942033,1.6941089087481906,-0.3643296721538455,-0.6455067981176131,-0.7044321465086606,-0.6580327222238328,0.5721457758647095,-0.38991657784516837,-0.381704838446444,1.8268260996156953,-0.3188508375769165,-0.7336602002421829,-0.6788115601924501,-0.6199498952953956,0.5349129025055271,-0.5289964393356646,-0.5545687170814709,1.135175885773582,-0.582924858415758,-0.6040431201537564,-0.6755004513465069,-0.5761043590882746,0.5285317691889488,-0.31052392848366484,-0.3105239284836632,-0.5369664971958135,0.42705479402536356,-0.30741397655219466,-1.9407819675192202,-0.12012245327659477,-0.17565335199841406,-0.05886713513244289,-0.18613438213500258,-0.4180495703767977,-0.5886503644245737,-0.12636693481081032,-0.22717780585736785,0.456998078118394,-0.15171760869663778,-0.548463713025639,-0.5484637130256385
wgsr_rice_0014.jpg,flowering,-0.42859258627110725,-0.6131938789267202,1.5612013564927414,-0.5712872301782147,-0.6513508963975957,-0.6512593256932321,-0.6467840225853854,0.6001997709041994,-0.3876543989513742,-0.29833023703869904,1.6450395266800977,-0.5698581105603199,-0.7455818443478617,-0.6361083639948288,-0.6049498583655634,0.5569322852595434,-0.5356414552100107,-0.5978074398432719,0.999676992141846,-0.6381754046181765,-0.5530163345002769,-0.6657610033043184,-0.5654367153564905,0.545537043060984,-0.2816945710917452,-0.2816945710917495,-0.44075341939739365,0.007209956390066956,-0.424168009861092,0.2147352366249705,-0.3319468007511689,-0.24195686921019582,-0.4816716762893754,-0.18772170846218514,-0.4590005764675029,-0.5025223331245815,-0.3055668545013674,-0.1255640170794359,0.44229693803528614,-0.17021757081383643,-0.7819625028747547,-0.7819625028747568
wgsr_rice_0015.jpg,flowering,-0.42718550288458557,-0.52925057089321,1.600288756587723,-0.18814734431895597,-0.48609274310407613,-0.5881729506351164,-0.6216851527120529,0.4842037293927468,-0.3853922200575635,-0.0010038230179416708,1.3458926239450575,-0.13278638734156964,-0.48166576789028454,-0.5763238664103751,-0.5763185816064572,0.4429026399860789,-0.5338140747871734,-0.33799057536516,1.0215061630010516,-0.24406659855951082,-0.45340691490694895,-0.6015486774012431,-0.500060547435334,0.418536003975507,-0.07080457730841033,-0.07080457730841001,-0.5001547531474456,0.7531006466658818,-0.34264808331214613,-0.0008164837894485803,0.07496515563200334,-0.009244524486464158,0.08728009602143579,-0.061720839318485016,-0.32419735485363754,-0.43761017902899396,-0.030504163233572454,-0.07545998486581888,0.29587042127203134,0.01139920014244007,-0.3368127631624056,-0.3368127631624045
wgsr_rice_0016.jpg,flowering,-0.42634125189735517,-0.293065412258192,1.5183211299262982,2.317589923228722,0.09480006286903628,-0.08689364609441914,-0.4192088338129233,-0.143785461165323,-0.3759193450398215,0.2588681378718676,1.0067919913895351,1.8669002269237969,1.1027769618488374,-0.1296273498616697,-0.29657444575996433,-0.2285312347863186,-0.52700293457335,0.3092454621645779,2.2500450346832523,0.7255990238212793,0.021460122059653763,-0.39060319406919664,0.1931493133590434,-0.5138466362771645,0.9080030905413625,0.9080030905413596,-0.4877430710345975,1.991653807665045,-0.23095430567176095,-0.4319199246182867,1.5880709266043864,1.4021428455732692,1.6690381945176471,0.5895208379498673,0.6444836640693091,0.018762006398157175,1.1151728629334854,0.6161563956701092,-0.6613555864296323,1.3133736769163658,2.4258466030523933,2.4258466030523924
wgsr_rice_0017.jpg,flowering,-0.42788904398077304,-0.5494328749142174,1.7408877122888062,-0.41872311581660454,-0.5874986831843696,-0.5651914849358844,-0.6234335317034176,0.5092007231210974,-0.387371625989697,-0.13501876680028002,1.6427174476953619,-0.29537206459071347,-0.6507764540985892,-0.5773255664008435,-0.567982051930477,0.45697577767514463,-0.5284980620876952,-0.4038095617648081,1.0842292452936912,-0.5382580121979609,-0.4671818871926379,-0.6157425886464364,-0.4540473298649975,0.4031757717159112,-0.1038053851268135,-0.10380538512680944,-0.39329254237198297,0.6476130884635498,-0.5128922720830471,-0.0008164837894485803,0.24651672593236973,-0.025170369306947223,0.2568830556320533,-0.025814423089869455,-0.40940107270060283,-0.46031136835555847,0.04431556092427578,-0.06792931870144507,0.3137647122119,0.07049336484823975,-0.5255234810404628,-0.525523481040462
wgsr_rice_0018.jpg,flowering,-0.4269040854907932,-0.5588859475991368,1.6605530381951203,0.5221882006783505,-0.35032559423631965,-0.3780565929149827,-0.5950169155591237,0.3277158007924996,-0.3848266741342092,-0.02460523938663096,1.3353536194476476,0.41422360465141433,-0.03659114597242103,-0.4309221675766933,-0.5358146695278174,0.28552714859807177,-0.5336479504477039,-0.4662174808434676,1.544832628737211,0.14501936856918646,-0.3292098005117168,-0.5588914901619525,-0.45151784202905343,0.2723274000296915,0.20886799906271997,0.20886799906272244,-0.349294493939449,0.8458348341013799,-0.15875707506944836,-0.21636820420386765,0.4159762039120047,0.4373291649693956,0.38619027661179284,0.2099309041915906,-0.0670831860470808,-0.18829853214547124,0.38568055239446686,0.2765233516569292,-0.0763134418319796,0.6319407865879555,0.45917687365656773,0.45917687365656956
wgsr_rice_0019.jpg,flowering,-0.42648196059425136,-0.5744362911873765,1.7331436624890089,1.521787352274229,0.24788304325262456,-0.11721374049478843,-0.508461034472627,0.017238121285505892,-0.38468529005316576,-0.23014274449056635,1.6195548715272885,0.9603834812139975,1.0706075852247843,-0.12235195317828354,-0.4128865745244066,-0.04253982822850279,-0.5248433040617319,-0.2517533032168783,2.2184862236669938,0.7757369957846252,-0.06244883474031626,-0.43141066326954436,-0.11375869343447842,-0.1987085616662077,0.6707866096219981,0.6707866096220021,-0.3198716041293757,1.4496476500468687,-0.1936393307614025,-0.4319199246182867,0.9327230071337744,1.2248459404799754,1.3370494225138698,0.579613732252645,0.5089658942143916,0.1097273379878942,1.002943276696714,0.6662102234426364,-0.629708616057179,1.2833508812518817,1.9095548343860156,1.9095548343860165
wgsr_rice_0020.jpg,flowering,-0.426200543200459,-0.6314855889484,1.6261012640325596,0.47358006672502734,-0.3392867582579096,-0.43528501586250207,-0.6013574724046387,0.36007142589527846,-0.3886441019174327,-0.2607219554072288,1.6097897208731549,0.42115610203550496,-0.1862109108951487,-0.4742579621446089,-0.5409002363893074,0.31181894890137474,-0.5313221941867529,-0.5047000192535045,1.5119452687194377,0.056762012680382376,-0.34742826812666255,-0.5761053868856295,-0.3921342501578962,0.24653289243963147,0.1322987090121553,0.13229870901215496,-0.531430991124236,0.8803197550553425,-0.0723194851141277,0.2147352366249705,0.6832409978860297,0.2710828460780621,0.9389034676832527,0.13023617548905833,-0.1340289643554115,-0.3582061958496024,0.333239942158825,0.06727124116958062,0.08072002653962553,0.2984128981321516,0.03127782426640484,0.03127782426640475
wgsr_rice_0021.jpg,flowering,-0.42704479418768937,-0.5729710320609617,1.8437687597946604,2.0775906956369137,0.08727848404262907,-0.05432043939844774,-0.43986302800442684,-0.10327888200019614,-0.3787470698569701,-0.2791413577667444,1.6865414816420463,1.805750740569731,0.8165314252075863,-0.11976875726209497,-0.32030075781881256,-0.17893556682868542,-0.5265045573254001,-0.3192538163772774,2.45796108134567,0.7948415554019012,0.061970482578882734,-0.3409622519665364,0.0691047686566738,-0.3926935268006282,1.1519865910414668,1.1519865910414648,-0.48152457506549634,2.0280989241258642,-0.24107901018111558,-0.21636820420386765,1.1942345472257874,1.5113486386279587,1.1806778994685927,0.5471009102407579,0.7829335456719986,0.10003266562296811,0.9677045226848656,0.7261041216699401,-0.7483926587926341,1.4936161649725106,2.0799679862758964,2.079967986275898
wgsr_rice_0022.jpg,flowering,-0.426200543200459,-0.31008096362870846,2.6269386710509526,2.1442106150395976,0.2615192039940335,0.20047145687838205,-0.34509180679934165,-0.38802706283027244,-0.3764848909631594,0.34850222161206235,1.5166041090789153,2.7965687289620895,0.8123683810012458,0.09701593498643779,-0.21605144908548776,-0.46442839198473407,-0.5245110525630855,0.3357171398740649,2.658122058625118,1.1460772470999543,0.2827405918899517,-0.2319410427410476,0.09412146419847127,-0.5780439168420848,1.7582373863570757,1.7582373863570777,-0.5100336688796763,3.034308417701171,-0.12355186196126519,-0.4319199246182867,2.6702056795051217,2.250275336574044,2.802731736595682,1.258660987941935,0.893442127090054,0.4198765665237739,1.98244703157567,1.1399393296227307,-1.2715003229111292,2.379394351144058,2.913508598070605,2.9135085980706035
wgsr_rice_0023.jpg,flowering,-0.42423062622049934,-0.46227547493122706,3.0891919723545462,2.4871518794039567,-0.19794611230843093,-0.2422277671244179,-0.3967114345360272,-0.320477618307524,-0.3798781593038837,-0.05918644365549752,2.0297507063176377,3.3131675216290106,0.5029733968496903,-0.3037087313736735,-0.23900777018042246,-0.41842677298840925,-0.5162047820152198,0.19331750018381588,3.2518187197300437,0.28027571438753385,-0.11155004943610708,-0.44043285194579546,0.21235413391912075,-0.628652763055646,0.8149333965815962,0.8149333965815926,-0.44195916825703707,2.3005418996344336,-0.4055070138857315,-0.0008164837894485803,1.6147451036937766,1.5765145954954423,1.6088953010386888,0.6880445410161836,0.676539776538629,0.18545818443274775,1.294372782624043,0.7490977556918219,-0.8068336425423639,1.551758903055141,3.288290086495092,3.288290086495091
wgsr_rice_0024.jpg,flowering,-0.42859258627110725,-0.47881840347397375,1.5383917513097733,1.3522850017312513,-0.0027639103776554838,-0.21783009937023015,-0.4791175527543579,0.07716447705984485,-0.380585089308265,0.02033999290057123,1.1936992982823311,1.0601847309090338,0.653917804122091,-0.29305936217651163,-0.3741887253621981,0.004284663907085716,-0.5221852977119855,-0.0760598511751488,1.6951596019246067,0.7688307871208561,-0.10451445482729,-0.477540803053582,-0.034718593756538615,-0.18568774041301045,0.6072878642410819,0.6072878642410775,-0.5356973819534663,1.4976845399371255,-0.18591104930014604,0.6458386774538086,1.258043363008288,0.9937586819624307,1.4711680749719152,0.49986426815952056,0.20954554161858366,-0.11419350032082448,0.9730487886961293,0.38682250874443586,-0.3637839611667702,1.0128285780637913,1.0883946652499739,1.088394665249973
wgsr_rice_0025.jpg,flowering,-0.42577841830391716,-0.5583187488616804,1.4582678915299219,1.1311921623825545,1.2801243052127589,0.6936396970128813,-0.2483404501645934,-0.3220024459440107,-0.3798781593038837,-0.3101822771248528,1.6327737750914226,0.13941068411258326,2.422105119406287,0.6479399340091391,-0.11367470286369533,-0.4297864363255615,-0.5245110525630855,-0.26241894250883085,2.3216721721968243,1.844781891028469,0.6345212877311227,-0.11895606413067265,0.4989129236694591,-0.8502729923021147,1.60927025668243,1.609270256682428,-0.5242691421978839,2.4207914239995145,-0.2949740497291509,-0.21636820420386765,2.556709671105182,1.6574438885627725,3.6856294128665543,0.9463955846123018,0.7126121429145559,0.0200666724514077,1.7842081642199468,0.5816659446372869,-0.836488845548719,1.6001759467675831,1.7822456501349482,1.782245650134948
wgsr_rice_0026.jpg,flowering,-0.42704479418768937,-0.4500337478580216,1.851301766383438,2.1591809583141446,0.3189862340939913,-0.13324272541642565,-0.41995664190964016,-0.1716432120423746,-0.3810092487507808,-0.043896893932134806,1.4512252314222278,1.7183103368970787,1.3588084288229136,-0.12910012728364445,-0.2932759832346857,-0.2550252411110382,-0.5275013104114781,0.07633271272492893,2.5580593546949038,0.7987879603526236,-0.04274912156561296,-0.40513676910308066,0.18112647703915852,-0.5235650175596663,0.8505297735542559,0.8505297735542535,-0.4022968757724674,2.0399326970005927,-0.3432034397113022,-0.0008164837894485803,1.795711089437436,1.4499203800346994,2.1658184946536663,0.7669182388598311,0.5117994475840881,0.09340897642954017,1.2496145547796118,0.6856895465878127,-0.7088418496658214,1.3901220911854364,2.5378622993133435,2.5378622993133435
wgsr_rice_0027.jpg,flowering,-0.43126604613847447,-0.704368803994314,1.866262029058286,2.6487816216999724,-0.03030698001279339,-0.34117037544754375,-0.5411327656416751,-0.03497436969737057,-0.39274430146242767,-0.37642016063365796,1.479627556180707,2.1101247450042164,1.1571497890723943,-0.38906243587279377,-0.44057675810052305,-0.08383601777359907,-0.5175337851900833,-0.4256692008988619,2.9191029982736,0.447552268654581,-0.2572983535057328,-0.5657242149958944,-0.23254844845433098,-0.14315741573066057,0.4075217382617031,0.4075217382617032,-0.5004697858595494,2.0666494357607155,-0.48251788164680504,-0.0008164837894485803,0.7742470138380424,0.9794579233481153,1.1782721837294396,0.24539943729546085,0.5043336504448066,-0.18821824500373305,0.7829933286701732,0.32682820163493476,-0.3523154911341956,0.8812145618585707,2.8260262054604683,2.826026205460469
wgsr_rice_0028.jpg,flowering,-0.43126604613847447,-0.774368891430537,2.0071244454273622,2.629397870088931,-0.10178895962826685,-0.37438727856441034,-0.5210789231400564,-0.04203128878997509,-0.3930270732242155,-0.5354731452157324,1.6440273848429616,2.1699008040224594,1.1170955974027144,-0.4251229482962186,-0.41916987757147617,-0.09470496773867824,-0.5256739299886258,-0.48629956561777565,2.961109858107315,0.41194420676163507,-0.27040679746954144,-0.5471890618105886,-0.16774441335073453,-0.19122635277182928,0.4859450062795938,0.485945006279593,-0.5224608002434356,1.9906132100502938,-0.40948175222577193,-0.0008164837894485803,1.374677509889325,1.07728811295963,1.8230040018237021,0.3365338626318059,0.4327802679614097,-0.26376844537967475,1.0198111162947838,0.2593534328021615,-0.35407804717641755,1.1275283431904282,2.882648524090546,2.8826485240905453
wgsr_rice_0029.jpg,flowering,-0.4321102965286315,-0.7007766651267668,2.0017513127423197,2.5071915521247834,-0.1929677791525084,-0.4384393031473604,-0.5945324192056423,0.03535974800735806,-0.39189598377730195,-0.44178579195648665,1.6265216259364232,2.3077652865365454,0.789975813244435,-0.5014087795238973,-0.5025351330271894,-0.009868252336335395,-0.5133806527358526,-0.32684458932255617,2.8842409114755063,0.15551343067720214,-0.3759410384018945,-0.6076264161173969,-0.29836871443901974,-0.06518236358009273,0.3303035559225743,0.3303035559225729,-0.5117193780154778,1.7732977081790064,-0.4386761931845138,-0.21636820420386765,0.8375328065402988,0.7758346217148641,1.1896993334904153,0.1576038707852583,0.2529358675666752,-0.2746272812998095,0.6179891155720552,0.14584119148452912,-0.16295532225726256,0.6549864536825258,2.605135439936539,2.6051354399365367
wgsr_rice_0030.jpg,flowering,-0.43492446449582156,-0.7478057428095528,1.5869085712292632,1.614232318895901,0.023480320531111223,-0.38211219504708116,-0.5932369354973317,0.1777338384223962,-0.3952892521180262,-0.5062278949264924,1.621698687289689,0.7630700273836172,1.0991815431972614,-0.41763668548940514,-0.520577010131758,0.13726648248315243,-0.5221852977119855,-0.5698944087483595,2.2364378598347168,0.509709120953246,-0.30921378995505716,-0.577577632369346,-0.3758654621253939,0.09422404210739183,0.3277079867683179,0.3277079867683218,-0.3132010795231717,1.4074913466771823,-0.5101049758651705,1.0769421182826469,0.5425477893165174,0.7915979579147308,0.9160491681612319,0.10790413612735533,0.35923107832196854,-0.29451842066552725,0.4865535733572648,0.19228029949815348,-0.17843894237705193,0.6896606683936226,1.5962659122551262,1.5962659122551253
wgsr_rice_0031.jpg,flowering,-0.4283111700714616,-0.6641459571285612,1.9543407529517707,3.1362351865498073,0.9070218301194038,0.09515572952096217,-0.44334925992459695,-0.3678228342883186,-0.3858163795000793,-0.3745731039280179,1.6163396653386177,2.3385689342695475,2.5940542759919625,0.0014345935370226313,-0.3298540235646886,-0.4281557426044597,-0.5100581433888138,-0.1341439188531927,3.28492168034905,1.637143739298266,0.15839544947876164,-0.34858773067745275,-0.0037093875887354586,-0.5521059115586693,1.347859363289461,1.3478593632894622,-0.47835653037946735,3.2664826855133238,-0.39195010384301715,0.2147352366249705,2.1503207378021933,1.766487172996845,3.0048118586849317,0.7733770149497338,0.9549918341987043,0.017878847839033363,1.6472613476810216,0.5966770725249328,-0.8867414523489339,1.7640327540913594,3.5728126859779032,3.572812685977906
wgsr_rice_0032.jpg,flowering,-0.4321102965286315,-0.7279542490959098,1.4870301970880857,0.5505778450140688,0.7112444642628286,0.22828096041478105,-0.5473153400177964,0.12292452294778802,-0.39260291498158906,-0.4581528100031375,1.5983575891718103,0.3193275337777264,1.2921355861376422,-0.012009066777570581,-0.48191720204227606,0.07520679522524541,-0.5278335605002634,-0.5827219215517033,1.764058190584668,1.3814304559567046,0.1936475169808547,-0.4273336316144168,-0.34383989422851174,0.02952252659220846,1.0273992716371583,1.0273992716371558,-0.5525872304195143,2.4116680449120453,-0.039590129090419056,-1.078575085861544,1.3678782098468858,1.232971371510834,2.147775626610021,0.6489634721332158,0.39796452090595597,-0.12938784189483724,1.1702856061747406,0.4441057760347571,-0.5061874240040561,1.358936440759302,0.27415297877612815,0.2741529787761273
wgsr_rice_0033.jpg,flowering,-0.42662266929114756,-0.599534180681946,1.5642566762115817,-0.40536335559897124,-0.16174515630618908,-0.17675954048651213,-0.5535400186441628,0.3857400573988193,-0.3835542006062686,-0.33296282894433743,1.7332831851943948,-0.4867994317151084,0.00308453729980091,-0.18593227006227553,-0.49393243975441253,0.310158651817336,-0.523015923638899,-0.460836699586905,1.1866613717503303,0.23139325729172316,-0.1288798662552081,-0.5303526786494737,-0.3018242134699037,0.18914696905265263,0.017908268428139786,0.01790826842813944,-0.46580420167535797,0.7755823951334125,-0.5269683031206891,-0.21636820420386765,0.16492512542364993,0.22493039782279997,0.7049476120501597,0.15054300539883433,-0.12368033465739824,-0.340081373602133,0.21917326448068103,0.06641776567095338,0.10579100306845139,0.03391629689080609,-0.656473971955844,-0.6564739719558417
wgsr_rice_0034.jpg,flowering,-0.42282354163983354,-0.5757124498385453,1.449365164144206,0.7136388999490925,0.30453829914860675,-0.3684649218472353,-0.5095774607036793,0.18252660360879294,-0.3793126133805293,-0.363028943782782,1.7016061469306472,-0.018662404810644663,1.0382488173605875,-0.33249384711371843,-0.3673636364834756,0.07187967828228355,-0.5158725333362758,-0.40275263190886107,1.787395161596488,0.5708793720142255,-0.3336532958409651,-0.5480950779578003,0.0530543004883457,-0.1873849992416431,0.09679503093786199,0.09679503093785989,-0.43132622208358296,1.0672401265980844,-0.26840338796983015,0.2147352366249705,0.9703806689070671,0.6851548114105074,1.372533729666443,0.3822926491670512,0.0332246032400754,-0.1721608166560307,0.6448774539412839,0.30865419395825294,-0.1842798792165233,0.5493780985106214,0.8432436940750545,0.8432436940750537
wgsr_rice_0035.jpg,flowering,-0.42465275111704115,-0.5097299388310693,1.3921035559014858,0.3489879685409273,0.46481814867700966,0.1708594635054941,-0.41044579519999697,0.06981371644059459,-0.3781815239336322,-0.2540006531634021,1.5437560040063925,0.3834199569184118,0.7496693283235858,0.005124922505390336,-0.29087101092136947,-0.040028058146091824,-0.5201917915398295,-0.1830998326015319,1.3623003547423047,1.053425004579893,0.22934399033088076,-0.3237860819947145,0.21440936323082208,-0.37694943821130644,1.1553237513826538,1.1553237513826555,-0.5622248343581173,1.7043520662156104,-0.14011549946070792,-0.0008164837894485803,1.6037616190098742,1.2968372594133641,2.168825639327607,0.7575037516779392,0.3802732920412587,-0.062167432474265226,1.1061544140394588,0.5564131107660926,-0.553325918335054,1.2128395970680377,-0.2924798545243864,-0.29247985452438724
wgsr_rice_0036.jpg,flowering,-0.4191651238795685,-0.4036664448223783,2.4322391773286887,2.2441705561146748,-0.270402103405435,-0.42305394471761176,-0.3899812074310574,-0.17875260283616584,-0.3721019196563931,-0.039484356835394155,1.6742159640093104,2.4899710396728953,0.6023203397027611,-0.4213798168928149,-0.23016745444141956,-0.2896310706323894,-0.4952729855356176,0.30953375371722297,2.847116734432937,-0.1476471294094932,-0.3949002092467299,-0.5316739351111024,0.313452259909752,-0.5924634420007945,0.06147675066030128,0.06147675066029701,-0.4511761907898881,1.752872954996449,-0.5362416154435994,-0.6474716450327058,0.9133711531670061,0.8720397251201913,1.044153531271395,0.43155450070020934,0.25916968498000287,0.034458142608037104,0.7512617492282364,0.454397686459395,-0.38374905786028085,0.6379664885347003,2.882284393424115,2.882284393424115
wgsr_rice_0037.jpg,flowering,-0.4198686649757466,-0.6040243799384573,1.7425206648565505,1.671965815993352,0.6464722892697868,0.03451554072022333,-0.4832883906303898,-0.09016148142052327,-0.3770504344867186,-0.2324516211075835,1.7051786557463855,1.0730032439548711,1.5595209346212175,0.0048613684858284266,-0.36025334281954713,-0.178725834528556,-0.5203579172891527,-0.2904760150022408,2.5009373638538097,1.2913790759133055,-0.034528578778985956,-0.425483954582814,-0.13443902130552654,-0.2596205422626944,0.6172993452646424,0.6172993452646387,-0.28556236105593946,1.8501325320588882,-0.43596512083757694,-0.21636820420386765,0.6058335820187731,1.1964069318719812,1.1999236253818841,0.4986600895664902,0.6142016024053673,0.022776363485081465,0.8088796171622903,0.5639939813715563,-0.5525434382983725,0.8608117464950232,1.577285601267391,1.5772856012673926
wgsr_rice_0038.jpg,flowering,-0.41592883101584105,-0.4658203771880718,1.395369689934161,2.0702547972352097,0.9819669877943662,0.30791134746024784,-0.33013569063047665,-0.30170009532083764,-0.3756365744779395,0.009822024911770881,1.295102094316701,0.8024411847450058,2.4184466617022697,0.38307467306827275,-0.19163122820817677,-0.4113902041438764,-0.514045152913443,0.08430780482185875,2.5643064679190304,1.728271358455978,0.16728244013725824,-0.31170622209546456,0.5161830259126816,-0.8710167796907646,0.9296019338607107,0.9296019338607062,-0.33762006350607043,2.1217527094534683,-0.40391010332933674,-0.4319199246182867,1.70941228120707,1.6394054316742712,2.0647784336090416,0.8312870581964918,0.7506310372574883,0.21452212974208756,1.5597489917464027,0.7755554961493192,-0.8885830467786986,1.5336817972149068,2.2163804371877482,2.216380437187748
wgsr_rice_0039.jpg,flowering,-0.4198686649757466,-0.3727548067770011,2.9310514803444145,1.8575119295014042,-0.15990535030978636,-0.14521624806396294,-0.2887430479814926,-0.3267196518806985,-0.37280884966077443,-0.034251066659379874,2.053508614379175,2.8289418861458957,0.24227429916694226,-0.17628454358612808,-0.10579445953994855,-0.4604951587294365,-0.5110548950650504,0.47307230365990477,2.6733807153583484,0.31579394353890894,-0.0457115322351169,-0.3562886628920797,0.5689491771780354,-0.8615678551880082,1.0829259117585726,1.0829259117585737,-0.45416605268533194,2.0896635830078862,-0.3032955221795717,0.6458386774538086,1.9379733672474975,1.8220651212479193,1.9462969334555598,0.8360490371780267,0.7366603871651729,0.24115738901384048,1.490774558538394,0.8404698384862055,-0.9316431603124471,1.782849858416281,2.7405920478490082,2.7405920478490056
wgsr_rice_0040.jpg,flowering,-0.4209943333567696,-0.6290277962116162,1.5601479716151507,1.1862415919438243,0.5933342905258135,-0.08200113372166683,-0.5045429365117806,0.03778971248931594,-0.3791712268996907,-0.336143846277406,1.7058337536839177,0.3995084944528245,1.4206872886118098,-0.024872702079096313,-0.38863747651822045,-0.048284385894008804,-0.5160386590855989,-0.4217776824493944,2.1797105647397323,1.1487681371831309,-0.1407293480332281,-0.454664448935504,-0.12689563492877506,-0.17677812807444848,0.5432329254699678,0.5432329254699668,-0.4661521500484683,1.439943472290701,-0.16279024340372994,-0.4319199246182867,1.0326204154489578,0.9867708112758897,1.5818309989731503,0.42832511265525824,0.453181852223205,-0.10066511693788499,0.7525978157310521,0.41473617799370316,-0.41630496968948594,0.84833748632457,1.232681441823404,1.2326814418234056
wgsr_rice_0041.jpg,flowering,-0.4191651238795685,-0.01887886240825656,1.1513105768314535,1.579222562055451,1.3478183970871513,0.635059476616985,-0.10821636121668762,-0.5241974240140025,-0.36842587595421294,0.598985070473131,0.8024384329067916,1.2590675521017247,2.07536840437826,0.5636406746660756,0.11698182751569718,-0.705082157329625,-0.5000906209871407,0.7201095647563479,1.9619929590511098,2.0355577941115723,0.5407625950188132,-0.06912640625407371,0.8035623633814694,-1.1554523269941992,1.7885499261228563,1.7885499261228601,-0.5472338528665948,2.6953397946821154,-0.12990014170236044,-0.8630233654471249,3.0807787974495753,1.8688676039856482,3.991756740674369,1.0910612219480156,0.7648480832949974,0.055633876241568195,2.0156816858332944,0.6488896912645817,-0.9555285610281196,1.9161552997293572,1.4386428500236472,1.438642850023645
wgsr_rice_0042.jpg,flowering,-0.4190244151826714,-0.5036799558825948,1.7522135453490513,1.637731191527201,0.44734002110199894,0.23941757282166434,-0.2660139380317887,-0.25523063203284974,-0.3732330091032902,-0.2556424937317424,1.8054500365829553,1.0741149442937288,1.2937754237495027,0.15912007446751827,-0.10276216061146672,-0.37414315254625446,-0.5064033853628505,-0.09566148482098351,2.1708063535125754,1.1431174433869071,0.3166597636482966,-0.1643312588042668,0.5983547758568487,-0.8460876429125791,1.7349699628671342,1.7349699628671305,-0.5551612799264513,2.64860970179643,-0.19106175111472204,-0.4319199246182867,3.4510791382198196,1.966697793597144,3.8395952201726797,1.1972478796972643,0.6681130352131052,0.06502747182497613,2.005160162123599,0.7857972021328612,-0.9932693910801836,2.188051885817579,1.924893838709437,1.9248938387094376
wgsr_rice_0043.jpg,flowering,-0.4198686649757466,-0.40673867290732074,2.307022799621693,2.36124767984537,-0.21737232162812026,-0.3069234181992564,-0.3692743371612591,-0.21094976340136073,-0.3737985526268494,0.10027697320117615,1.4906431366658432,2.621818643026767,0.5404414799138721,-0.3460956856556045,-0.19794298977762306,-0.32919471081780427,-0.5080646400363601,0.36430267729545096,2.7260867940297744,0.041334944383968994,-0.2724804768931984,-0.47825802141217466,0.4139781876588312,-0.6854599124127576,0.3576497309406332,0.357649730940629,-0.4111910859883087,1.8955800278845316,-0.4902047714744171,0.4302869570393896,1.2010338472682265,1.171380604296939,1.3587008641662444,0.559580579295824,0.43398760809284453,0.11422341792524883,0.9424862674441565,0.592560308355079,-0.5673078090915149,0.9555315525350881,2.662850150565911,2.6628501505659106
wgsr_rice_0044.jpg,flowering,-0.4249341685108335,-0.5354896029727869,2.163157709887935,1.959439893060768,-0.14534919839774343,-0.35642699459311183,-0.39830187682348883,-0.10210141702556572,-0.3732330091032902,-0.29612402422530026,1.809856165286024,2.0869728465872304,0.48323011379223296,-0.34272159860292717,-0.2481712904732627,-0.20891524370124936,-0.5047421306893408,-0.15249635868943007,2.6878137871554557,0.16098465385522803,-0.3141757855902284,-0.5032861126207155,0.259466474569504,-0.5007341359421013,0.2744988191060611,0.2744988191060569,-0.42593446667498935,1.5728495676444993,-0.4658842296776377,-0.0008164837894485803,1.1095048082360313,0.9498813543958036,1.4332780520801895,0.452737096859468,0.2984698382379274,-0.05062615584935464,0.7965210020112237,0.4442563893580443,-0.38699753558832317,0.7540405365614686,2.202406922863444,2.2024069228634464
wgsr_rice_0045.jpg,flowering,-0.42999967085177565,-0.567204674153287,1.550718322893451,-0.5094982176927618,-0.28322666628772725,-0.4775142283038152,-0.6019894022822069,0.48280011138600154,-0.3817161787551786,-0.23352897796093458,1.640097573400162,-0.5185840583769787,-0.26196699582943866,-0.5066807762263467,-0.5562520190035464,0.43243057578512023,-0.5293286894244501,-0.4565128481862894,1.0307333071113847,-0.047640001680184,-0.4743655902674322,-0.6100801312520354,-0.4549055618033337,0.38702470772404507,-0.19668968128984715,-0.19668968128984446,-0.5065062232785132,0.45103693905369824,7.20891477703287e-05,3.0169076020124184,-0.14313546880470474,-0.015907377931771244,-0.23508581302573042,-0.014867344971393711,-0.24734645954864165,-0.3334376126232708,0.05032786018696693,0.04939846013947286,0.2003051068930763,0.1117218518522858,-0.7394047312355884,-0.7394047312355887
wgsr_rice_0046.jpg,flowering,-0.42676337679389703,-0.28115449549235105,1.6020798771151386,-0.21617909570618815,-0.5548691222082749,-0.5524454566542869,-0.5914358804276723,0.43158300857463755,-0.38298865468291426,0.25825248945996254,1.3302923928070467,-0.0779152940119508,-0.57369579533533,-0.534780548430515,-0.5355390059888648,0.3760291448634794,-0.528331937748233,-0.017062999417483304,1.0261017943404829,-0.39932427249123864,-0.47784642079285683,-0.5878455419888442,-0.4140266883446594,0.3235269784142329,-0.08016716604340673,-0.08016716604340837,-0.48566143228823166,0.5764410516034767,-0.3753800427881422,-0.4319199246182867,0.1314516482918815,0.15797684612855115,0.0415714969773937,0.06887780263498011,-0.2730701962265551,-0.3374318979247628,0.06752971641076093,0.09071671516132361,0.17027051962651252,0.1679617366885807,-0.29466463852297464,-0.29466463852297625
wgsr_rice_0047.jpg,flowering,-0.42704479418768937,-0.4816542944729678,1.6183574431299543,0.007836039341527545,-0.43474041248237405,-0.43470565411920115,-0.5594592812770487,0.3794607689178022,-0.3803023163465878,-0.1079798407943759,1.5806135422714056,0.04425288624193781,-0.4180836888335464,-0.4299732127518135,-0.4951396758821503,0.32076066976406864,-0.5246771783124087,-0.31882148342612915,1.1371147311224352,-0.1332963976598489,-0.29766060555898477,-0.5083823406786115,-0.373554294153624,0.2678383138558867,0.19088441277965756,0.19088441277965415,-0.33396720906197563,0.9520483906395848,-0.568434481988753,0.2147352366249705,0.1910762794328573,0.250606759880309,0.2207973195446923,0.19690388123059482,-0.18971444796852222,-0.2653139728581424,0.20881874908383802,0.2088477650597728,0.05510368513674735,0.28160436112280746,-0.28933922752641583,-0.28933922752641794
wgsr_rice_0048.jpg,flowering,-0.42676337679389703,-0.4182713887226755,1.6361628979013794,-0.03445001026836287,-0.382414070379135,-0.3754816673734253,-0.5819250337180292,0.3739811491628711,-0.3819989517168557,0.16184582730910044,1.3246355755455115,0.047719134933986974,-0.23345593986797977,-0.4360886739479783,-0.5237709319892078,0.3149870104875399,-0.5253416813097012,-0.18074569513649033,1.1769315755870495,-0.03212319807466661,-0.3326905505871305,-0.5781815884577062,-0.3713409350511798,0.2501849087355291,-0.08396782087642507,-0.08396782087642972,-0.38711669071343785,0.8378972522958362,-0.5460402880522381,0.4302869570393896,0.0875177095564546,0.11198690649390544,0.39100170809009827,0.1112429949534912,-0.2614895868025905,-0.3202103060218521,0.07437705723769267,0.07460108956957162,0.16676121521957665,-0.0003350615433271363,-0.2940729261900237,-0.29407292619002123
wgsr_rice_0049.jpg,flowering,-0.43281383822189234,-0.5103916621340739,1.5638879228352682,0.08048001492634496,-0.22213416206910827,-0.3325442839756314,-0.5506646644764401,0.33503665254207343,-0.3774745939292344,0.1296247758240976,1.279084794507562,-0.27712534499507596,0.13182563101411243,-0.349311594480989,-0.49279174452587454,0.283462941223114,-0.5191950398635929,-0.3620602061879301,1.2708186171436227,0.18188294532967805,-0.29499449227143715,-0.5476420288768566,-0.4159463591431563,0.26935181591608354,0.17484750336228747,0.1748475033622849,-0.5038037960699896,0.6700464370420223,-0.05781904770136966,-0.4319199246182867,0.7041619210934079,0.37687595809981833,0.6610432998105524,0.19011669279713875,-0.08507009004600612,-0.2542945626545309,0.39520002622705036,0.18354472674748282,-0.02064670548502952,0.4729468264492737,0.1348729988661294,0.13487299886613158
wgsr_rice_0050.jpg,flowering,-0.4226828341370901,-0.5646995934616573,1.4891374246376572,-0.316079366360276,-0.1992989125640683,-0.36679117129492694,-0.5619554683651327,0.41297864220186736,-0.3812920217124579,-0.3495863392951285,1.7149438064005196,-0.36790127594979527,-0.06516524098631292,-0.4267045014913927,-0.47204073174256284,0.32563217909889247,-0.5203579172891527,-0.5168549213525524,1.183035163085319,0.16313732694878694,-0.38845704850180357,-0.5638367291977606,-0.22339393082941109,0.16613272927135556,-0.08943705588003684,-0.0894370558800408,-0.5178396499677728,0.5696408671908006,-0.3548695784793434,-0.21636820420386765,0.3767494728982238,0.058034044449018524,0.6327761398754379,-0.06412919650455184,-0.19338574755186552,-0.5027832663352334,0.12815373397615093,-0.13354652321367133,0.26873654282831655,-0.01777788296811669,-0.5411810996970117,-0.5411810996970102
wgsr_rice_0051.jpg,flowering,-0.42648196059425136,-0.43580685087579124,1.5206389428925058,0.05048011147736893,-0.2873392049287839,-0.4291051106479667,-0.5659788727170778,0.36416999047497467,-0.3787470698569701,0.08986155754606312,1.3623267336978624,0.022670710408494978,-0.19428484309808944,-0.4631867461616846,-0.5024400509974213,0.3061747416187057,-0.52700293457335,-0.21990073987300113,1.217430479261931,0.005457871428686057,-0.39512233172068584,-0.5777663481432892,-0.33597278993509005,0.22388018712464952,0.022079718854623332,0.02207971885462518,-0.5275490755892364,0.6998607687018693,-0.24039562163098896,-0.4319199246182867,0.3343846034032849,0.10093632029194505,0.4270874441774593,0.1016095662092301,-0.19488876281752895,-0.3592900722630723,0.20297345813399884,0.07440027180518881,0.1429469490526939,0.12683896375377493,-0.3292115355006508,-0.3292115355006496
wgsr_rice_0052.jpg,flowering,-0.41775803929890487,-0.3472315310653755,1.565784564968191,-0.6521021013262227,-0.4546536275428286,-0.3565557338772924,-0.5287887147800414,0.4201788090387117,-0.3609324116681948,0.2089461077127975,1.417464143440147,-0.6234211372591143,-0.40307128109932705,-0.5011979134004638,-0.41899875470035236,0.3188700685514189,-0.4985954892432326,-0.2508405191372567,0.9589267624404889,-0.1996688608365279,-0.4505185986954261,-0.6107596228587774,-0.3040902388866,0.266003536404455,-0.31923762493009716,-0.31923762493009905,-0.49814113018659495,0.06507202375913688,0.10971383698689353,1.292493838697066,-0.1316289610406803,0.06697201858296065,-0.2038115084166748,0.139541191889766,-0.2931268261650842,-0.1956849491854157,0.12097237652349567,0.1930333661145952,0.11999420131003442,-0.05033781629438254,-0.8657125561539696,-0.8657125561539672
wgsr_rice_0053.jpg,flowering,-0.40847128441009,-0.30247124833240885,1.5089443564559482,0.4376159718811048,0.3405228799991557,-0.17746764151399377,-0.17595075001725577,-0.10196551531949206,-0.35315616962090907,-0.01926928540700414,1.6687974347416417,-0.09236881930206811,0.9480478817261322,-0.1870394031144604,0.1304134239953253,-0.353220599476647,-0.4765008153381094,-0.20169244581309487,1.8581605207300267,0.5259435147340914,-0.2964756573811837,-0.4135927284428314,0.4804835082727575,-0.5699940948495446,-0.09258881842449107,-0.09258881842448881,-0.4848910180178963,1.0204132339342826,-0.3719850996081594,0.4302869570393896,0.884081860676701,0.5689611476692585,1.2678850950130889,0.4844836234030568,-0.013048555266747752,-0.09811600018768529,0.813555849922146,0.32220939305412366,-0.20011126824150405,0.34841565288320697,0.4700097609829009,0.4700097609829015
wgsr_rice_0054.jpg,flowering,-0.4083305781015003,-0.3597095952245348,2.5201595043653096,2.8912262351439826,-0.03831562336158333,-0.227035552585436,-0.25850432464241746,-0.43039796153856413,-0.35244924201630645,0.017569407842107986,1.7943749487812148,3.402635528041391,0.6643255516793679,-0.25420467317456324,-0.043180175563451675,-0.5858849690919674,-0.47949107318648254,0.4533265242377502,3.278387203660766,0.1689672964982543,-0.228637474764524,-0.4108747620158679,0.4760946051357417,-0.8543610821439316,0.3214971605777757,0.32149716057777106,-0.4711194147424307,2.134167280996895,-0.5530638802128593,0.8613903978682277,1.0749852849438357,1.1933192680802618,1.7135439356920426,0.6046278057533698,0.5756406369830135,0.10559255018836004,1.0204791495461925,0.5591241505852668,-0.608565847389269,0.8279346709610345,2.9228394463979086,2.922839446397909
wgsr_rice_0055.jpg,flowering,-0.40621995003635125,-0.2646116182937422,1.4337722296306676,1.4648292467060071,1.2323976250545836,0.6354456245405201,-0.2208612485395816,-0.4148731593084437,-0.35202508257379067,0.2369599497082904,1.359825874035857,0.5884506628582846,2.2435327510722165,0.625533833484821,-0.03348436938111662,-0.56202516031672,-0.48829571534291316,0.14685986967684353,2.368418189095837,1.9316043588640177,0.43034045290927836,-0.16217952171380817,0.5351016819279901,-0.918569922245261,1.5910085737042687,1.5910085737042725,-0.45988902250603003,2.6788354325132717,-0.36645496979901854,0.4302869570393896,2.573969432751219,2.0141503108173593,3.0553318892072787,1.1039240387372282,0.9049488177304615,0.26189154336781095,1.8777328194172567,0.9338500989244175,-1.1090132057990174,1.9165781560063326,1.8083720254513989,1.8083720254513977
wgsr_rice_0056.jpg,flowering,-0.41395891403588003,-0.16871010553954516,2.066703637739104,2.6982247528147822,-0.08907273127587444,-0.27943586776679663,-0.2516160693025659,-0.3629167302273585,-0.35230785553546784,0.40550471012272393,1.3194553342717095,2.5809431948310886,0.8941797780463212,-0.29000163157843223,-0.06755289672997451,-0.4951155390562991,-0.48131845078961316,0.5705035756502878,2.879357916671913,0.11084658445940501,-0.2841077557472517,-0.427409167132803,0.46365776578903867,-0.7845677901428503,0.3049967566685742,0.3049967566685712,-0.4716255348506476,1.9452383140582377,-0.4780921775638447,0.8613903978682277,1.2156784935133487,1.2310212680634327,1.619119592930088,0.6441467577610821,0.453206491817724,0.08804980971849367,1.1851493460186067,0.595472165938636,-0.5946471873428427,0.9659972453899641,2.64728356457597,2.6472835645759702
wgsr_rice_0057.jpg,flowering,-0.412411120758303,-0.13798761931355202,1.5970754978064037,-0.07554329934574562,-0.3253799669274285,-0.2551025346901959,-0.4835727773814911,0.24670946378340017,-0.35838745981270687,0.6403901293195058,1.0668121058226216,0.06675060925502657,-0.19920490409933814,-0.389589658450819,-0.3477057779138183,0.13165890309021896,-0.4966019858907788,0.06297673499360897,1.126056697970087,0.12035394789725758,-0.2834412274253625,-0.5562112504868398,-0.22303259411684578,0.09838667102881284,-0.02371353693832939,-0.023713536938329564,-0.3743207637157084,0.9482973992375748,-0.5738141110666978,1.0769421182826469,0.12517537132968667,0.21908008748059546,0.41385600761204905,0.29460655343802683,-0.20016163604461176,-0.1301505697413538,0.23737717058158717,0.22571645726796608,0.008407805775994821,-0.0032950554820730155,-0.39147787946041496,-0.39147787946041696
wgsr_rice_0058.jpg,flowering,-0.41381820533898295,-0.3724712844244883,1.4723855836410085,0.2707974297193785,1.06952033319994,0.6230859539694553,-0.2873948881948884,-0.1798319457295771,-0.3575391409276753,-0.10300293145258285,1.6997601264787172,-0.049073675180938456,1.4454136717229567,0.5677001625240833,-0.12119370056087846,-0.3189469297224864,-0.4902892186953669,-0.21586518002503624,1.7411517967504235,2.0636315976095494,0.34487615609156147,-0.17709061031025866,0.3282981415215437,-0.6171059819969729,1.4896886777899017,1.4896886777898999,-0.4917175435146613,2.0624628453571816,-0.10796351599938742,-0.0008164837894485803,2.129399814594815,1.702946302335568,2.5579501601364014,0.9683992116304513,0.7595012912843575,0.10992805584224029,1.6328986327757307,0.7945829793246278,-0.9123419860743018,1.8001869657718295,0.5812971959109882,0.5812971959109856
wgsr_rice_0059.jpg,flowering,-0.41339607924829164,-0.362261912526867,2.2917983895872758,3.053392687285263,0.0626574488520827,-0.12268540482385135,-0.24015671111643255,-0.4569874713979322,-0.35061121776542115,-0.12337205432135678,1.9936672806233577,2.7880013614221966,1.2085578622515731,-0.1640535066548904,-0.0390452224791573,-0.6002325650780924,-0.4793249474371594,0.16804689810659576,3.418625566370238,0.3247631874196103,-0.1485795794299114,-0.36919908543483515,0.516115246656079,-0.8956820401550576,0.6456652081647305,0.6456652081647329,-0.4087177805366646,2.158318825636933,-0.5363351000057538,0.6458386774538086,1.2962240478617026,1.462433543822211,1.5132681004071575,0.7144817346723146,0.650939237833308,0.22881324097154426,1.2733297352046333,0.7380025742096467,-0.7699622347532792,1.0811198667935764,2.99853310868233,2.9985331086823326
wgsr_rice_0060.jpg,flowering,-0.41325537055139455,-0.33097227890756653,1.6374797434469681,1.5813696605914378,0.52894102187012,0.20742379779798578,-0.3153375569310052,-0.23183350047368284,-0.35315616962090907,0.10043091317163526,1.585079178291079,0.9958305807713907,1.531703719360819,0.14641461739329142,-0.16560452580793622,-0.367676573876236,-0.49095372169265944,-0.0604939861329348,2.4509957154673625,1.1580961274352737,0.10240674864012207,-0.3456809664618705,0.33068454708510275,-0.6485363614935704,0.6194314199270673,0.61943141992707,-0.297799912274968,1.8986050209506686,-0.4516281818840293,0.2147352366249705,1.1000903927926775,1.2958622076896629,1.691892494039598,0.7790694955713439,0.5088919754308348,0.20494788808977132,1.1911616452812979,0.7072774562590086,-0.6981874750249457,0.9648343906283139,1.3326353097588148,1.3326353097588155
wgsr_rice_0061.jpg,flowering,-0.40931553659147263,-0.34014172655168606,2.1505152601792936,2.6310082587796466,0.5135731545357192,0.013980331207367563,-0.22833928374126952,-0.4744295895894161,-0.3482076523907719,0.07046735066687798,1.6926746161638444,2.281016275929035,1.6649863656789288,-0.011850888550271712,-0.024691553352902074,-0.6191481104909591,-0.4844748343873288,0.2971866920423529,3.1452936139869165,0.8065014945008354,-0.049932905090418,-0.302457508878735,0.4907146431241797,-0.8964904104942936,0.8161384822603582,0.8161384822603625,-0.4448437816804124,2.3798451178562834,-0.40460605526959087,0.4302869570393896,1.8140168972438995,1.7151344488818454,2.358275753786305,0.8509370634191601,0.7692092915248733,0.17626530670368784,1.4757438103816756,0.7644603146671439,-0.8717478702319142,1.3468850368658003,2.7537917845071456,2.7537917845071473
wgsr_rice_0062.jpg,flowering,-0.41086332748074234,-0.19891268098292264,1.3141922163795206,0.2959066910413944,1.1785560102916695,1.0175045198845978,-0.06586534345427707,-0.4084123187413205,-0.34834903887161045,0.39611548662405227,1.1322504907959063,0.11325048820397943,1.7672979255349626,0.7608134429688138,0.13925373973432828,-0.5997559007596165,-0.47284605449242434,0.28339817260423444,1.5213159385556279,2.047217733210507,0.7619030961698363,0.0880634995903542,0.6757462563387108,-0.9783008371044911,2.211534999368288,2.2115349993682876,-0.5740514591866996,2.1251649016320706,-0.14997931545469037,-0.0008164837894485803,3.313524068131466,1.8765055091546563,4.249168324764272,1.0811541162507865,0.7924690687508812,-0.0375594235314103,2.0403989161354277,0.5933133749715146,-0.9369624437941304,2.063414998182272,0.11639336754473742,0.1163933675447356
wgsr_rice_0063.jpg,flowering,-0.41367749664208586,-0.1691355431007395,1.546030050606872,-0.07578198102970377,-0.20514298145324533,-0.25342885406688687,-0.4444446569132714,0.21408990602365202,-0.3586702327743841,0.6184305535191571,1.0871162609741654,-0.0603226077317254,-0.01262177965618996,-0.38574115125514646,-0.27985388669721456,0.0729333573020724,-0.4871328407370751,0.09242714707294153,1.2183281390734313,0.12403134178564297,-0.3761632413258612,-0.5278989635148349,-0.020934216428899668,-0.07146078626909996,-0.022230354564468573,-0.022230354564472032,-0.5558195685789393,0.845108835765507,-0.37622124876655055,1.292493838697066,0.6665042593201153,0.30147195813347705,0.8300448304863819,0.24572784963901473,-0.16325152345503524,-0.23614966862162692,0.40171335042827816,0.1454395559557635,0.020263563907533207,0.16130175032638996,-0.420289718441797,-0.4202897184417976
wgsr_rice_0064.jpg,flowering,-0.41030049508146127,-0.29051309495585975,2.3442135575837466,3.5661941951410854,0.39734049073593425,0.03972986633892377,-0.1944457741845833,-0.6394913941635765,-0.34679379238199276,0.21033134450706664,1.6546261553844326,3.480461940363305,1.5405346683586683,-0.043799225219566466,0.0025613850593914,-0.7687223631172152,-0.4856377089931669,0.36266937308985814,3.623992159324017,0.8822020453621238,0.015979706568561812,-0.27297495446719355,0.5775690499333036,-1.0612747908449796,0.9924517869530628,0.9924517869530574,-0.4813276548125778,2.80530434262233,-0.3778464794127377,-0.0008164837894485803,2.0818047142981078,1.8769930350165067,2.6337302059198526,0.9361053311809333,0.8658704208232082,0.2799160066881096,1.6402469985412382,0.8323367190286832,-1.0063186288636305,1.566770300887377,3.6506456159276084,3.650645615927608
wgsr_rice_0065.jpg,flowering,-0.4112854535714336,-0.39000674657760953,1.9940599092966733,2.0792606899598938,0.12921529196739578,-0.17360518327266203,-0.3513691386212562,-0.21036103091404554,-0.3534389425825863,-0.055646270214670376,1.7603755728052748,1.7971833730298377,0.9534725292297198,-0.21519192048421723,-0.18420722993256916,-0.32560066185649594,-0.49095372169265944,-0.12367054351489608,2.773191937255872,0.5308765209224995,-0.15909600456416198,-0.4115919803744607,0.23846236335779267,-0.551865154317595,0.5161648471470079,0.5161648471470092,-0.424182582988588,1.742805778072345,-0.4924725270622026,0.8613903978682277,1.133563869924446,1.090776328470842,1.4453066307759532,0.6104844925467569,0.4427839433361564,0.05972852047023326,1.0067844678923095,0.5905019262701492,-0.5464416747800066,0.841888928100861,2.019158164981858,2.019158164981859
wgsr_rice_0066.jpg,flowering,-0.4087527018038842,-0.2725049586308363,2.5259016193238635,2.496873558025606,0.1328949039601949,0.07185245057578199,-0.16958916392936432,-0.5178572683596088,-0.35287339665923184,0.1366025703720706,1.9591320800705438,2.8319504678144916,0.8570903404210194,0.01582709413758828,0.04487140135855758,-0.6854731907713543,-0.4686929220381938,0.5047326030501316,3.021678650456096,0.6159050620359302,0.06145206272297056,-0.24183143879798374,0.5915566996067578,-0.9845099025750432,1.081164632689613,1.0811646326896174,-0.42561269212034425,2.0591958528457535,-0.42936687872081697,0.4302869570393896,2.086511922019754,1.873255336742302,2.6156873378762073,0.9203415386903234,0.8125996174729646,0.23531649945236427,1.5642582161934258,0.8111002404451515,-0.962728958133341,1.5751217123574348,2.5603473679654805,2.560347367965481
wgsr_rice_0067.jpg,flowering,-0.42577841830391716,-0.5694261298041169,1.633792209683822,1.9960004329596766,0.19772115804576357,-0.39209015389635454,-0.5266506197637313,0.022883551616187138,-0.3814334057935014,-0.18966121399700872,1.506541163114318,0.8845188846613415,1.546148433019563,-0.31868125698730665,-0.43630868191373384,-0.036080775837197085,-0.5130484012372064,-0.32597981904243756,2.6387701105929513,0.4230661237358953,-0.33224614473919717,-0.55507879181383,-0.24102530436120706,-0.09823586143042264,0.08826673228816229,0.08826673228816709,-0.44599119279379434,1.534637855233056,-0.45777711525469,-1.9407819675192202,0.657612866957005,0.7655965786159878,0.9419106123571939,0.26696518118886553,0.2744708731763488,-0.14857646877034203,0.7535998656081646,0.26101017935832566,-0.2530906994119732,0.6512864612590814,2.0746880916126416,2.074688091612644
wgsr_rice_0068.jpg,flowering,-0.42352708393016536,-0.5612019791596585,1.5627818916035143,2.4809492654799676,1.4758475919768137,0.5630893916606124,-0.36080625712748515,-0.4388438065615816,-0.3795953863422065,-0.18786543345820925,1.5551288871185964,1.4151133935064493,2.7926853967285146,0.60434047088276,-0.2150057945826204,-0.5378693179121034,-0.5220191719626625,-0.2942233876753829,3.183387213703911,2.3014061983247744,0.3756848087144169,-0.2647832464197678,0.09951174697020099,-0.666998136953164,1.4893178821964363,1.4893178821964355,-0.48664290331535853,2.967322971244632,-0.3055325944144249,0.2147352366249705,2.669159633344756,1.8620422419197245,3.0475133130549623,0.9922091065381397,0.9159627164804889,0.1909779254272706,1.868213345584674,0.7490977556918219,-1.039119559694221,1.999880842568353,2.766627390498851,2.766627390498853
wgsr_rice_0069.jpg,flowering,-0.4269040854907932,-0.6970427137388142,1.6564441047015028,1.823933485299969,0.5847304244695999,-0.12204177833195536,-0.516413039965236,-0.03112557041532327,-0.3803023163465878,-0.47795756062685324,1.7441797510463295,1.0807204960643635,1.6224722805500393,-0.12588421845825998,-0.44150833068930706,-0.07721791002549667,-0.520690168787799,-0.5584602355309328,2.6609941332044866,1.030015293640464,-0.10192235554772104,-0.45119145538341676,-0.27428555385134146,-0.12085428674088078,0.5987595655913822,0.5987595655913847,-0.4316670456380383,1.780194692369799,-0.4468523796349425,-0.21636820420386765,0.797783052446335,0.8744773544294623,1.2907393945350396,0.25629178002335107,0.5173926355399153,-0.18773652215330272,0.7131838538979044,0.2732098585446066,-0.33047718465590187,0.710380625964881,1.8964916467277904,1.8964916467277912
wgsr_rice_0070.jpg,flowering,-0.42859258627110725,-0.561438264901469,1.5334926647093596,0.1654697423043339,0.6287777277614657,0.37408781498361854,-0.42722401856364206,0.046575049419011645,-0.3756365744779395,-0.2806292583646319,1.713336073942456,-0.11617460894598103,1.1237818482035344,0.3024657426935829,-0.32042433967505285,-0.06290644017719305,-0.5118855238116661,-0.5030665062922619,1.5721190533096616,1.8035231353393104,0.18772285654185128,-0.4119317671851717,-0.19242986721668154,-0.09405609250673971,0.49706887408354994,0.4970688740835477,-0.3519456057172597,1.6159254689062914,-0.22562798741080442,-0.6474716450327058,0.7716318984371277,0.9404558544000108,1.4200466155147795,0.6507697400227612,0.3466648851172401,0.06526833325019131,0.9493336082711071,0.5145928113332789,-0.4985523157673455,0.8783602819890531,0.17342533317455064,0.17342533317455217
wgsr_rice_0071.jpg,flowering,-0.4200093736726437,-0.5251384698989091,1.3618135904838984,-0.7005909916206585,0.5893841655071774,2.4614750999850004,-0.12142414415967613,-0.28385761804929893,-0.3726674631799358,0.017158975567502645,1.2287110748228778,-0.5191072992381622,1.1274403059075506,1.9245019119368334,-0.03214405145498175,-0.4430803532918976,-0.509559766140864,-0.316515359760585,0.965102112801687,3.1069346382022185,1.6249878446575041,0.2335509770834184,0.23859792187099824,-0.6403490208782312,2.519388040842774,2.519388040842771,-0.47376693229197386,1.7028516696548064,0.17964424503170545,-0.0008164837894485803,2.463611562832438,2.294315172761269,3.034281876489622,1.2724543063712226,1.0271365669505577,0.3039017902824905,1.9505484438208813,0.9592033416778034,-1.2336330314389958,2.2566603167550863,-0.7227002369130493,-0.7227002369130472
wgsr_rice_0072.jpg,flowering,-0.4232456677305248,-0.4036664448223783,1.6554957836350355,-0.35759015401840205,-0.4303573020338689,-0.3371148432444446,-0.5310531911953164,0.37531707867508546,-0.3664464700220795,0.20786863938951539,1.4171068408130791,-0.30662099714150043,-0.45832713470195496,-0.4129445992611154,-0.42431244408591134,0.2826616434161603,-0.5042437534413714,-0.26847233446968943,1.024234867860786,-0.2505244229752227,-0.33661570651047756,-0.49868066039561415,-0.295274552120702,0.22856977146444826,0.18050213616263183,0.18050213616262856,-0.4594482126661699,0.8130923091535122,-0.08931569439502653,-0.21636820420386765,0.3349076264834677,0.39783957015942145,0.17148014689192131,0.1769254636643727,-0.16071364521956982,-0.274607209514375,0.2966651216441611,0.2240597107118076,0.026491788845968305,0.42357835611366373,-0.7430915542332059,-0.7430915542332039
wgsr_rice_0073.jpg,flowering,-0.42197929184675836,-0.4339635448313151,1.6286298913126085,-0.043575243835025965,-0.26039141678268724,-0.21911749221200594,-0.49119831475550046,0.27809908486733115,-0.36602231537915403,0.044608445317937104,1.5534616473439284,-0.0964236695602919,-0.16015988543432158,-0.3204209884097796,-0.3726678259268776,0.1798903075931827,-0.49942611798984826,-0.34928070718408366,1.273331877408348,0.09371532474996745,-0.21086333254750045,-0.4685563411291816,-0.19589289000674395,0.0862662978014214,0.4400590515882748,0.44005905158827235,-0.5348986372961819,0.5548789010280517,-0.24989812426571864,-0.4319199246182867,0.5969421896556636,0.3715131736194451,0.6183418454404515,0.281689001258222,-0.1018742935080184,-0.24239199389179528,0.24372348646998226,0.27757764491994497,-0.027641602782637005,0.3295985485582854,-0.37841469180218956,-0.37841469180219217
wgsr_rice_0074.jpg,flowering,-0.41508458122274944,-0.3639634573950921,1.62578515701041,0.2184914141716097,-0.013261720304409924,-0.02219785516158926,-0.3893071275377547,0.10322612160527436,-0.3631945905620055,0.2531217516176356,1.351192138579525,0.1996445522427649,0.194209214346755,-0.12440804105535468,-0.2569926063279505,-0.012942486314547936,-0.49593748289350575,-0.1721940199342593,1.3559811666428017,0.5312352672939405,0.018645819856118157,-0.38754544083152204,-0.05883943856410485,-0.11060297096944481,0.5454576990307591,0.5454576990307644,-0.479639134883039,1.1852148561774303,-0.4648210789655316,0.2147352366249705,0.9039567377237137,0.6321770010893211,0.988220640335954,0.5146975590100618,-0.0052624433987214754,-0.09586796021900701,0.596445043214109,0.40539815194988366,-0.21846398182912613,0.4565611457168932,-0.14518899995289752,-0.1451889999528968
wgsr_rice_0075.jpg,flowering,-0.41944654127336267,-0.40135041326185633,2.127178275865951,2.43084995410045,0.059951848340807974,-0.32063509600568835,-0.3976172251021364,-0.21163661796989516,-0.36050825222567895,-0.059494323596415544,1.675823696467374,2.4698277229245127,0.8866736084395671,-0.36576018295862556,-0.22017690222762523,-0.33311389501950467,-0.4926149791858713,-0.000536232118322657,3.0615672577836395,0.25982580716114145,-0.37520049607202677,-0.5310698970080664,0.06323270360152301,-0.42689899224483985,0.14425686690140813,0.14425686690140435,-0.43921584128898894,1.84713173893728,-0.5177469328881285,0.4302869570393896,0.6309386898676148,0.9243675009589106,1.1181292902504814,0.4655999136486806,0.3572352711659247,0.013824347181237387,0.8406111966042271,0.46288223700459336,-0.41258226163618306,0.5814094614906828,2.4649451333604615,2.4649451333604646
wgss_soybean_0001.jpg,flowering,-0.36485168390402295,1.6494475781542066,-0.5568929728166157,0.29894839237113163,-0.5287871285770567,0.09689388467985684,2.830333723253647,-2.167636816316248,-0.30296407451462415,2.397412128301914,-1.2209711953095415,0.5569276211048791,-0.49970590020061123,0.628749856849107,2.6939663717588855,-2.30948207112047,-0.4264970663015535,2.109610760541652,-0.3636070291020134,-0.2881055899110525,-0.3646840709377762,2.383209979633303,2.126044001836122,-2.1134403369049948,-0.6618527532919458,-0.6618527532919487,-0.4034759830876106,0.6025043918613138,-0.2699184735623281,2.154700720354742,1.2998852094229831,1.027560475050779,0.6851004572020797,1.6920558106525423,-0.45170725648985727,1.0141419178868225,1.1995120609239165,1.6701484320356146,-0.9618200166765892,0.8654631655416362,-0.10249467931381946,-0.10249467931381726
wgss_soybean_0002.jpg,flowering,-0.36569593130880723,1.8054234828319484,-0.5465679927283971,0.49701933372407064,-0.5606050329124174,0.18309046472138527,2.8478282222918163,-2.237246299827588,-0.29957080857371154,2.418345734885678,-1.2537797134529576,1.0135541305500912,-0.5555294478787148,0.6303314100442814,2.755287754911843,-2.399399526405852,-0.4281583237947655,2.0814095422719165,-0.1441661006626566,-0.23751903883469475,-0.3834210388586451,2.0155273524864,2.1750083648763843,-2.1282899565390667,-0.5854688610381138,-0.5854688610381134,-0.41486318744967826,0.6360455149786416,-0.2993627050982334,1.939148999940323,1.3631710021252395,1.1767433887773115,0.5678218149181739,1.6323394995162392,-0.40563121473918345,1.04912703989938,1.2320786819301137,1.6889248930054503,-1.0018292484511553,0.9846029215764034,0.19204151349585438,0.19204151349585433
wgss_soybean_0003.jpg,flowering,-0.3662587660963956,1.6595623741421306,-0.460807425146906,0.5879136468647489,-0.645993803858372,0.08183033949605617,2.8290698634985083,-2.200490397863289,-0.302681301552947,2.409418331298377,-1.2104915040831394,0.9795458190335042,-0.6522272430738469,0.5803001292671457,2.750306811326375,-2.377784555694669,-0.42832444954408855,2.0689664529980454,-0.10022039548008786,-0.4012078370899728,-0.4589613444060196,1.9271552247701496,2.16707348132636,-2.098040244175022,-0.7166378022264298,-0.7166378022264268,-0.36719241243726214,0.5106898023179214,-0.3525498758499531,2.5858041611835803,1.3145298556681662,1.1266907336272278,0.5954875459185003,1.696106229556384,-0.4409151140905015,1.0270280041358535,1.1854833626443106,1.6852599688054577,-0.9822593436953615,0.9422115798107067,0.16573307284618796,0.16573307284618968
wgss_soybean_0004.jpg,flowering,-0.34501179585435215,2.065288508445824,-0.8823402593391928,0.3208966115214382,-0.5059518202903928,0.39488050306483546,3.0197182747254043,-2.365084154862864,-0.2939153589393979,2.6044889216404967,-1.345298214836258,0.6378934785938644,-0.4711318051867193,0.9568790782193735,2.807749905049675,-2.4675143557641457,-0.41221028569630724,2.3442049323642187,-0.42877145279022566,-0.3054162228062106,-0.257150245039756,3.177351216902865,2.208976240273292,-2.3225156789145616,-0.5419003788059523,-0.541900378805956,-0.4456250173396004,0.41347862514454037,-0.20847810709964648,0.6458386774538086,1.561396749514996,1.2350839835788523,0.6436018607016252,1.6583388100476255,-0.3992741993532637,1.0471600049267857,1.1903266037170377,1.7230639129506036,-1.0241259775772014,1.0788998713395046,-0.08701912599048627,-0.08701912599048447
wgss_soybean_0005.jpg,flowering,-0.3524693472366687,1.9403189204114375,-0.7675539255315392,0.28767606026848175,-0.5692629192795275,0.3947516938516631,3.024816184120116,-2.3517783808759303,-0.29858110320784137,2.571600834106818,-1.24139462382175,0.5227230853848263,-0.5750204376850103,0.9529778831275725,2.824518046431405,-2.4628445506988244,-0.4009137573000491,2.317300921703583,-0.40004883492186905,-0.4882992185553811,-0.32817296079988406,3.206040935422756,2.1856080985035797,-2.2936535095243236,-0.6769626737256529,-0.6769626737256568,-0.43533591622335294,0.42066600866968207,-0.1963685109172157,1.723597279525904,1.2915168401400565,1.0974391819161489,0.6772818810498332,1.647501202710334,-0.462450119700172,1.069339327832051,1.180807129884455,1.7126213892026723,-0.9868356663341357,0.9214916222394492,-0.18119241959629917,-0.18119241959629795
wgss_soybean_0006.jpg,flowering,-0.4405528004302017,-0.5460297851777727,-1.387104976608623,1.5237556339134306,-0.564771650645988,-1.140693916799572,-0.6022737890333094,0.7608235189919854,-0.4125383667832423,-0.42762498672324684,-1.676479555484908,1.5432985239647985,-0.257993068780405,-1.1484940304701734,-0.4355102324274445,0.6314991424823442,-0.5500943643842728,-0.6724663929978015,-0.008631169593234785,0.452126528471548,-0.83821797081059,-1.0910872982796578,0.2038395937923566,0.14708062024548554,-0.8861840873383944,-0.8861840873383956,-0.4493034241267537,0.9333418335185931,-0.18801214181498058,3.8791144836700946,0.9029106915632865,0.4391167597961803,0.6772818810498332,0.5331433856396998,-0.5971301433414425,-0.2831778618949621,0.38484551083020735,0.6085755250646394,0.050875131403165554,0.2309673219562942,1.0136568459649353,1.013656845964936
wgss_soybean_0007.jpg,flowering,-0.4294368372583376,-0.203166645841767,0.6908483960552693,0.6539373803673695,-0.3604986944814813,-0.7344947623406689,-0.3932884047567121,0.2919636824719032,-0.3886441019174327,0.33521355709487377,0.21003947396464268,0.36569640713971135,0.2108616652549682,-0.7403885343649591,-0.25352302093154816,0.17658526773444497,-0.5387978373978669,0.19101148089609377,0.6631194614191571,0.3982214273107232,-0.6509965609679008,-0.7409207304336383,0.24422909578443847,-0.1586204880038278,-0.5307765110019962,-0.5307765110020014,-0.4785146513708986,1.2045990117452368,0.25143948040999503,-0.0008164837894485803,0.4342820117184682,0.20006657886839352,0.617740416505663,0.2881477773481242,-0.43211877884718963,-0.17804184978837628,0.5010832965754269,0.2759711028048764,0.06681717417070736,0.11669041310662157,0.49995950829688107,0.49995950829688296
wgss_soybean_0008.jpg,flowering,-0.42423062622049934,-0.273213918544549,0.8444587837384994,0.35107546144465723,-0.5476181151893224,-0.7294735806127353,-0.2904493227226134,0.27100438614987216,-0.3886441019174327,0.30258207333526554,0.4683990269918694,0.3849896084577008,-0.43946694654428675,-0.7539902583679375,-0.08821832742567512,0.0984961120740643,-0.5387978373978669,0.11318173817371781,0.676798711143073,-0.08450367587314238,-0.6760285409427136,-0.7338992898257533,0.24484643658106509,-0.12025797410404789,-0.6972637324678729,-0.6972637324678778,-0.4757688195389278,0.8960497189992553,0.37625930249184303,-0.21636820420386765,0.3976703961055412,0.09784865650020712,0.44573174115589276,0.28650571563035565,-0.47863833329920585,-0.1996190191306015,0.42826767217180306,0.19479052155294488,0.12332171742562055,-0.0014979163049773491,-0.18588060192660305,-0.18588060192660266
wgss_soybean_0009.jpg,flowering,-0.43028108705142126,-0.33787293160186666,0.7706561488129712,0.40218871645990434,-0.3241353836384431,-0.7184013028834463,-0.43694552382097235,0.3582674488084784,-0.3933098461858927,0.3038647577958474,0.3881342647238435,0.08336231660636863,0.05165420862231249,-0.7439734875410638,-0.2920307060342226,0.23874580712710322,-0.528331937748233,-0.0007764054936480855,0.6121726649330422,0.38907271281182404,-0.6204101917190142,-0.7776889767453895,0.2184670901159811,-0.10453700458754449,-0.5641481144138646,-0.5641481144138653,-0.43119011773419325,0.6316169251298169,-0.219802171737824,2.3702524407691614,0.47507781197279714,0.3507120701804584,0.2226016063490569,0.5712392174920063,-0.47112325697088886,0.0740196316996893,0.5605382559508528,0.5762940694400341,-0.13346609986474903,0.38171558469417183,0.19823173482518766,0.1982317348251855
wgss_soybean_0010.jpg,flowering,-0.42746691908423123,-0.38093177215490065,0.8534139285811863,0.3933616406320057,-0.45135280432413016,-0.7504594825137109,-0.4535341407620534,0.3876421565668386,-0.3913304402537592,0.22423565743616025,0.5333610947048921,0.10514078768753186,-0.1404797784707119,-0.7749728693854788,-0.29488242345351995,0.2582318444663985,-0.5311560684374308,-0.027104041804637328,0.6887902855383791,0.13721619654435807,-0.6769913264215536,-0.8186852027270204,0.2091394606059544,-0.07972266596404332,-0.6759429858436237,-0.6759429858436188,-0.36348312437515246,0.6232437443227495,-0.3288391266334316,1.508045559111485,0.3955783037848093,0.19941654438592646,0.30319308361081354,0.5295855852511948,-0.5291987812523508,0.018481001402070967,0.44496850345704114,0.45078296670049794,-0.0319017718712361,0.08317905315717491,0.10851904188315906,0.10851904188315765
wgss_soybean_0011.jpg,flowering,-0.42901471116764905,-0.16459805588938764,0.6301629436145872,0.15234846940446814,-0.34026076973944025,-0.6652928866746114,-0.31022930453569114,0.28749571711585237,-0.3890682613599485,0.4722043020729812,0.24981468183532637,-0.12879689778834452,-0.024354169563139627,-0.7061732436951659,-0.11305679358249401,0.12266650528419233,-0.5387978373978669,0.12572095942441636,0.47204210252418477,0.19515753539748662,-0.5850099353009336,-0.7424307026692057,0.4139405034389441,-0.24146250358736993,-0.5269758561689778,-0.52697585616898,-0.4927293815838492,0.506575811747975,-0.11805551737967884,1.723597279525904,0.6094947435800537,0.4114902942912698,0.2268116088925742,0.673758604071572,-0.45237252554187085,0.16636991648441568,0.6022903341639484,0.67790785821796,-0.21766569411493542,0.43520690373018983,-0.06485267167147667,-0.06485267167147842
wgsw_mix_wheat_0001.jpg,flowering,-0.4114261622683307,-0.5587441350787369,0.23939423537312124,-0.5268540172436118,-0.6236996391866179,-0.626153556911563,-0.43076292656210574,0.6127436557899012,-0.35301478314007045,-0.34696969420712437,0.2826826426134723,-0.6934650788550225,-0.5305507715163987,-0.6274095923435675,-0.19777190821059562,0.4058357173256495,-0.4932794765437595,-0.46953252056546146,0.07534666864273833,-0.5446261013045791,-0.6448496573799253,-0.613100116730519,0.4194136129856345,-0.08053661676913206,-0.6985615170450011,-0.6985615170450034,-0.3887727313040732,-0.6508833351341855,-0.21589978698327217,-0.4319199246182867,-0.10809292243238748,-0.11243749857835116,-0.5315902778769345,0.19745123513652402,-0.6722069878410657,-0.056467045410830835,-0.36485480556394134,0.33225028127328315,0.21760660992636824,-0.39063140518163025,-0.5922959419973152,-0.5922959419973136
wgsw_mix_wheat_0002.jpg,flowering,-0.4146624551320581,-0.5557664315593484,0.2379718682220252,-0.42564158042629807,-0.6475089589548059,-0.645980665396945,-0.4356500401126617,0.6089851078338951,-0.35400448850592414,-0.3387092151985694,0.25922252986239164,-0.44481228318055666,-0.6723489660080586,-0.6560892750218956,-0.19973955275189617,0.40177253032457794,-0.4894585955881751,-0.4717905260536806,0.12266725646384238,-0.5419354060863568,-0.671140639765532,-0.611288125443427,0.4173583836739332,-0.0848024843088283,-0.6891989283100046,-0.6891989283100046,-0.28309687108571874,-0.6807460666830907,-0.46195929022385973,0.2147352366249705,-0.21688172311068066,-0.1769534209633485,-0.5448217144422745,0.2247641950421252,-0.6982017600586914,-0.03713791603728424,-0.3899060524917985,0.3375217475883444,0.22193791356375703,-0.4205484867768732,-0.5664426646806879,-0.5664426646806869
wgsw_mix_wheat_0003.jpg,flowering,-0.41592883101584105,-0.5119513944818992,0.1958817947623669,-0.507589671263282,-0.6149876149453696,-0.6231923435884796,-0.43411227390349355,0.6101473560151814,-0.3521664690546292,-0.32064896894681255,0.2608302623204625,-0.61753508607526,-0.5756511708129192,-0.6185525851955533,-0.19687833539044178,0.3996290461471789,-0.49244885343654826,-0.45290962128947254,0.10083792959841291,-0.5724307963077528,-0.6346294894026343,-0.595319990670337,0.4108840253405136,-0.08183806112692577,-0.5676706725517839,-0.5676706725517882,-0.33541730250859175,-0.7913640131255911,-0.20677074679371646,0.8613903978682277,-0.10547780703147293,-0.2107552140516971,-0.49911311539830266,0.2223011024654724,-0.6849210186129083,-0.08330302253692982,-0.4127861913525797,0.31759058447330685,0.2393342626621019,-0.4144170707608872,-0.5822368323371485,-0.5822368323371466
wgsw_mix_wheat_0004.jpg,flowering,-0.41438103773826396,-0.5090682155280647,0.21194877536053983,-0.5526193292528782,-0.5937215996292775,-0.5577884516281608,-0.4044739022543057,0.5811273569568436,-0.35414587498676275,-0.29843290084231744,0.24701602686285712,-0.6459842920214405,-0.5574217843038636,-0.564514618995446,-0.16534786215329872,0.367996598469289,-0.4907875959433364,-0.4262937978036605,-0.008882495619706226,-0.40470585779264817,-0.5583486415253919,-0.566516968872869,0.44162231075388325,-0.11196141579987695,-0.3488085735089472,-0.3488085735089524,-0.35835885002738305,-0.7519665034322219,-0.2687481971409532,0.4302869570393896,0.2663916029793823,0.053971328933598746,-0.16712434339452567,0.2884761896916781,-0.5988795545522961,-0.021883359106965566,-0.054386351971446215,0.4047454942156392,0.10440783128643906,-0.14632619116533838,-0.6683992512814713,-0.6683992512814707
wgsw_mix_wheat_0005.jpg,flowering,-0.41803945669268266,-0.5090682155280647,0.18350234792733966,-0.7455610115836312,-0.5109301534463152,-0.541759396777532,-0.4079706602370362,0.5988937502616615,-0.35004567664167363,-0.29396919904866703,0.21271885557644654,-0.76592889398699,-0.5584310258292375,-0.5503329272488541,-0.17648856823369277,0.39118506318335666,-0.4856377089931669,-0.4182224693520749,-0.08122757377500785,-0.43268992598153194,-0.5302061826401036,-0.5633836801168127,0.41615392796538125,-0.08301912686418235,-0.4376141181438636,-0.43761411814386797,-0.4174183229208325,-0.8418208974687575,-0.03509250132674241,-0.0008164837894485803,0.1314516482918815,0.002943622059813919,-0.3481544527661186,0.22761043535293024,-0.6233220323152202,-0.012228830312910515,-0.2197245816952683,0.36894972771432283,0.14374523676688358,-0.2285717370349495,-0.684193418937932,-0.6841934189379303
wgsw_mix_wheat_0006.jpg,flowering,-0.4171952068996075,-0.5320864618921985,0.20209795580555498,-0.6990403057452985,-0.5933968899476847,-0.6165618159148238,-0.4277295899249908,0.6284043597260953,-0.35075260424625976,-0.3059237914685023,0.21700622837377756,-0.7464395039876501,-0.619742328584073,-0.6179199868252652,-0.20398867035846657,0.4273784357611898,-0.4887940925908826,-0.43902517863018187,-0.05508997903430492,-0.5407693342304837,-0.6204842057270017,-0.6001141996767173,0.3676035679519366,-0.028150392181481382,-0.4997223800492853,-0.4997223800492902,-0.3976390892278985,-0.8012133905489335,-0.07002637331311731,0.4302869570393896,-0.200144984544766,-0.2118927743960335,-0.5941388870950458,0.19761544130830094,-0.7051254861185516,-0.03976731992921983,-0.3975884348830093,0.31733956226782845,0.23245001910705446,-0.3897856926276906,-0.7026730502593239,-0.7026730502593262
wgsw_mix_wheat_0007.jpg,flowering,-0.40847128441009,-0.5402161393152466,0.20167655607507814,-0.9036718349566244,-0.279979980943173,-0.31857512760084583,-0.39838613108946574,0.5555117218715013,-0.3469351788628314,-0.32336827783842903,0.23873959403358594,-0.9095484398590276,-0.3046073646253274,-0.3434068848693437,-0.16947331529543602,0.3451618688547219,-0.4824813253954707,-0.41927950358584964,-0.10571368663101927,-0.035441845591621474,-0.3633510142939981,-0.5184992612760175,0.4389196456088395,-0.14155741644974665,-0.3564098831749839,-0.35640988317498407,-0.2530198194150823,-0.7902024157881945,-0.03194090902741538,0.2147352366249705,-0.18497731521946106,-0.05247181757062421,-0.4534045163542606,0.26286002689443805,-0.5579778276506291,0.027433017705915046,-0.37487530433508004,0.4249276795361552,0.1166113583231688,-0.3241372556289413,-0.5972572223274425,-0.5972572223274413
wgsw_mix_wheat_0008.jpg,flowering,-0.41522528753135557,-0.5272181643734826,0.2083665343057149,-0.8718230393019715,-0.3930741175834382,-0.3761254337233124,-0.4056535077434665,0.5765387066880633,-0.35386310202508553,-0.2950465559020181,0.2309987270537175,-0.9060168127009296,-0.41606520578281303,-0.39169843422401857,-0.18996766442410917,0.377003547080827,-0.48613608624113636,-0.4380162625737322,-0.04916595469957827,-0.2746517240900004,-0.43666953195173885,-0.5115910829383741,0.40113480362049725,-0.09953172532236362,-0.4350185489896072,-0.435018548989606,-0.24915745805559994,-0.6655727014633471,-0.25663428055186377,0.2147352366249705,-0.1258757071586681,-0.08221089514355301,-0.36258874720110507,0.3006274464031908,-0.608562915198293,0.03229038978109666,-0.3152533366468022,0.4189031466046583,0.1172436654235179,-0.2477059835675936,-0.6276621329744618,-0.627662132974461
wgsw_mix_wheat_0009.jpg,flowering,-0.41325537055139455,-0.5178123282992712,0.18687377466832975,-0.8863160192085948,-0.4310066626154306,-0.36428058043095635,-0.40337850526563124,0.5821159238072017,-0.347783497747863,-0.2911472263534262,0.2141480660847112,-0.9115758649881395,-0.47485343898458343,-0.3767260231492871,-0.16726800698381206,0.36624247377729763,-0.4869667149877519,-0.4093345931755237,-0.10819090945805858,-0.3196774141116948,-0.3738674394282485,-0.527294925411799,0.41909748425213583,-0.10677875744152053,-0.4534656297645011,-0.4534656297645048,-0.377315179213213,-0.7891618181734433,-0.4768795447877002,0.2147352366249705,-0.10861594551257034,0.030570087564724766,-0.4419773665932852,0.24512576034249958,-0.5450913197171532,-0.010522728550965872,-0.21137416605264925,0.38943313968141274,0.11249345833214806,-0.190408958038902,-0.7359454899044903,-0.7359454899044925
wgsw_mix_wheat_0010.jpg,flowering,-0.41733591559650457,-0.541303248835313,0.22359071544294012,-0.5999153618317076,-0.6955063284836779,-0.6143087735482062,-0.44120061596298116,0.6378912433006577,-0.351035377207937,-0.30659082751717887,0.2309987270537175,-0.6264295413171019,-0.7441310553726039,-0.6287802794153083,-0.22012940251683694,0.44052082364944195,-0.4816507022882594,-0.4553117725540171,0.007238095499782201,-0.6597912862679648,-0.6258165127521166,-0.6154028428430653,0.3259041467748131,0.005694336005822641,-0.5355968537170438,-0.5355968537170389,2.3794683638667293,-0.8943347770968971,-0.6526099719580605,-1.509678526690382,-0.08978711462592401,-0.1685029726912567,-0.5015188311374553,0.16844147812254973,-0.6908838004865266,-0.08087433649934032,-0.3556693483570621,0.2768747827445988,0.2430253553603875,-0.3276258199139043,-0.7406336722347941,-0.7406336722347919
wgsw_mix_wheat_0011.jpg,flowering,-0.41775803929890487,-0.5121404949571451,0.25662012245439836,-0.5186233864706993,-0.6845216009885939,-0.6311746687104972,-0.43693499775841077,0.6156264510531007,-0.35386310202508553,-0.24543229421392906,0.21926880004190938,-0.4987676872420521,-0.7540342164275493,-0.6289384576426071,-0.20588031536250678,0.4097328244431257,-0.4921166019379214,-0.3947775398119315,0.046695813637306155,-0.6491179484067163,-0.6287047887386255,-0.5960749767881208,0.3360447348201176,-0.018587068128744322,-0.703474558658415,-0.7034745586584178,-0.3458368044151954,-0.7711086595547373,-0.39606474144779563,1.0769421182826469,-0.20119103070513172,-0.1871914640622251,-0.5839145952035764,0.17013827523091662,-0.6918201050782496,-0.08045282900521165,-0.4749132837336374,0.30107332335278353,0.2580742643486867,-0.4567026984573432,-0.715918303250765,-0.7159183032507664
wgsw_mix_wheat_0012.jpg,flowering,-0.41733591559650457,-0.5534976879536669,0.18987644803300682,-0.6651636714107326,-0.5968059889146592,-0.6477188205558396,-0.45275475447765307,0.6513560065421868,-0.3465110194203156,-0.33496382562043653,0.22004291261264242,-0.746701124418238,-0.6012606488238552,-0.6421711945643132,-0.23396970302971973,0.45487544416236547,-0.4896247213374982,-0.45646483438679203,-0.05099699974781677,-0.4560099990443445,-0.6752879583878402,-0.6234812886202541,0.31412220159663773,0.016410026257145178,-0.7507509968252286,-0.7507509968252303,-0.31946762294982256,-0.7243543667245227,-0.3469937869353366,-0.0008164837894485803,-0.22891125395488793,-0.33718692089182256,-0.5640674403555663,0.15010512227409611,-0.7445488373490715,-0.08424639645235792,-0.4842657492533683,0.26593021458571686,0.29526182568794546,-0.48957977399133196,-0.659341500953991,-0.6593415009539932
wgsw_mix_wheat_0013.jpg,flowering,-0.4157881223189439,-0.5188521498644862,0.18092107429313348,-0.757787616901014,-0.5038415012681592,-0.5754269223535189,-0.44278048642239315,0.6301553403946968,-0.3511767636887756,-0.3289608355921331,0.2522557754532567,-0.8463715461369224,-0.493713558621548,-0.5757967011017976,-0.22029098414170734,0.4295871476874329,-0.48414258288868256,-0.4697246801412841,-0.03344037133864646,-0.4578934662106119,-0.5779742602421055,-0.5768603319960774,0.3284637950714648,-0.010416867515666986,-0.6124442404627074,-0.612444240462705,-0.3808157462002416,-0.7214503733810311,-0.2806304310337248,0.2147352366249705,-0.11698431479549737,-0.16622785200262163,-0.5351988514856637,0.19361975779505156,-0.6666384394797547,-0.0668240866950988,-0.39124211899461425,0.31508036241851545,0.2234791621208569,-0.34084007856904425,-0.7029916645924514,-0.7029916645924531
wgsw_mix_wheat_0014.jpg,flowering,-0.41311466185449747,-0.5502364107376221,0.16580241476142188,-0.7496166889434572,-0.4957246997343346,-0.5769718636926551,-0.4335329743387294,0.6285780410570234,-0.359801319821486,-0.32911477556259205,0.19426046214936935,-0.8521267693444251,-0.46993337798332735,-0.5633547980471327,-0.22025298437307717,0.4332604734511825,-0.48015557054437064,-0.46242209437082815,-0.08269964850237993,-0.3795919554401846,-0.5748638215566353,-0.5821830845944432,0.3351413603267069,-0.013082735774449307,-0.5966854277404362,-0.596685427740434,-0.3343756027265328,-0.7980189978710927,-0.18985409151247726,-0.6474716450327058,-0.10443176087110695,-0.12560069684832983,-0.41010163304944147,0.17528340194659797,-0.6375637179472453,-0.10102640907570742,-0.27300023349517066,0.29183570619115523,0.22296541260182395,-0.3200144069285456,-0.6728598519452555,-0.6728598519452563
wgsw_mix_wheat_0015.jpg,flowering,-0.41761733060200784,-0.5448953877028602,0.19298464300319706,-0.7935131596384365,-0.6468595983732506,-0.6805494358911803,-0.46705784287833735,0.6868741010754904,-0.3554183485147032,-0.3256771544554522,0.220816766455912,-0.8567048249417016,-0.6761335703376522,-0.6572490959702091,-0.25771501497288424,0.49472859520226525,-0.4929472250451132,-0.4586267078981832,-0.05020714023693542,-0.6623923436095811,-0.6906922444742583,-0.6416011604838027,0.25697460552945495,0.07731642638777912,-0.7252587997744958,-0.7252587997744965,-0.32626949996076043,-0.8421354967476358,-0.3942422810422049,0.6458386774538086,-0.4831004709243401,-0.43940484325999024,-0.7234461080747149,0.13592865611066265,-0.8005546356909323,-0.05941759786972237,-0.5510690743943014,0.23154017243508013,0.3369940943109611,-0.6502651592378682,-0.7622084142208528,-0.7622084142208535
wgsw_mix_wheat_0016.jpg,flowering,-0.4208536246598726,-0.56332891024494,0.2132658498033206,-0.8030558593914764,-0.6109292141784572,-0.6398651647889958,-0.4573153312613746,0.6715303262144642,-0.35739775444683675,-0.3511769036966283,0.26029417901613183,-0.859582436545453,-0.6410625472423729,-0.6321016213024033,-0.2596447010496521,0.4879589583760789,-0.4899569728361445,-0.483801282376403,-0.07541119373467618,-0.5707267023271954,-0.6462567682566877,-0.6102311202741233,0.272625987341337,0.05825833829135264,-0.7361972697817193,-0.736197269781719,-0.42659187457380376,-0.8512830757796342,-0.2589757185606063,-0.21636820420386765,-0.30056541594013214,-0.2751086278160773,-0.6452603465521111,0.1505977407894265,-0.7536408477266118,-0.0879998203286325,-0.48743890719755634,0.2587509795090131,0.3005020707820861,-0.4963454744227634,-0.7947525925331564,-0.7947525925331586
wgsw_mix_wheat_0017.jpg,flowering,-0.418461582783374,-0.5423903070112305,0.20172920242924153,-0.7907099780208401,-0.58284505971004,-0.5920354088764556,-0.44590864915353473,0.6504503449797038,-0.3544286479484399,-0.32952520783719735,0.24427713793445616,-0.8721393291607021,-0.5698480834325849,-0.5869733501464386,-0.2380761975916384,0.45738721424477646,-0.4919504761885982,-0.44868179748785714,-0.07900152096822058,-0.5100945708233672,-0.586268897486722,-0.5715753881642385,0.2863727458730817,0.02984898384459224,-0.5601620617841137,-0.5601620617841117,2.3794683638667293,-0.89506077543277,-0.6519767286248325,-1.509678526690382,-0.21531265387013182,-0.22814363645773103,-0.5087359783549135,0.1499409161023192,-0.7214368976901804,-0.10194971120570065,-0.4525341698114317,0.2428863761227338,0.28815627464777693,-0.4551169874187169,-0.7331689935729512,-0.7331689935729538
wgsw_mix_wheat_0018.jpg,flowering,-0.416491663415122,-0.5663539017191745,0.21200142171470363,-0.4318443887164772,-0.5728884521798127,-0.5378969385361929,-0.4209466867417275,0.5816630930259602,-0.35301478314007045,-0.3643116282433638,0.2745847317339996,-0.4679640395090574,-0.594826759794901,-0.5435320652473586,-0.19048099173338529,0.374708533825344,-0.49128597319130574,-0.4676588342288876,0.07965509252423583,-0.44165916986223347,-0.5290952484702812,-0.5288049796620511,0.4105904024605582,-0.10314348254318101,-0.4356674412781713,-0.43566744127816887,-0.4611638559762442,-0.648511740570334,-0.07413413313724286,0.2147352366249705,0.2716218337812114,0.023257199636950294,-0.05405570365413719,0.2521866257289169,-0.5731804574688988,-0.12278422448684417,-0.21304424918116927,0.3303425125116402,0.16623956186178965,-0.22592888530392616,-0.6796873019408438,-0.6796873019408461
wgsw_mix_wheat_0019.jpg,flowering,-0.4160695397127217,-0.5496692120001658,0.2731611491372124,-0.5415259436244713,-0.6255935830571584,-0.5834093174045434,-0.4463193944208556,0.6149621593160766,-0.3489145847949649,-0.3279346434356978,0.31126348932175063,-0.6058283799346502,-0.6305285845388002,-0.5790653550927644,-0.22988229096031002,0.419014231351723,-0.4866344634891057,-0.4346051952527382,0.06938676287654552,-0.5389755049408325,-0.5997476528404656,-0.5810506259214376,0.3577038710483426,-0.04570613914941645,-0.4733958929132558,-0.4733958929132506,-0.3622395694449999,-0.734953942428267,-0.30648017128531124,0.8613903978682277,-0.20276009994568056,-0.1733782313097603,-0.5724874454426009,0.1756118142901514,-0.6443149668454724,-0.08673529784625106,-0.4774184084264173,0.32050244205686385,0.23951605095345163,-0.4397884473787584,-0.6907932872670005,-0.6907932872670011
wgsw_mix_wheat_0020.jpg,flowering,-0.4146624551320581,-0.559311333816193,0.25056212937088684,-0.5782056947879012,-0.5503237157005972,-0.5416306574933515,-0.4368717956175569,0.6021391249800613,-0.3551355755530425,-0.34014583962961026,0.29465085761913995,-0.6346700342877858,-0.5586833190803996,-0.5460626305368728,-0.2218688832299731,0.40742326038213134,-0.4901230985854482,-0.4548793352250466,0.05559986885824312,-0.4253351382047506,-0.5668654012439642,-0.556324512757077,0.37522232276846224,-0.06787135091169344,-0.4357601401765376,-0.43576014017653497,-0.40519541474617893,-0.6766320761131442,-0.32396497923081585,-0.21636820420386765,0.00801820136846648,-0.11552516237007035,-0.2729758359174558,0.20095430013443683,-0.6367259717335956,-0.1217605634296779,-0.33963655032325146,0.2771258049500833,0.23455244021571373,-0.39919424479015736,-0.6978938352624122,-0.697893835262414
wgsw_mix_wheat_0021.jpg,flowering,-0.418461582783374,-0.5352532658868385,0.230754968655398,-0.6674300783943323,-0.6402579519358534,-0.6231923435884796,-0.4579999372172376,0.6498768292857326,-0.35555973499554183,-0.32531799834768743,0.2704761396139306,-0.7034059802971083,-0.6852167440659598,-0.621504940001376,-0.2549678795255119,0.4658096218762887,-0.49145209894062886,-0.45944346437881006,0.017075691963677267,-0.6305515083465915,-0.6280382604167363,-0.5976604845420788,0.27978546572798585,0.03568575252182751,-0.5832440874773226,-0.5832440874773267,-0.35955587484810286,-0.7936872078003844,-0.21453297639152866,0.2147352366249705,-0.28853588509586375,-0.24471951576068116,-0.6735275064872258,0.13258979728452677,-0.6916722675111354,-0.12874554476092795,-0.4856018157561844,0.2695449343446139,0.29533296023673516,-0.484822640875478,-0.7452763382317942,-0.7452763382317928
wgsw_mix_wheat_0022.jpg,flowering,-0.41775803929890487,-0.5650304551131596,0.2700531830642141,-0.6471518211726393,-0.6774870279029582,-0.6240291839001342,-0.4587477453139557,0.6522238884798155,-0.3592357786977385,-0.3245484099653295,0.28089638820560286,-0.7234185401133855,-0.6840182483418642,-0.6261970262296657,-0.26033860986811264,0.4714172012692222,-0.4897908470868213,-0.4720788176063313,0.04224386402995159,-0.6544097983990323,-0.6425538152573071,-0.5973207387387077,0.3067294212514506,0.01519468051536478,-0.6448888548909127,-0.6448888548909076,-0.29448680773142144,-0.7463763162460005,-0.24468588292811583,-0.0008164837894485803,-0.2989963466995222,-0.22115576577120916,-0.6278189074432537,0.14036222274865026,-0.6996554961353166,-0.1020099265620046,-0.45554031944276746,0.2863132176706156,0.2793988213079474,-0.468859816420074,-0.7074522652562357,-0.7074522652562334
wgsw_mix_wheat_0023.jpg,flowering,-0.41930583257646553,-0.5310466403269837,0.20251935553603226,-0.7644078913775771,-0.6291649780833055,-0.6710220995010272,-0.4560198475530639,0.6682093922463556,-0.35457003442927854,-0.3256771544554522,0.24386032799079085,-0.8243969574186477,-0.650461053274283,-0.6489193114002201,-0.2518024574945354,0.4797603320982932,-0.4884618410922363,-0.4524291701609992,-0.03681525397718151,-0.6292958960465688,-0.6829160270855623,-0.605889919341351,0.2772258174313341,0.05071873031963201,-0.770588561075617,-0.7705885610756207,-0.3705950158519483,-0.8389653040143241,-0.1974124514613625,0.2147352366249705,-0.35705190859994945,-0.2780337829871985,-0.6669117882045558,0.15941013867480336,-0.7744120259061926,-0.11547809458864046,-0.5288569687849477,0.2841544267034942,0.31635717132333,-0.5017368919540628,-0.7481893835632452,-0.748189383563243
wgsw_mix_wheat_0024.jpg,flowering,-0.418461582783374,-0.5436665170065428,0.18413456197164496,-0.7489606058618477,-0.6254312282163621,-0.6307241161803763,-0.46034866789848944,0.6687152194457957,-0.35810468685102975,-0.34065893570782796,0.23701284694232083,-0.7905848701055422,-0.6747458889355388,-0.6249844601157701,-0.26009144615563207,0.4849419241160835,-0.49510685978629454,-0.4440696545345908,-0.06919996194201135,-0.5956611340614613,-0.6279642061837521,-0.6068336622404178,0.2659031486830363,0.05748424795664043,-0.6014130715571175,-0.6014130715571163,2.3108582282211216,-0.8939233780399024,-0.6445241568016881,-1.509678526690382,-0.3089337852230589,-0.231881334731936,-0.6284203363780421,0.17188980772986992,-0.7129608771756187,-0.08304208932628011,-0.3915761356203182,0.28460626667335587,0.2598289165521546,-0.338620083114985,-0.7879706588708723,-0.7879706588708725
wgsw_mix_wheat_0025.jpg,flowering,-0.4197279562788495,-0.5396962285326418,0.21563630912368598,-0.6863962018471654,-0.562390701034682,-0.5864992000828081,-0.45442940526560227,0.6374987549757809,-0.35471142091011715,-0.33003830391541505,0.2507673163558579,-0.8075236296367176,-0.5047521078274447,-0.5960411661484263,-0.2509564669933615,0.4531293475010011,-0.49975836948849456,-0.43719950609311103,0.017578188010396973,-0.5322485720303064,-0.615448196083843,-0.5919602593884825,0.34651676081325056,-0.025707742556807626,-0.5803704216279673,-0.5803704216279667,-0.32933523899369044,-0.7523537025446875,-0.10333000054677258,-0.0008164837894485803,-0.2733682157705588,-0.2383816795566076,-0.5935374581602574,0.18059273483406243,-0.6927564096699754,-0.0456884966324368,-0.42280669012371874,0.3160844512404299,0.23916828204826027,-0.4181170631843196,-0.6507389139595499,-0.6507389139595489
wgsw_mix_wheat_0026.jpg,flowering,-0.4183208740864769,-0.5771776576208165,0.24107983429502347,-0.6603326673104029,-0.5845225108656462,-0.6037514529556319,-0.45902156023700724,0.6448652571053872,-0.3521664690546292,-0.3502533753438053,0.25642387488992957,-0.80556160073472,-0.5034905730509159,-0.6079031587289376,-0.2615933870107339,0.464496035364952,-0.49128597319130574,-0.47020513126975744,0.03179597121871808,-0.5625646864984593,-0.620113894337058,-0.600793691283455,0.27854332579954705,0.031076287727485597,-0.6519339711667517,-0.6519339711667536,-0.2731924875104496,-0.7280811581820036,-0.2500670077042366,-0.21636820420386765,-0.3968016626939738,-0.30094749849420344,-0.6825489405090485,0.1727108385887542,-0.7312680959032913,-0.07384921159722087,-0.5175004035109925,0.31302198033358564,0.28198337658062234,-0.5143168661937573,-0.6729508846118635,-0.6729508846118639
wgsw_mix_wheat_0027.jpg,flowering,-0.41789874799578564,-0.5520324801713956,0.21205406806886104,-0.7627378970545975,-0.6660152652762971,-0.6981879066165307,-0.47368280935769763,0.6908892356502997,-0.3568322133230892,-0.3468157542366652,0.25934154449559305,-0.7916966770107696,-0.7356786832929164,-0.665104345858301,-0.28081395911247176,0.5113566536383618,-0.4902892186953669,-0.4496907135443068,-0.06578919787201422,-0.6748596081929475,-0.6914328270291401,-0.6371089295216025,0.26357693319290787,0.0737903691782713,-0.8133227532224818,-0.813322753222483,-0.34421108348128504,-0.82916432648004,-0.3904388205987665,1.508045559111485,-0.3737886471658641,-0.3651384036379669,-0.693976090270094,0.13888436720265201,-0.8076508389124258,-0.09524573487053485,-0.6282269149320968,0.2479570246734122,0.34115941733450833,-0.5538539280899488,-0.7744978242129116,-0.7744978242129132
wgsw_mix_wheat_0028.jpg,flowering,-0.4181801653895798,-0.5430047937035326,0.20114963473909364,-0.7598154393837474,-0.5972388567812864,-0.6398651647889958,-0.46410876050719935,0.6673640731402372,-0.35428726146760137,-0.3452253013050965,0.25428031785499244,-0.8126902512780456,-0.6221392515115531,-0.6274095923435675,-0.25745839262234316,0.478049859822836,-0.4907875959433364,-0.4596356239546327,-0.05702882438315808,-0.5497385781111851,-0.6227800880746253,-0.6132888735117977,0.2998786132631159,0.02901789303724159,-0.7377731510539465,-0.7377731510539428,-0.40071234697277175,-0.7920900114614641,-0.22627725808975316,0.2147352366249705,-0.2435559002000709,-0.263082989890416,-0.5243731306594062,0.13718757009429133,-0.7370337610207546,-0.10359559761133938,-0.41145012484974436,0.2595040461254487,0.29656595908241506,-0.49719118697670306,-0.7804604638757252,-0.7804604638757251
wgsw_mix_wheat_0029.jpg,flowering,-0.42043149976333494,-0.5473059438289359,0.26415312904317567,-0.7183642897522518,-0.5766762811392702,-0.6360027764766634,-0.46462485793110847,0.6509483014239659,-0.3578219138893525,-0.32762676349477976,0.3109064454221464,-0.7712917398317917,-0.6053606539777625,-0.6297819794057765,-0.25519600204958104,0.46101036481710755,-0.4906214701940132,-0.4611249911395557,-0.004215101417342302,-0.5262392292951189,-0.6118193375424522,-0.6200838305865487,0.31688518766309887,0.00648556634279676,-0.5376362294811025,-0.5376362294811041,-0.38392032608939286,-0.679342469900403,-0.28306669586746486,0.2147352366249705,-0.17190173821482668,-0.24293192093389673,-0.48046881841979894,0.16028590492428021,-0.7386599742590131,-0.10486012009372049,-0.42163763193373505,0.2825980890295274,0.2844414704332281,-0.4434884398021908,-0.7709020338819018,-0.7709020338819004
wgsw_mix_wheat_0030.jpg,flowering,-0.416491663415122,-0.5400743267948467,0.19725151555930506,-0.7314855302577511,-0.530572855480939,-0.5460724075489848,-0.45853708676626853,0.6394916301868533,-0.3554183485147032,-0.33778568684574634,0.24314572273665488,-0.8161564999700949,-0.5076536857779674,-0.5580300561790948,-0.24974923086562373,0.45034311912153085,-0.48680058923842884,-0.44358920340611746,-0.06456844917111387,-0.4137648369824434,-0.5417593670361672,-0.5944895100415073,0.35402992130529953,-0.030890799519867812,-0.5726764130635642,-0.5726764130635688,-0.3893317768537782,-0.8853081977875441,-0.2550805821804559,-0.0008164837894485803,-0.2733682157705588,-0.2000296450909702,-0.5791031637252709,0.18623048006508036,-0.7147595675755104,-0.07665926155806735,-0.4979604309072706,0.2917352973089641,0.2650612578075401,-0.44644843374094867,-0.7005337825940396,-0.7005337825940412
wgsw_mix_wheat_0031.jpg,flowering,-0.41663237211201914,-0.5551519962111896,0.23033356892492712,-0.7964952553359097,-0.5661244509016256,-0.5335839277647401,-0.4414534245264003,0.6366460898314964,-0.35555973499554183,-0.33460466951267775,0.2628545459947275,-0.8990189546118325,-0.5328846553914457,-0.5342533258524899,-0.24686897231575783,0.45410324796643453,-0.4876312123456206,-0.4592513048029818,-0.051786859258698116,-0.5456127999747422,-0.49695361965365853,-0.5580610095331228,0.34674260443660304,-0.02605771748671356,-0.5198380409947726,-0.5198380409947682,-0.30860180933706366,-0.8136037621478309,-0.29160705836988066,0.8613903978682277,-0.3638512086423885,-0.19791703302295194,-0.6572889252478747,0.1548671012556376,-0.6756072518846997,-0.07720119976480391,-0.4904450568289114,0.2832005423226758,0.26005812787603083,-0.44021130365572203,-0.7119583822533239,-0.711958382253323
wgsw_mix_wheat_0032.jpg,flowering,-0.42113504085952946,-0.5618636511185252,0.2302282762166059,-0.8386620936812792,-0.5388519530739424,-0.49122590611024713,-0.44352829451911124,0.6360274484745048,-0.3527320101783933,-0.34250599241347396,0.26892817319992796,-0.9088944420657387,-0.5320015604916564,-0.4970857376463277,-0.24217315090730374,0.44666979335778123,-0.4869667149877519,-0.4653527105633432,-0.06894863591553962,-0.4874023526267995,-0.46229398601545646,-0.5667812201651982,0.3221926436598689,-0.008995044537336164,-0.4534656297645011,-0.4534656297645048,2.182396697650623,-0.8922051819783365,-0.6292251844899258,-1.509678526690382,-0.2592465926055587,-0.25528257610079125,-0.5700817297034483,0.13061932322320438,-0.6779972925530481,-0.07202267912266831,-0.48860796538753976,0.28239727126513886,0.26779598601654847,-0.5125197270166616,-0.7579753952235881,-0.757975395223587
wgsw_mix_wheat_0033.jpg,flowering,-0.4157881223189439,-0.5649359305476113,0.21373989588795528,-0.7232549318792049,-0.4788958151776441,-0.5131773876070579,-0.4384516660769688,0.6145623249530336,-0.3568322133230892,-0.3001260175774985,0.19592770192403736,-0.762855058179765,-0.47680881446217266,-0.5348859814922319,-0.23604197084704293,0.4278551000796657,-0.4869667149877519,-0.4513722403050524,-0.029347392052154534,-0.3351942177172122,-0.52791030029248,-0.5581742718033599,0.3815912176253909,-0.06818106676651908,-0.4466059112853948,-0.44660591128539123,-0.4305044018878421,-0.7186915797047141,0.011475453475957801,0.2147352366249705,-0.17660894593647317,-0.12868836064004902,-0.36800160761419887,0.20998563958218275,-0.6214494231317687,-0.08729730783842217,-0.31408427845683845,0.3062443807856532,0.21049315504744562,-0.35680290302446066,-0.7980297685310388,-0.7980297685310392
wgsw_mix_wheat_0034.jpg,flowering,-0.41592883101584105,-0.5427684566175843,0.19114087612162378,-0.8791590024924012,-0.6875518523998377,-0.631239073317091,-0.4653831920903881,0.6962402997373234,-0.35414587498676275,-0.35015071154019295,0.24653970960258798,-0.8771097798817451,-0.7829868198388991,-0.6100646796677194,-0.26976829375774836,0.5121574496934014,-0.49394397954105196,-0.4676588342288876,-0.09612741619359592,-0.7018570751441454,-0.6691410547998646,-0.6082304132130927,0.234314220514501,0.0988052059677664,-0.6903113150904003,-0.690311315090398,2.60537978611446,-0.8959319734358174,-0.676592364718429,-1.509678526690382,-0.3319468007511689,-0.3503501191618203,-0.6145874708778437,0.09684758722769482,-0.7998647270443968,-0.12774195548919884,-0.5315291017905794,0.20819510732552834,0.35648496067921015,-0.5494139371818177,-0.8522397214960089,-0.8522397214960081
wgsw_mix_wheat_0035.jpg,flowering,-0.4190244151826714,-0.5629980485934377,0.2418173410476504,-0.5585835206478247,-0.608061258826386,-0.6301447544370753,-0.4522386570537428,0.6311743408317433,-0.3552769620338811,-0.34635404579521933,0.2727984773261302,-0.5930098668888205,-0.6436487243685819,-0.6216103730630866,-0.2511655896331154,0.44866174845709633,-0.48264745114479374,-0.4617494836665266,0.040376781544026956,-0.5003180988907004,-0.6392211736478705,-0.583315543267453,0.35222317231848,-0.032869074664654996,-0.5863031511234105,-0.5863031511234083,-0.31975326992428393,-0.3843693460352448,-0.5353945713909586,0.4302869570393896,-0.3230554083879979,-0.1491644468378209,-0.6891646587917184,0.12465316564863257,-0.6500559923684167,-0.10457911509763623,-0.4380044465932692,0.28420463114459027,0.26208941443590145,-0.4441227242176487,-0.6387681183006186,-0.6387681183006212
wgsw_mix_wheat_0036.jpg,flowering,-0.4200093736726437,-0.5482512408286025,0.23591751592380994,-0.5624006135067844,-0.6107668593376608,-0.5949965522705397,-0.44376000519191905,0.620381436614643,-0.35457003442927854,-0.34430177295227343,0.2794674364248017,-0.6134148395899218,-0.6191746345085972,-0.5938269573135162,-0.24384617332943295,0.43761969408162327,-0.49759874038671764,-0.4691962152133134,0.043967108777571644,-0.499600508715362,-0.6008585870102879,-0.571688650434471,0.37407792628535597,-0.05346338528939294,-0.47821623562830345,-0.478216235628299,-0.2979958215033346,-0.6539809280339098,-0.27807399280258593,0.2147352366249705,-0.08717199922500946,-0.09391151582799953,-0.4028844858319834,0.21940012676407475,-0.6467050075138234,-0.0630104474625206,-0.3239377689151252,0.34886795127599807,0.19778378233043598,-0.3426372177461399,-0.6735425969448144,-0.6735425969448138
wgsw_mix_wheat_0037.jpg,flowering,-0.4198686649757466,-0.548440289959705,0.21690050831511096,-0.4808700212505434,-0.49588699579350703,-0.521159712729083,-0.42151541447844193,0.572191426244742,-0.3559838944380576,-0.3293199916998917,0.23778670078559042,-0.5155102580918769,-0.49554278747355246,-0.5199135131480527,-0.21171683199949998,0.3811746107434483,-0.49095372169265944,-0.4409948925657503,0.07355150502596627,-0.3155515385427852,-0.5247998616070012,-0.5123838368153486,0.457288740084124,-0.1518147112917391,-0.3425050484200387,-0.3425050484200354,-0.35916661073428197,-0.4661893584881204,-0.32581862627019337,0.8613903978682277,0.14086606373523536,0.04974610479754346,-0.14908147535081,0.23658703941008402,-0.5235070349184444,-0.09030807565361475,-0.19634341789593118,0.3454540492814838,0.13613384004643617,-0.19379180825461154,-0.5561559733540017,-0.5561559733540009
wgsw_mix_wheat_0038.jpg,flowering,-0.4208536246598726,-0.5442809523547015,0.2363915620084446,-0.6781656358629855,-0.6410155000932617,-0.6551217839345639,-0.46239195970351693,0.6589937873669286,-0.35796330037019114,-0.34271120855077364,0.2822658326698002,-0.7275387510766003,-0.6811166703913415,-0.6435946268016423,-0.2563747383508456,0.47323605195814344,-0.4917843504392751,-0.442340113974348,0.012372260323623142,-0.6815865411034736,-0.6518852922137566,-0.6034361631993767,0.3378666621732809,-0.0038406871129470807,-0.7704031632788844,-0.7704031632788885,-0.3518317551488508,-0.727185760234427,-0.3308159256359379,0.2147352366249705,-0.19282266142220497,-0.2101051795692297,-0.5015188311374553,0.1524587440695708,-0.7149566843316626,-0.10502069437719717,-0.4326601805820055,0.25312808210628185,0.2827974719723212,-0.4516284231337663,-0.6965283452632945,-0.6965283452632939
wgsw_mix_wheat_0039.jpg,flowering,-0.4171952068996075,-0.5573262152513115,0.22448616125805207,-0.6742889049773956,-0.5961024904589595,-0.6569886084486471,-0.4698173645923994,0.6613712801476997,-0.3554183485147032,-0.3561024254016556,0.2744657171007982,-0.7603044277116003,-0.5795619902888085,-0.6419075832753036,-0.2750059423019506,0.481846114805561,-0.4896247213374982,-0.44704838890443677,-0.0005528553146453248,-0.5686637645427406,-0.6538848771794151,-0.6074753860879689,0.3218161940049528,0.004484570729894958,-0.6519339711667517,-0.6519339711667536,-0.3376591029997649,-0.7611140824642204,-0.37986062220672945,0.2147352366249705,-0.27859844657238814,-0.29168450711902744,-0.5971460317689866,0.1796622331939934,-0.7186279839150059,-0.09568731415009546,-0.41662738254817533,0.2987137146212794,0.2817620690955002,-0.5426482367503863,-0.6702199046136281,-0.670219904613629
wgsw_mix_wheat_0040.jpg,flowering,-0.4208536246598726,-0.5657394150268723,0.2315451217621883,-0.7196764235211115,-0.6011890405815403,-0.6012408620916613,-0.4646038058059866,0.6580807797662793,-0.3559838944380576,-0.33573341400280066,0.2539230152279247,-0.7858106258269076,-0.6311593861874201,-0.6071123821313505,-0.27479681966219666,0.48529565921558404,-0.49494073403697136,-0.4518526914335257,-0.021771729826512605,-0.5877682267275393,-0.6176699839734769,-0.5970942141982337,0.3506045827351251,-0.016454134358896207,-0.6078092955443923,-0.6078092955443887,-0.37861193435428125,-0.8759428192547837,-0.059956186300237586,-1.9407819675192202,-0.2958582082184248,-0.23448147266180458,-0.6362389125302884,0.1256384026792938,-0.6927564096699754,-0.11399278246647612,-0.5138262206282292,0.25990568165421435,0.29094632972806583,-0.4593455501883661,-0.7455039198983138,-0.7455039198983121
wgsw_mix_wheat_0041.jpg,flowering,-0.41747662190511076,-0.5886159002147554,0.21663704764711914,-0.7484834692544743,-0.4300867890080381,-0.5236703035930536,-0.4473200110809928,0.6219891695390046,-0.35244924201630645,-0.3987901687086122,0.28053908557853513,-0.8233505467405347,-0.42186836168385106,-0.5248691533959043,-0.24688801350416933,0.43850729321781684,-0.4901230985854482,-0.48394542815272845,0.002606582728880364,-0.3321446786950715,-0.5531645234162649,-0.5605902601861431,0.40283621997881275,-0.08334040225541717,-0.5033376370855711,-0.5033376370855684,-0.31611831159434167,-0.6701464909793463,-0.32369206134756684,0.4302869570393896,-0.19125359218165613,-0.1511145502852224,-0.3547701710487886,0.16811306577899585,-0.6348533625501467,-0.09143209563795372,-0.3615146393069013,0.30097291447059193,0.23005515596448436,-0.4019428105904214,-0.6389046673005304,-0.6389046673005327
wgsw_mix_wheat_0042.jpg,flowering,-0.41789874799578564,-0.5729237954502592,0.21832287546621337,-0.7385232709206911,-0.5370662849516776,-0.6397364255048226,-0.47820123612568716,0.668662223027597,-0.35485280259136537,-0.352921408068587,0.2504100137287902,-0.8094856230165844,-0.5492217054753452,-0.6496574001016789,-0.2848253716446223,0.4947571950613738,-0.48929246983885194,-0.45093980297607644,-0.010246770046463929,-0.4992417623439209,-0.6791390198531891,-0.646923872074837,0.372406735811742,-0.028534248511207363,-0.7138568352754407,-0.7138568352754436,-0.33910457565230767,-0.8109659681941593,-0.24493224190032706,0.2147352366249705,-0.3319468007511689,-0.30517272263025874,-0.6633032145958268,0.15322503953786243,-0.7620429494576164,-0.09452315059488707,-0.49679137271728724,0.2667334856432481,0.3110774070354181,-0.5542767843669129,-0.6414080656322461,-0.6414080656322485
wgsw_mix_wheat_0043.jpg,flowering,-0.416350954718225,-0.5821405310492246,0.2506674220792021,-0.8742683603654481,-0.5847390035805806,-0.603493904458279,-0.4611702041986217,0.6727906964769697,-0.3586702327743841,-0.35759032599953705,0.2727389700095331,-0.8899936891546967,-0.6562011016021768,-0.6027365950882049,-0.27685004629110843,0.50154840721987,-0.4987616149925557,-0.46434389888472144,-0.07691914989351036,-0.5658832365829368,-0.6235947248624826,-0.6029077016220626,0.3221098168849082,0.01561879592017106,-0.6327452992049273,-0.6327452992049258,-0.31906553448569075,-0.7993983947092512,-0.2577677766981295,-0.21636820420386765,-0.3157330852654371,-0.2994849209086522,-0.6819475115742603,0.14178534290404968,-0.7253053140296759,-0.10447875617046352,-0.5124901541254135,0.2647253079994139,0.3027941840208502,-0.5161140053708654,-0.8224720395152445,-0.8224720395152472
wgsw_mix_wheat_0044.jpg,flowering,-0.41621024840961884,-0.5332680959778135,0.18597832885321824,-0.5457008646431916,-0.5018934195234805,-0.5621659369352067,-0.43918894811112535,0.6005166999793673,-0.3521664690546292,-0.3348611618168242,0.24052584844145533,-0.6803195846736062,-0.4251483795111205,-0.5542342368795566,-0.23512939814257394,0.41403434360343516,-0.4932794765437595,-0.4310019683559215,0.05854386230675945,-0.3463160372589849,-0.5622737974487388,-0.5697256291179557,0.46399653122406764,-0.14206205000471353,-0.5132564192107653,-0.5132564192107636,-0.36425775368384333,-0.5702249200187066,-0.37479939510766574,0.4302869570393896,-0.1713787151346438,-0.1147126192669862,-0.41371020665817065,0.2214800716065815,-0.6526677893874391,-0.0767997640561098,-0.36802796350814865,0.2898275285473211,0.22016745368278096,-0.36314574717892845,-0.47113146274227696,-0.4711314627422779
wgsw_mix_wheat_0045.jpg,flowering,-0.42226070804639887,-0.5780284300549292,0.23238792122314242,-0.6555613336310625,-0.7142290981292914,-0.6635547315157093,-0.4684165287275017,0.6776889297827517,-0.3575391409276753,-0.3638498083319869,0.27285798464273453,-0.7155704600275334,-0.7470957408962708,-0.6487084452767928,-0.2710420707846836,0.49539241298473224,-0.4916182246899519,-0.444502091863567,-0.029814006667411862,-0.679523700751496,-0.6642531536226831,-0.6197063170239868,0.30608944375329494,0.03064619325212284,-0.7339724962209281,-0.7339724962209323,2.451269668612132,-0.8933909792602623,-0.6618576486200642,-1.509678526690382,-0.27232216961019307,-0.2539825071358571,-0.5959431738994101,0.1416758721228649,-0.7707407263228493,-0.09221489526990483,-0.4548722861913593,0.26633185011448246,0.30103953181738224,-0.45543412962643987,-0.7181030872493532,-0.7181030872493553
wgsw_mix_wheat_0046.jpg,flowering,-0.41592883101584105,-0.5674882478499435,0.2451887677886469,-0.6008100294141905,-0.5418281253926657,-0.600790239632541,-0.4572942791362527,0.6275286070332887,-0.3532975561017477,-0.3456357335796958,0.27506104899426875,-0.7484669291167619,-0.4502532024990141,-0.6033692507279469,-0.2505382217138535,0.4402393408255841,-0.49128597319130574,-0.4364308677898093,0.004796754104205261,-0.3685597737750284,-0.585602369164833,-0.5934325048722034,0.42898213363737175,-0.09940536763127003,-0.6492457031141289,-0.6492457031141255,-0.35980898480879264,-0.611413225607229,-0.35299413854720535,0.2147352366249705,-0.14679663036598528,-0.13811386063584144,-0.41671735133211146,0.18787254178284887,-0.6590001651788426,-0.08940484530905833,-0.3955843351287857,0.3258241128130207,0.23380947937280458,-0.4347141720551815,-0.5847402306688642,-0.5847402306688624
wgsw_mix_wheat_0047.jpg,flowering,-0.4157881223189439,-0.5504254598687299,0.30044844119011677,-0.8235130630874126,-0.6733745186527136,-0.6356164886951299,-0.4695856539195916,0.6763000038523388,-0.35386310202508553,-0.32413786622079316,0.3319252058278188,-0.8919557002956289,-0.6977691212995547,-0.6215576278975044,-0.27685004629110843,0.4969729315144155,-0.48896021834020564,-0.44531884834418817,-0.04492929368100929,-0.6269638497672997,-0.6172996725835332,-0.6169883505970234,0.3345767512683261,0.003962797172666181,-0.6372875452248761,-0.637287545224876,2.60537978611446,-0.8944557768195426,-0.6778149460121516,-1.509678526690382,-0.2890589081760466,-0.24293192093389673,-0.6278189074432537,0.15076194696120346,-0.7434646951902345,-0.07238397126049138,-0.4074419253412964,0.2538309442816219,0.2754389980920132,-0.3539486231549435,-0.8263864441793817,-0.8263864441793817
wgsw_mix_wheat_0048.jpg,flowering,-0.4197279562788495,-0.5745780523636329,0.23043886163324834,-0.775143416451857,-0.589987849762334,-0.5573378990980399,-0.44190631980945555,0.6436347957125582,-0.35584250795721906,-0.35225437201991044,0.25826989534186007,-0.8428399012177514,-0.5724972996112344,-0.5598225327671501,-0.2452720320390817,0.45777707548209834,-0.4899569728361445,-0.4392653520055019,-0.08654130176240013,-0.4802269380357387,-0.5467953766793172,-0.5651201768928584,0.3768634182053604,-0.04500100742845564,-0.513163720312399,-0.5131637203123975,2.6882139742719615,-0.8915275835315218,-0.6886566774039745,-1.509678526690382,-0.03643876044720438,-0.10106189513513816,-0.3920587650057961,0.19947644458843858,-0.635222956467932,-0.08414603752518456,-0.2634807596625875,0.30995950942674144,0.20218622051661447,-0.26483166278466025,-0.7846024502063821,-0.784602450206384
wgsw_mix_wheat_0049.jpg,flowering,-0.4183208740864769,-0.5518906676510013,0.2363915620084446,-0.8242883898279094,-0.6268381663461375,-0.6155962363189887,-0.47238727988389884,0.6791151106210074,-0.354994189072204,-0.33414284960130686,0.2716670621283289,-0.8716815378098216,-0.6565165024264832,-0.6140714223601448,-0.27876073248356004,0.49921024329976715,-0.49626973439215194,-0.44651992397646045,-0.08097624774853612,-0.5571831011970495,-0.6434425465031629,-0.6131756112415607,0.34400225507167126,-7.945312821771753e-05,-0.7604843811536902,-0.7604843811536932,2.3794683638667293,-0.8934635790938497,-0.6533680240594808,-1.509678526690382,-0.3622821394018397,-0.3230486708981433,-0.6440574886825348,0.17134245382394694,-0.7744859446897497,-0.09974181480789145,-0.5131581873768214,0.28847200863773703,0.3095677738333355,-0.5092425908701927,-0.8017165915286564,-0.8017165915286545
wgsw_mix_wheat_0050.jpg,flowering,-0.4169137895058133,-0.5410196237945132,0.18834878817358958,-0.8620417550480654,-0.44788962626463513,-0.4584596254525009,-0.43380683502727035,0.6179362553393409,-0.35838745981270687,-0.3327575013371067,0.2366555443152531,-0.8974493385946667,-0.47125802033300773,-0.4892831756543702,-0.24473020490333242,0.4421590436492565,-0.49111984744198256,-0.45194871903252587,-0.07372383041851821,-0.3901756554248166,-0.4634048397352679,-0.5198582444895014,0.4216194483289004,-0.09866595590578539,-0.4272318415268379,-0.4272318415268422,-0.314287018317114,-0.8170401542709625,-0.27009322668860736,0.8613903978682277,-0.22577311547379028,-0.16054005028101515,-0.5538431484640972,0.21830541895222258,-0.6651847034031294,-0.04350067202006246,-0.4069409004027405,0.3217073486431607,0.21605745753051428,-0.4007799558287712,-0.7378571759032551,-0.7378571759032533
wgsw_mix_wheat_0051.jpg,flowering,-0.41339607924829164,-0.5562391057312506,0.19498634894725494,-0.8759979603206918,-0.46482666900636643,-0.5082849451633049,-0.4438758834110676,0.6364120660442036,-0.3544286479484399,-0.3274729349942517,0.21641063775284303,-0.894964122114674,-0.5239907358618671,-0.5206515445800576,-0.24731575872583536,0.4556837664961178,-0.4894585955881751,-0.4214894952745716,-0.13745221681704858,-0.38587040667018646,-0.5316873477498502,-0.5575702337003238,0.4263171527122151,-0.08502012247708414,-0.6105902624953814,-0.6105902624953826,-0.25956688188412963,-0.7775942446885352,-0.13665533062995527,0.4302869570393896,-0.3392691238737297,-0.22424342956292834,-0.6206017602257256,0.18809148334521797,-0.6826048967281171,-0.024954342278464364,-0.46272167689542243,0.32778208601575926,0.23146203926275993,-0.4727712369819883,-0.7678524395505391,-0.7678524395505386
wgsw_mix_wheat_0052.jpg,flowering,-0.4191651238795685,-0.5547266099941333,0.2062068892991784,-0.898423348472731,-0.5345229804995753,-0.4975345506089631,-0.44748851961294667,0.648759706767467,-0.3576805274085139,-0.3255232144849931,0.215279222555049,-0.9069978271519208,-0.5759665716372327,-0.5240256316327349,-0.26863709847136735,0.47963740287931783,-0.49510685978629454,-0.447913159184561,-0.11407905236132286,-0.4923354562476849,-0.5274659748945576,-0.5646672098265906,0.4055615218253865,-0.062040561305014646,-0.5255853726934833,-0.5255853726934885,-0.2850890592665538,-0.7912914132920038,-0.23610416527960562,0.2147352366249705,-0.3837260856893397,-0.2219683088742933,-0.6464632044216875,0.15026932844587307,-0.7052486840911468,-0.055483527924533656,-0.5129911790639694,0.2713522942240653,0.2688234850546144,-0.47879693892873315,-0.8211975821827346,-0.8211975821827348
wgsw_mix_wheat_0053.jpg,flowering,-0.416350954718225,-0.568339020284056,0.21389783495043432,-0.44663559115059015,-0.47635256950716554,-0.48382287280253117,-0.4188928688741385,0.5622968375519586,-0.35584250795721906,-0.3495863392951285,0.23677455894845453,-0.5444826693771179,-0.42476987111366266,-0.5050991657617186,-0.21690693952881873,0.3811530354111384,-0.4851393317451975,-0.44945054016898117,0.05606663947972014,-0.2620050863209136,-0.4896958221208746,-0.5066835706544167,0.5168002358613225,-0.20054333911763939,-0.31080202517876376,-0.3108020251787615,-0.3418963447631419,-0.6095498298784885,-0.2608398803668865,0.4302869570393896,0.16440210234346705,0.02618235480807146,-0.21463722924286208,0.2108614058316592,-0.5255274816690075,-0.06903198309290834,-0.21471433230968895,0.32035182873357665,0.13792801144367547,-0.1849118264383619,-0.5024467000553747,-0.5024467000553742
wgsw_mix_wheat_0054.jpg,flowering,-0.4148031638289552,-0.5662120891987746,0.28554059597223963,-0.6238317978324834,-0.6335480591409985,-0.64469320262617,-0.4701228034686239,0.6515296878731149,-0.35386310202508553,-0.35517889704883254,0.338177354982825,-0.6838512295927699,-0.674367449058792,-0.641643971986288,-0.27819036421724336,0.47870665307850435,-0.48929246983885194,-0.4689079236606627,0.057036062154149046,-0.5848084230145028,-0.6558104079120982,-0.6187248063657247,0.3885474890902163,-0.05004614716401303,-0.6066969087639967,-0.6066969087639954,-0.32095620577448064,-0.769777662605637,-0.16418190181891204,0.2147352366249705,-0.2184507923512295,-0.198567067505419,-0.5779003058556947,0.13839174868732165,-0.7013556281571323,-0.10692751399348757,-0.4323261639563016,0.28862262196102423,0.27639536258129044,-0.45099413871832084,-0.6356274913026481,-0.6356274913026466
wgsw_mix_wheat_0055.jpg,flowering,-0.41958724997025976,-0.5587914230335828,0.2269094958297728,-0.5377684563977687,-0.6066002416040901,-0.6213255190743963,-0.45453475742218935,0.6304423606001883,-0.35909439221689987,-0.3546145248037681,0.27130975950126796,-0.6413408757191653,-0.5772281064137615,-0.6179199868252652,-0.26577588110991185,0.45852017006700657,-0.4926149791858713,-0.43325997384414067,0.08450204989014296,-0.6206853985373083,-0.6210026255829136,-0.5905635084158121,0.41952653479731106,-0.08684334039210663,-0.5481112049964945,-0.548111204996496,-0.3072014085956542,-0.6905712441619039,-0.04188595674913047,-0.0008164837894485803,-0.2561084541244613,-0.23399394679995428,-0.5430174276379099,0.20325318653931265,-0.7025876078830864,-0.04325981059484729,-0.4460208456101843,0.32652697498836075,0.2361648233216033,-0.4148399270378512,-0.5780493296731878,-0.5780493296731893
wgsw_mix_wheat_0056.jpg,flowering,-0.41930583257646553,-0.533315383932665,0.27073781456549123,-0.5738518272949448,-0.5938298165959358,-0.576650050446707,-0.45219655280349896,0.6159512508834466,-0.35570112147638044,-0.2786795378553733,0.2708929495575959,-0.6828048189146567,-0.5601341080556573,-0.5925089581379038,-0.2573538106504179,0.44046312217931066,-0.4871328407370751,-0.41639690119283196,0.07448504626892843,-0.5190638147040686,-0.5877500625964686,-0.5918469971182498,0.4749351611342779,-0.13851885279294376,-0.49684871419993,-0.49684871419993,-0.35980898480879264,-0.721668172881793,-0.2995243295191479,0.2147352366249705,-0.03800782968775321,-0.08627361065899153,-0.4419773665932852,0.23204400199091785,-0.6346316061994756,-0.047394598394378845,-0.25279222764002096,0.365485621278713,0.17432518890749865,-0.2754030697087772,-0.64145358196555,-0.6414535819655524
wgsw_mix_wheat_0057.jpg,flowering,-0.4187429977888772,-0.5609183541188643,0.27890303519857423,-0.6946268002257118,-0.5570336378862702,-0.6003396171734207,-0.44898413580638163,0.6297854149013303,-0.3544286479484399,-0.33414284960130686,0.31150177731561024,-0.823415942967649,-0.519323036632484,-0.5978863879020639,-0.26187855049184455,0.45829638871328,-0.4901230985854482,-0.45084377537707604,0.05843621801236855,-0.5459715463461727,-0.6250017955142395,-0.5867508100676896,0.43123311153571126,-0.09462928607075421,-0.6579593995605613,-0.6579593995605614,-0.31997222729716424,-0.7803530383648521,-0.27420638723562357,0.8613903978682277,-0.23466450783690015,-0.20701751577751082,-0.582110308399212,0.19854594294837,-0.6837629576705142,-0.05203118082977788,-0.40627286715133265,0.3162350645637167,0.2345998632482402,-0.43788559413242156,-0.7030371809257553,-0.703037180925757
wgsw_mix_wheat_0058.jpg,flowering,-0.42043149976333494,-0.5307630666303274,0.20035948163230333,-0.7561176549724006,-0.395671501128061,-0.5008175771779946,-0.43548148581521956,0.60024489656722,-0.35244924201630645,-0.3504585914811049,0.273751111846669,-0.8764557643273908,-0.3476261732979703,-0.5072606867005004,-0.23016745444141956,0.4147919889938548,-0.4843087086380056,-0.4490661166395082,-0.0035328862008559303,-0.34165204213292405,-0.5069516249319882,-0.5407715772910638,0.4817783799394411,-0.15282397840167283,-0.4683901524014756,-0.4683901524014807,-0.3078835980962327,-0.8252197355217973,-0.10006450554398415,0.4302869570393896,-0.0960633915881802,-0.10398705030625933,-0.447390227006379,0.20007853388495375,-0.5922268640321451,-0.035271239991862595,-0.3464838911501832,0.3559467774705107,0.1731079977393269,-0.33957150973815337,-0.5525146666896881,-0.5525146666896896
wgsw_mix_wheat_0059.jpg,flowering,-0.42029079106643785,-0.563281622290094,0.21558366276952856,-0.6645076207234824,-0.49821380753067507,-0.5755556616376996,-0.4560198475530639,0.629438576956486,-0.35301478314007045,-0.3688267176737858,0.27392963379646795,-0.8211269329300724,-0.42117445246208696,-0.5720008245328055,-0.2538842252540156,0.4465614149443172,-0.4931133507944363,-0.4418596628458747,0.008602369926535255,-0.4608533673561257,-0.5592373727712475,-0.5829003029530403,0.4497830379272606,-0.11288458429379739,-0.5837075819691541,-0.5837075819691574,-0.27833925029999795,-0.6884416490433434,-0.20591857648350706,-0.0008164837894485803,-0.3654202778829371,-0.20311730888270815,-0.5105402651592781,0.1977796474800779,-0.6673529877208092,-0.05020464835522793,-0.41963353217951144,0.31508036241851545,0.23075069377486704,-0.44274844131750424,-0.5819637343373251,-0.5819637343373236
wgsw_mix_wheat_0060.jpg,flowering,-0.4329545469187885,-0.8178057789016324,0.0763544278653772,-0.8734333632039616,-0.4211582720518554,-0.5712426508662393,-0.6063287944556822,0.8136027043476787,-0.3886441019174327,-0.6539419355006307,0.1518653799834861,-0.9361664626406353,-0.48116118138795305,-0.562616709345674,-0.49310544913755366,0.7031794209428377,-0.5223514234613086,-0.7552445318366782,-0.12481415263049019,-0.4475788747207941,-0.48465981247771595,-0.6458669079128688,-0.19526809087493083,0.44102807159487156,-0.5446813457569414,-0.5446813457569392,-0.43209412843203787,-0.863237848377008,-0.4625996440791721,-0.0008164837894485803,-0.3915714318921447,-0.3786266191491982,-0.5911317424210347,-0.20277394087509507,-0.6403479921279008,-0.37958264733748187,-0.5505680494557454,-0.040869124950799335,0.47946078785828167,-0.41071707833744275,-0.6448217906300402,-0.6448217906300407
wgsw_mix_wheat_0061.jpg,flowering,-0.43098462934175547,-0.8097706260441384,0.07071783451233699,-0.681028423112839,-0.406385686206502,-0.498178247029851,-0.5917097182334691,0.7675708550475882,-0.3859577635811063,-0.6557889922062708,0.1627024385188232,-0.855854602944939,-0.34800461317471704,-0.5072079988043721,-0.47128028202490363,0.6537352820632883,-0.5196934171115624,-0.7600008205662642,-0.04525253857663332,-0.24711613758164097,-0.4458528199922002,-0.6132888735117977,-0.14216310875055616,0.3675883437637453,-0.4549488121383619,-0.4549488121383627,-0.3415448695913278,-0.7315417502496644,-0.028058925833603494,-0.0008164837894485803,-0.37640376256677865,-0.2500823002410541,-0.5490317169857918,-0.07058797259445401,-0.547234964440314,-0.3344412018950022,-0.4979604309072706,0.04919764237509005,0.38745220091878896,-0.38967997855844944,-0.4746817367399828,-0.47468173673998165
wgsw_mix_wheat_0062.jpg,flowering,-0.42929612856144145,-0.835719339316964,0.09526614276575497,-0.782539017668917,-0.5365792792109124,-0.645401303653644,-0.6155341794063581,0.833444878151444,-0.388219942474917,-0.6623050225778324,0.1635360584061606,-0.8946371232180297,-0.5720557521613434,-0.6239827601253017,-0.5045313186990584,0.7258119445359882,-0.5235143008868489,-0.7549562924729413,-0.1062163386839668,-0.5370023024654714,-0.58575047763081,-0.6727069494011572,-0.22782817279347892,0.480479972150042,-0.6595352808327883,-0.6595352808327852,-0.28846934094472065,-0.8656336428853886,-0.13046497652773142,-0.21636820420386765,-0.6227476333334869,-0.5357724552859534,-0.7541189837489822,-0.22899219296885026,-0.7138232629837846,-0.4102121919107245,-0.8167793001423848,-0.10307242746851175,0.5729078734510683,-0.6562908611846135,-0.6612531869527557,-0.661253186952754
wgsw_mix_wheat_0063.jpg,flowering,-0.43042179574831746,-0.8169077185126737,0.0455901874659695,-0.668742179768826,-0.354059344103263,-0.4871059693005618,-0.5852533060515509,0.7575025850238767,-0.3869474689469764,-0.6511713504421676,0.11506760776254037,-0.8453251354588094,-0.2576777364768025,-0.4891777425926534,-0.46596659263934354,0.6409105031367154,-0.5191950398635929,-0.7633157559104359,-0.05437188238635181,-0.12235385387130905,-0.4253384700296309,-0.6173658231522452,-0.1269558904261993,0.34889737059948667,-0.4637552074831605,-0.46375520748316446,-0.3240117178882526,-0.5838736887331171,-0.2227097573564541,-0.21636820420386765,-0.1865463844600099,-0.21628050715268682,-0.21403580030807398,-0.06911011704845578,-0.5875453410735217,-0.39252894894281826,-0.5106530626840415,0.017016595632670304,0.41705998089261764,-0.35310291060101623,-0.45046704742229676,-0.45046704742229815
wgsw_mix_wheat_0064.jpg,flowering,-0.42802975267766924,-0.8154425107304026,0.033895601029411374,-0.7019031253895184,-0.41379904806625084,-0.6363245897226114,-0.6072977871626465,0.8046363400488877,-0.38807855839387356,-0.6479389454723273,0.10530245710840692,-0.8591900236606365,-0.3424538190455447,-0.6134387667204028,-0.4862708190125778,0.6853531789356669,-0.5195272913622393,-0.7615862153501873,-0.1040261673086419,-0.1932109389883387,-0.5545715940680217,-0.6644020200908389,-0.18366691218902848,0.4215000285527058,-0.6251439895388906,-0.6251439895388942,-0.26005249348450893,-0.6727842849330179,-0.30945623018568114,-0.0008164837894485803,-0.44073560142940094,-0.42380401568075976,-0.5261774174638411,-0.13528520427466809,-0.6624743480060309,-0.35884849298351135,-0.5978314019929564,-0.02796658358917879,0.4818319394845896,-0.5563910657517435,-0.5166933123795021,-0.5166933123795038
wgsw_mix_wheat_0065.jpg,flowering,-0.42915541986454525,-0.8233830876782046,0.05528306795846933,-0.8103918225819061,-0.6419895115747921,-0.6912999003745214,-0.625087130366245,0.8676496060040435,-0.3856749930192407,-0.6673844842533188,0.14352943983761732,-0.8724663458184044,-0.7323356264132137,-0.667318611962665,-0.5198260603562559,0.7622582000785706,-0.5228497978895759,-0.7641805261905545,-0.1635537741200657,-0.6675945557252704,-0.6358144375804354,-0.6970555490029517,-0.27138714011966064,0.5398094920725804,-0.7080168046783638,-0.7080168046783679,-0.3434672235922702,-0.893802378317257,-0.13696747959188849,0.2147352366249705,-0.5751525330367184,-0.5933005069844097,-0.864781907750288,-0.22904692835944288,-0.7642605129643344,-0.4156115021926401,-0.7030466390899447,-0.11823416867945098,0.5873086676615102,-0.5967738402018502,-0.8103191785230975,-0.810319178523099
wgsw_mix_wheat_0066.jpg,flowering,-0.43337667181533035,-0.8194600358150116,0.04927772122911565,-0.7790797853640704,-0.5922064445328435,-0.6478475598400202,-0.6163662417690519,0.8458602073692393,-0.38638192302362206,-0.6501964901875383,0.1084581559804732,-0.9217783335776324,-0.5621525911063907,-0.6326288438804287,-0.5050541459504927,0.7341335000327492,-0.5225175492106318,-0.7570221383853378,-0.1533932447729941,-0.5734173975454282,-0.5425740038240247,-0.6593057920329385,-0.2286411967527496,0.48579456866534476,-0.6060480164754326,-0.6060480164754325,2.866961432927623,-0.989029160039252,-0.6549773200834165,-1.725230247104801,-0.5155279018957426,-0.44558017084344703,-0.6795417958351075,-0.15931404074473224,-0.7063821054390248,-0.3673790017932271,-0.6716490762736924,-0.02073714407137899,0.5034094192839897,-0.4775283700978418,-0.6949352735976574,-0.6949352735976599
wgsw_mix_wheat_0067.jpg,flowering,-0.4314067542382973,-0.8300475059748377,0.061709814418306246,-0.7451435453972473,-0.4362014297046636,-0.6121200658591831,-0.6127536055671727,0.8128324197742564,-0.38638192302362206,-0.6695393651649115,0.14394624978128262,-0.9014387748647108,-0.4063512989265966,-0.5968846879115955,-0.5005199061669079,0.7041462968814725,-0.5137129014147968,-0.7559171425409741,-0.07174910363820296,-0.34819960185772963,-0.5907124732659812,-0.6573805384756138,-0.19522288289586534,0.43590799417500625,-0.6110537569872129,-0.6110537569872133,-0.3893743437738065,-0.6017816476846485,-0.3080378181031739,-0.4319199246182867,-0.3539137701188518,-0.45468065359800625,-0.47445452907191704,-0.1987235219712535,-0.6998279732969498,-0.4292201727173181,-0.6464308210329833,-0.08379392208772433,0.5441774195789731,-0.5950824150939953,-0.5593876330185801,-0.559387633018578
wgsw_mix_wheat_0068.jpg,flowering,-0.43309525501861135,-0.8257463558494345,0.1030623811253321,-0.7237917065132016,-0.4893394284486367,-0.5791606413106701,-0.6044540111826074,0.8012099379613946,-0.38624053654278345,-0.6531210152164605,0.16693004527209368,-0.8990843508389544,-0.40723439382637855,-0.5682050052332674,-0.48564345109331586,0.6836642819925196,-0.534644702123931,-0.7628833707703737,-0.03904115077774909,-0.38963753586766553,-0.5308727109619926,-0.6496041117499453,-0.1850747056673886,0.4213453699276448,-0.5845418720544507,-0.5845418720544522,-0.3486013153752748,-0.7200225766538144,-0.25021166052260885,-0.6474716450327058,-0.2116514923088513,-0.36400084329364923,-0.42152878281041684,-0.13681779521125229,-0.6981032016806152,-0.3948372042678005,-0.5427186587516823,-0.0447850713562765,0.4939722358112847,-0.47647122940543274,-0.5518774380234331,-0.5518774380234307
wgsw_mix_wheat_0069.jpg,flowering,-0.42915541986454525,-0.8292912581062791,0.09689909533349342,-0.8064554536696928,-0.5297070609660669,-0.6318828396669781,-0.6092989518346862,0.8281914114286276,-0.38298865468291426,-0.6637929789106793,0.1778263523965644,-0.9119028638847916,-0.5343985519398475,-0.6093793361318489,-0.4975161070648981,0.7142937275939534,-0.514045152913443,-0.7586555991576667,-0.10345175239276584,-0.479868191664308,-0.5833065672672203,-0.6671577542769933,-0.18977234462671042,0.4464861658035298,-0.6496164987075941,-0.6496164987075899,-0.4363806545324867,-0.8134585624806563,-0.06455777023081663,-0.21636820420386765,-0.2461710156009857,-0.45728079152787476,-0.4359630772454033,-0.15909509918236311,-0.7316869690101148,-0.4287384498668881,-0.5722791301265626,-0.07510855377814318,0.5373722144114704,-0.5385253880499783,-0.7018537562598534,-0.7018537562598522
wgsw_mix_wheat_0070.jpg,flowering,-0.43196958783173534,-0.8147807874273979,0.02783760794589389,-0.47311662426809614,-0.6037322862520189,-0.6676746683254022,-0.6072029839513651,0.8067572462108566,-0.390057964326007,-0.649221629932909,0.08934466461586439,-0.5193688841466271,-0.6521010964482696,-0.6519770992677596,-0.4947118893563879,0.6971819803125823,-0.5188627883649468,-0.7464526832591215,-0.005112605222618629,-0.5318000903497823,-0.6101899835167178,-0.645036386276699,-0.1846079054783333,0.4276002749391299,-0.609848671308451,-0.6098486713084539,-0.35975468717973313,-0.6275545886081364,-0.32019098899252285,-0.0008164837894485803,-0.35129865471793725,-0.4155160760292847,-0.6163917576822083,-0.2078095968095916,-0.6732911299999056,-0.42978218270948887,-0.6778283838492356,-0.07701632253978576,0.537127195410085,-0.5895852834934552,-0.5797334340054329,-0.5797334340054309
wgsw_mix_wheat_0071.jpg,flowering,-0.43070321254503646,-0.8189874129872473,0.1173908875502534,-0.3278288026759261,-0.6094140590820234,-0.6556367410712786,-0.6088987097471803,0.7767408095469827,-0.388219942474917,-0.6554811680003183,0.1811013246292961,-0.4786897311986607,-0.5380570096438638,-0.630309144714348,-0.4956624618294871,0.6670648234155316,-0.5304915668500098,-0.7447711564983759,0.13009923695740727,-0.46157086009899734,-0.595007860129261,-0.6808231629375369,-0.16934043165655221,0.39435225799336254,-0.5920504828221211,-0.5920504828221178,-0.40981155306707295,-0.6154788162881172,-0.02260831621013913,-1.078575085861544,-0.23675660015763184,-0.3087479122838282,-0.4534045163542606,-0.0936315720338503,-0.6549839112722331,-0.3921074414486896,-0.5205065531423286,0.024597466238140124,0.45330698542010833,-0.4007799558287712,-0.37723126713628763,-0.3772312671362874
wgsw_mix_wheat_0072.jpg,flowering,-0.43196958783173534,-0.8149698365585003,0.11049009500578777,-0.465959542763177,-0.5708862913426135,-0.6775238878905024,-0.623075439631645,0.8019870438559712,-0.3903407372876842,-0.6540958754710896,0.18276856440396408,-0.6072672034975874,-0.5251261240128186,-0.6576708282170698,-0.5017461421789607,0.6878503982125665,-0.5180321624380527,-0.7531786859242816,0.07516710547919106,-0.46004613930416044,-0.6521074549127177,-0.6978860296317859,-0.1633403318473744,0.40604253674539126,-0.6872522514443123,-0.6872522514443165,-0.3935246184765653,-0.7128351931286727,-0.037798468275883484,-0.21636820420386765,-0.3654202778829371,-0.3935774122459616,-0.5508360037901564,-0.14261974661404714,-0.7025876078830864,-0.4062981937509729,-0.5929881609202486,-0.048952039967225976,0.5128861219504662,-0.5249939871871154,-0.4659881170789339,-0.4659881170789349
wgsw_mix_wheat_0073.jpg,flowering,-0.43309525501861135,-0.8362392500995687,0.08262323526272952,-0.9234133175443208,-0.837875123788825,-0.8220432796885575,-0.6415599148536669,0.9347535657837165,-0.38977519136432986,-0.6719508498505814,0.14543470887868815,-0.9546748026668609,-0.9734176561848,-0.7773452564476878,-0.5377728554310574,0.8282225207326667,-0.5196934171115624,-0.7752784984336554,-0.1742529929577709,-0.9873483046804802,-0.7925235324072308,-0.741600222040376,-0.29851932047058405,0.6027340278183781,-0.9759166209569738,-0.9759166209569722,3.065569720322802,-0.9935787496107221,-0.6702126053705962,-1.725230247104801,-0.7901150189923288,-0.7766102310405246,-1.0410005856435756,-0.3265306590045053,-0.8971664858002292,-0.47855662131563553,-0.8490119045228776,-0.19364123920536405,0.7182278527887134,-0.8129591117999949,-0.8924306438033713,-0.8924306438033719
wgsw_mix_wheat_0074.jpg,flowering,-0.4318288797319125,-0.8477720172590614,0.10948912758516305,-0.8346064487158124,-0.6970755920634439,-0.7193668824792814,-0.6270777689757242,0.8793854266914705,-0.3887854883982713,-0.6835976180644701,0.1872342004236369,-0.9434259056381972,-0.7367510323914273,-0.6817639149982728,-0.5136948389918986,0.765058477511638,-0.5205240430384758,-0.7783051944140846,-0.1146536232834186,-0.7040096995214657,-0.6649937361775564,-0.7072479641114081,-0.23273660785779568,0.5103051705045768,-0.7989544239757052,-0.7989544239757039,3.065569720322802,-0.9895615588188922,-0.6740387840137939,-1.725230247104801,-0.5306955712210475,-0.6027260069802025,-0.6843532273134129,-0.24579595788072012,-0.7949860873296213,-0.47875733916998126,-0.7287659192691904,-0.14815601557255206,0.6343839312824724,-0.6849393739489655,-0.7606153425552156,-0.7606153425552142
wgsw_mix_wheat_0075.jpg,flowering,-0.43422092220548736,-0.8423365210028891,0.12977033438528063,-0.8069325902770663,-0.7169888071238922,-0.702179104142043,-0.6243077211991006,0.8710156656351719,-0.3859577635811063,-0.6736439665857685,0.199917020683441,-0.9022235828732937,-0.765514381604048,-0.6623629144453597,-0.5155864839959399,0.7595010733101231,-0.5218530462133393,-0.7758069633616317,-0.08409980436059944,-0.7069695519507514,-0.682175444530689,-0.7040014950997906,-0.2430128198402986,0.5140261454142259,-0.8224072452623793,-0.8224072452623833,3.065569720322802,-0.9899971578204159,-0.6736232320579436,-1.725230247104801,-0.7069543492430604,-0.6284023690377115,-0.8611733341414887,-0.26478913841628104,-0.8154862299694929,-0.4323513712451205,-0.8174473333937926,-0.12712035475340885,0.640659579253434,-0.7934020089903747,-0.7198782242482061,-0.7198782242482046
wgsw_mix_wheat_0076.jpg,flowering,-0.43379879730894555,-0.825557306718332,0.0854150943135777,-0.8808289644210147,-0.5567089282046774,-0.6202311302653888,-0.6073188392877684,0.839882631170045,-0.39217875673897906,-0.6588674572056581,0.15109126741275256,-0.9517971733020442,-0.6471810354470136,-0.5749004341730461,-0.49590012559981056,0.7286699234391869,-0.5168692850124931,-0.7583192938055185,-0.12316267074579895,-0.5504561682865237,-0.5739010763027922,-0.6752739268060328,-0.18598560391997773,0.45182427999635466,-0.7297083468960782,-0.7297083468960804,-0.3271379594491027,-0.8075053761264985,-0.19016291017797676,-0.21636820420386765,-0.6269318179749503,-0.5607987828609953,-0.7920090066407077,-0.2472738134267117,-0.7556120152881366,-0.43638580011748196,-0.7638376649681866,-0.12004152855889627,0.60698132232111,-0.7335678457998889,-0.6292096883067951,-0.6292096883067965
wgsw_mix_wheat_0077.jpg,flowering,-0.43422092220548736,-0.8655910787809109,0.08567855498156995,-0.8918030739961679,-0.470562579710509,-0.5995671115393529,-0.6119847224625887,0.8365543511637711,-0.3901993508068456,-0.6827766977802998,0.1360863681682128,-0.9465651376725365,-0.558115625004924,-0.5647254851188734,-0.49468338952991586,0.720665976904105,-0.5188627883649468,-0.7799867211748359,-0.11849527654343503,-0.43268992598153194,-0.5841212040550864,-0.6794641387167129,-0.16751104596820252,0.433563002702755,-0.7457452563134483,-0.7457452563134497,-0.325072425132168,-0.8178629523849519,-0.05804010089768616,-0.6474716450327058,-0.5134358095750109,-0.5070084294367252,-0.6007546053777154,-0.20343076556220238,-0.7278185526706193,-0.4308459873375242,-0.6846757246761869,-0.07074076740281049,0.5623167295202272,-0.6147452319728441,-0.6211532973120012,-0.6211532973120032
wgsw_mix_wheat_0078.jpg,flowering,-0.43084392064485927,-0.8576032395503345,0.0941598826368086,-0.9032543363758743,-0.8765111084948932,-0.8757310576406933,-0.6546096695617737,0.9548748890377963,-0.38638192302362206,-0.6973479910231106,0.16984771487775713,-0.9345314503963477,-1.0175718872687425,-0.8259531049875005,-0.541385022568015,0.8408882443024429,-0.5231820493882221,-0.7961291693223457,-0.1472537758432578,-1.080897559277839,-0.8434761833777152,-0.7842196825278156,-0.3111367954615726,0.627037753816356,-1.0721380774611944,-1.0721380774611982,3.173385647765899,-0.9955873450066371,-0.6780591665762374,-1.725230247104801,-0.9030880043120854,-0.9209178861485346,-1.1679020908841622,-0.3714136792902742,-0.9909447825398324,-0.5180378232655498,-1.0557681958340717,-0.25037225764363247,0.8142753013316831,-1.0112787056963743,-0.904173857795783,-0.9041738577957857
wgsw_mix_wheat_0079.jpg,flowering,-0.43225100462845434,-0.8469685327798003,0.13956850758610806,-0.892578433131038,-0.8199099316914316,-0.8372354942275394,-0.6469420279375219,0.9274930564905064,-0.3923201432198177,-0.6787747044280955,0.2089678248109092,-0.9222361426895708,-0.9540528815247931,-0.7874674603362783,-0.5357956696435023,0.8157007999622615,-0.5218530462133393,-0.7753265122331583,-0.12068529191253588,-0.9392731243528837,-0.8211103166904502,-0.7649673109839128,-0.280120000110598,0.5829361293917632,-0.9829617372328128,-0.9829617372328179,3.173385647765899,-0.9931673505537275,-0.6804298177276744,-1.725230247104801,-0.7461810802569019,-0.8232502051576561,-0.9826619789689818,-0.34481227946236676,-0.9397190655346737,-0.49417247038377693,-0.9032896061998917,-0.22125368180805652,0.7558185099044441,-0.9119074806096966,-0.8763178618137832,-0.8763178618137855
wgsw_mix_wheat_0080.jpg,flowering,-0.43408021410566455,-0.8159151335581669,0.050594795671890035,-0.8727176744900881,-0.7787306425332672,-0.7618536434179474,-0.6224013597383423,0.9006994317135238,-0.3904821213687277,-0.6716429699096634,0.13638416347868343,-0.9030737871089985,-0.8911015698563266,-0.7120251508717752,-0.5090845583669583,0.783476285025633,-0.5213546717850721,-0.7534669252880184,-0.16452319679449023,-0.8972970220695583,-0.7056522051627624,-0.7088334718653618,-0.22578799100013439,0.525785382780006,-0.8142497422061448,-0.8142497422061442,2.9635816808496016,-0.9906989562117596,-0.6631648757943533,-1.725230247104801,-0.5186660403768403,-0.6006133949121842,-0.7565246994881349,-0.2771046012995707,-0.8188864940131241,-0.4727960188958975,-0.7496419583757284,-0.16442225448759692,0.6523809721261481,-0.737690694500297,-0.8794584888117537,-0.8794584888117547
wgsw_mix_wheat_0081.jpg,flowering,-0.43464304769910256,-0.8441798783915142,0.07709193461801009,-0.9232343872672574,-0.8189358908190953,-0.7993192925576791,-0.6398431369327298,0.9303380721288523,-0.3883613289557555,-0.6768250396538026,0.14073078486514853,-0.9459111398792475,-0.9532959675109439,-0.7503526172956984,-0.5337044019418652,0.8193525503937011,-0.5200256686102086,-0.7709065810446285,-0.1813260031304694,-0.9312904817098578,-0.7528278489008736,-0.7559073955558062,-0.27194422541886304,0.5786304013816904,-0.9869477898625637,-0.9869477898625606,3.065569720322802,-0.9924655521623837,-0.6713053353461468,-1.725230247104801,-0.8162661730015361,-0.8434012741141758,-1.0289720069477417,-0.35510253289373517,-0.9159911360128041,-0.5101094680188717,-1.0151851758109598,-0.2227598150409339,0.766583538287881,-0.9444674139359749,-0.8773192211464694,-0.8773192211464698
wgsw_mix_wheat_0082.jpg,flowering,-0.4329545469187885,-0.8360029643577638,0.07324646179237936,-0.8613260339398254,-0.648320644986352,-0.6912999003745214,-0.6193153241401899,0.8704872756042213,-0.388219942474917,-0.6782616640848433,0.15329459049175076,-0.9436875083077274,-0.7300017425381666,-0.6467051025653101,-0.5025255917809349,0.7543701582356656,-0.5191950398635929,-0.7702820363287438,-0.14448918955205686,-0.6830216240216835,-0.6377400085381153,-0.6884486006411177,-0.20059059439005875,0.48327777856577064,-0.7954318658377857,-0.795431865837781,-0.30061505978980535,-0.9577628317076592,-0.13813233897430202,-0.4319199246182867,-0.483623494004523,-0.5382100845952051,-0.6951789481396703,-0.1958225462698625,-0.7999879250169948,-0.42785529130776395,-0.6532781618599344,-0.10221895196988451,0.5907784528746737,-0.6389537538290652,-0.7495093572290589,-0.7495093572290594
wgsw_mix_wheat_0083.jpg,flowering,-0.43450233900220636,-0.8325525866664676,0.12645178289563994,-0.9533535829666664,-0.6794891593493454,-0.6874374421331896,-0.6189045788728679,0.877642316778045,-0.3893510319218305,-0.6812887971824124,0.21611284244237913,-0.9605608538507229,-0.8301687412385934,-0.6203450617836088,-0.5091796403967264,0.7620058188657355,-0.5255078042393027,-0.7749421930815074,-0.13116906615523583,-0.778006010253491,-0.6013770068662,-0.6828238699985675,-0.21816177784842322,0.49770886326088953,-0.7890356418505109,-0.7890356418505088,2.9635816808496016,-0.9908683558234633,-0.6629951176119319,-1.725230247104801,-0.6452376257813527,-0.5817623949205991,-0.828696171662927,-0.2188114103186666,-0.7883087572149513,-0.4093491051370372,-0.6581214029326617,-0.09724871230139771,0.5901145304193083,-0.6561851471153725,-0.797301507198176,-0.797301507198178
wgsw_mix_wheat_0084.jpg,flowering,-0.43422092220548736,-0.8371845984433787,0.09969095438433562,-0.9454211909184302,-0.7749969220571358,-0.7413184339050913,-0.630964242983399,0.9094774226050525,-0.3909062808112434,-0.6721560659878811,0.1721102865458957,-0.9485271488134687,-0.9475559191830502,-0.7071749436856342,-0.5254819541799672,0.8025007106038781,-0.5160386590855989,-0.7849351694802447,-0.15253146639296017,-0.8908391489376076,-0.7203159086943072,-0.7276705620875075,-0.2496603554828187,0.5492065979638474,-0.9024063945524972,-0.9024063945524969,2.9635816808496016,-0.9921025529944473,-0.6617552135722623,-1.725230247104801,-0.84712453473239,-0.7325703948532994,-1.0205520018607073,-0.33977662352786353,-0.8635087996871725,-0.495015485372032,-0.929843927943417,-0.18053788007935462,0.7212471191928785,-0.8826246834299115,-0.8881976248061066,-0.8881976248061053
wgsw_mix_wheat_0085.jpg,flowering,-0.4329545469187885,-0.8310873275400528,0.15521408845380416,-0.967309788239293,-0.7966417555381468,-0.7878607270468565,-0.6418337755422078,0.9195152590420756,-0.39118905377292057,-0.6702576773804348,0.2330827767720508,-0.9705671337588577,-0.9746161176485401,-0.7342730158993404,-0.5375447329069883,0.8132542576286946,-0.528331937748233,-0.7609616706343026,-0.13651867557408642,-0.9294966524202171,-0.7660844013306504,-0.753680122946966,-0.2661774929922164,0.566756365861226,-0.9894506601184538,-0.9894506601184564,3.065569720322802,-0.9926107518295583,-0.6711734752242428,-1.725230247104801,-0.934469389123122,-0.8266628861906088,-1.1131720578182975,-0.36785587890176924,-0.9173955929003914,-0.49320902468291433,-0.9899669205702507,-0.23455785869844878,0.7662990000927242,-0.9623330916377281,-0.9066317397941946,-0.9066317397941922
wgsw_mix_wheat_0086.jpg,flowering,-0.43253242142517334,-0.8448888383052269,0.1521587687349697,-0.9335524461551602,-0.6526495881699073,-0.7136376696528657,-0.6270356418427352,0.8784724190908203,-0.3875130124705356,-0.6742596707326391,0.22224597696417714,-0.9509469690663469,-0.7977469343219564,-0.674857562665613,-0.5162613929300853,0.7682486161820273,-0.5153741560883064,-0.7776325837097887,-0.11271477793456544,-0.6946817092693337,-0.6832122842425131,-0.7154019043996386,-0.21840266899013375,0.5008737846087861,-0.8122103664420862,-0.8122103664420899,-0.3547941322999725,-0.9503334487372266,-0.2583233239068739,-0.0008164837894485803,-0.6776650567527553,-0.6191393776625359,-0.9014690727724372,-0.2301416361712946,-0.824405763185397,-0.43797147116681673,-0.8308079984219714,-0.10131527203016168,0.6337674318596325,-0.751010667224678,-0.7901099265361565,-0.7901099265361576
wgsw_mix_wheat_0087.jpg,flowering,-0.43098462934175547,-0.8253209696323781,0.13603914178263252,-0.9055803813861043,-0.8035680822663184,-0.8246825399077095,-0.6482585866536984,0.9233115866229362,-0.3916132108156247,-0.6675897003906184,0.21486241261137645,-0.9415292907243792,-0.9364542624040091,-0.7751837355089062,-0.5359192514997426,0.8119045449795365,-0.5208562945371221,-0.7637962070389092,-0.13985767678115937,-0.9118272244373897,-0.7961524311736271,-0.7598710829260166,-0.26903076416882443,0.57168152558095,-0.9848157152001388,-0.9848157152001402,2.9635816808496016,-0.9928769512193784,-0.660974445268602,-1.725230247104801,-0.8152201268411705,-0.7710849379395539,-1.045812017121881,-0.3116973681539645,-0.9177898264126958,-0.4665938371965982,-0.9194894125465739,-0.17411171161909214,0.7255547113140041,-0.9083132022555053,-0.8840556384754498,-0.8840556384754519
wgsw_mix_wheat_0088.jpg,flowering,-0.42929612856144145,-0.8517895936878139,0.09963830803017822,-0.8544075693301388,-0.6233749882866488,-0.7214912554907101,-0.618588591051339,0.8676947316670641,-0.3907648943304048,-0.6820583855647765,0.17228880849569467,-0.9325040252672356,-0.6984630305213188,-0.6715362207785178,-0.5081434858360161,0.7555537910012283,-0.5195272913622393,-0.752169769867832,-0.1370930904899625,-0.6653522447550949,-0.6569953560898993,-0.6808608896893877,-0.22080418749604358,0.4945495223788458,-0.7779117740465548,-0.7779117740465541,-0.3893778520364462,-0.8129503636455453,-0.342668354750806,-0.0008164837894485803,-0.5918892716025722,-0.610526420769827,-0.7793789990101558,-0.2561956820932733,-0.7861897520863123,-0.45790275410340353,-0.8057567514941143,-0.12089500405752919,0.6312382034582381,-0.744879251208692,-0.7585671075565391,-0.7585671075565368
wgsw_mix_wheat_0089.jpg,flowering,-0.43436163090238356,-0.8412494114828282,0.14409906970739392,-0.8259583841508891,-0.6419354030914598,-0.7642998996043235,-0.6315540686107247,0.8732121310468507,-0.3909062808112434,-0.6798521727513775,0.22028094187904526,-0.9322424225977132,-0.6831351534420749,-0.7129214178005266,-0.518295619674682,0.7610238903696751,-0.5213546717850721,-0.7717713513247527,-0.07207219252760323,-0.6875959812711281,-0.7135024365594457,-0.7275195730654196,-0.20374494678180788,0.48645983991592906,-0.8360339833222256,-0.836033983322223,-0.33482483575754574,-0.889543188080136,-0.05162045241820229,-0.4319199246182867,-0.6452376257813527,-0.618164325938835,-0.8665861945546525,-0.2344109966374995,-0.830910616138434,-0.43166893054034244,-0.8313090233605277,-0.10979982257535434,0.6323526447226029,-0.7242650077066752,-0.6856499416036574,-0.6856499416036581
wgsw_mix_wheat_0090.jpg,flowering,-0.4323917133253505,-0.8199327099869138,0.08178043580178139,-0.8307893558568527,-0.7267830892041351,-0.7701579216439116,-0.6299109960104577,0.8905860360267909,-0.3887854883982713,-0.6777998999084318,0.17705223982583138,-0.9198163224367002,-0.7829868198388991,-0.737699790848146,-0.5207005506839019,0.7811381211055302,-0.528331937748233,-0.7739332770250579,-0.10883724324308287,-0.8215965686407471,-0.7332021899591544,-0.7213286130863643,-0.23409173502190367,0.5250918105954543,-0.8649560396125114,-0.8649560396125137,3.065569720322802,-0.9903843569328814,-0.6732427514929061,-1.725230247104801,-0.7419968956154386,-0.6024009897389686,-0.9850676947081344,-0.2450843978030202,-0.8229520271087718,-0.45402889951451875,-0.8419975553830746,-0.07686570921649895,0.6396004648603498,-0.7494249561860642,-0.7599781138889607,-0.7599781138889607
wgsw_mix_wheat_0091.jpg,flowering,-0.4318288797319125,-0.8324107741460676,0.1194454687456611,-0.8028769453115996,-0.6373899965837885,-0.7677116654575354,-0.6301216545581436,0.8710156656351719,-0.38793717191303495,-0.6647165072635024,0.18473359948910223,-0.9223015389166851,-0.6577149981505788,-0.7295281845054622,-0.5194648147296932,0.7622075231352379,-0.5205240430384758,-0.7491430738874028,-0.09278841498652704,-0.6705543594383174,-0.7374235628144468,-0.72389559049124,-0.2086760185476537,0.49100632516707604,-0.847250550024548,-0.8472505500245436,-0.2898747627177218,-0.8505328774992322,-0.21518032132791787,-0.4319199246182867,-0.6959708645592189,-0.6292149121407954,-0.9447719560772563,-0.24322339452287633,-0.8065666967535859,-0.41940506963978635,-0.8429996052601865,-0.08720782408223818,0.6177858698983193,-0.6904365055495056,-0.6915670649331672,-0.6915670649331661
wgsw_mix_wheat_0092.jpg,flowering,-0.43196958783173534,-0.8568469916817759,0.16227304895794636,-0.7538512479888008,-0.6579525722257985,-0.7805220983457267,-0.6335868343531919,0.8694383662974985,-0.3876543989513742,-0.6858038308778748,0.22867664806898183,-0.8957489301232571,-0.6544349118026056,-0.7371726255395746,-0.5219743277108383,0.7594794979778131,-0.5208562945371221,-0.7701859565408297,-0.03577406843982842,-0.7124408238450161,-0.7406821501908996,-0.7449977210814214,-0.21386309439756093,0.4945096619084693,-0.8828469269972076,-0.8828469269972049,-0.35437716863115504,-0.803851184502605,-0.26478139492977487,-0.6474716450327058,-0.6420994873002552,-0.6015884466358848,-0.9134976514682007,-0.2852601744978402,-0.8200691945500401,-0.4371886715348653,-0.8062577764326898,-0.11928846194246064,0.6399087145717698,-0.7436106823778011,-0.613734134983462,-0.6137341349834636
wgsw_mix_wheat_0093.jpg,flowering,-0.43422092220548736,-0.8458341353048879,0.14557385431546174,-0.9107692298433673,-0.6658529398263126,-0.7668748251458809,-0.6338712211042932,0.8897559337140166,-0.392461528500767,-0.6622537464109918,0.19420095483277228,-0.9552634042330356,-0.7731466978363869,-0.7184570257919858,-0.5244267997349429,0.7800412914211214,-0.5172015365111392,-0.7652375082354153,-0.08984442153800692,-0.7824906321938417,-0.7308322936035521,-0.7495276787954724,-0.2062594525233861,0.5010400027702562,-0.9387443627120872,-0.938744362712087,3.065569720322802,-0.9898519581532413,-0.6737657774085123,-1.725230247104801,-0.6844643567951945,-0.7010437224535672,-0.9580033926425963,-0.29078844894766714,-0.8616115509092018,-0.4736591056695871,-0.8181153666452008,-0.15528504620816025,0.687402881646713,-0.833467641232771,-0.7443204952324118,-0.7443204952324125
wgsw_mix_wheat_0094.jpg,flowering,-0.43126604613847447,-0.8337342207520824,0.1147569675618898,-0.8891788388528145,-0.7089261140734,-0.7474982691906276,-0.6252977889139308,0.886940826945348,-0.3901993508068456,-0.684777694456399,0.20777690229651086,-0.9465651376725365,-0.7972423135592693,-0.7044862001688271,-0.5142652072582163,0.7736178634157228,-0.5200256686102086,-0.7707144214688059,-0.12373708566167095,-0.7480487395892461,-0.698542516095947,-0.7213286130863643,-0.21820692040349682,0.5073180268545596,-0.8166599135636686,-0.816659913563674,3.065569720322802,-0.9904811567109978,-0.6731475495261097,-1.725230247104801,-0.47630117088196194,-0.605163636289473,-0.7619375599012987,-0.27568148114417124,-0.8212026158979181,-0.49465419323420695,-0.7531491329456397,-0.1470515178684464,0.6571074677012547,-0.7176050213444845,-0.7989400951971172,-0.7989400951971158
wgsw_mix_wheat_0095.jpg,flowering,-0.43337667181533035,-0.8127483809076704,0.03305280156845727,-0.8904909726216743,-0.6432882033470972,-0.7539356529735166,-0.6224118858009039,0.8851064162718597,-0.3901993508068456,-0.6869325753679976,0.1358483389018167,-0.9468921365691808,-0.7243878408358575,-0.7055405880554239,-0.5080009040954607,0.7697277808250452,-0.5180321624380527,-0.7874334005327033,-0.14728965727472018,-0.7022158702318251,-0.6935065064527883,-0.724688344368219,-0.19684899623839872,0.49393048927389827,-0.8366828756107897,-0.8366828756107857,2.9635816808496016,-0.9889081603166066,-0.6649532273492915,-1.725230247104801,-0.5599848637113526,-0.5885877569865229,-0.8154647350975168,-0.2650628153692423,-0.8083653871534804,-0.4544504070086474,-0.7713530390465458,-0.11833457756164219,0.6319811643011473,-0.7022764813045139,-0.7544706375591862,-0.7544706375591871
wgsw_mix_wheat_0096.jpg,flowering,-0.43379879730894555,-0.8270698024554493,0.1318775619348517,-0.8881649276114513,-0.6621733278335072,-0.7603087020788113,-0.6325546623881165,0.8836120222220604,-0.392461528500767,-0.6639468631461729,0.20474021805763876,-0.9561790224569124,-0.7457710985465906,-0.7151356266354367,-0.5205579689433466,0.7725787352014454,-0.521520794714693,-0.7620666664786606,-0.09838935043184936,-0.7698439944247549,-0.7026157804852711,-0.7384670152989997,-0.2117099907925409,0.5016534554093509,-0.8603210946941964,-0.8603210946941974,-0.3673476883451106,-0.8989569665019546,-0.11217570191649401,-0.21636820420386765,-0.716368764686414,-0.6537537138539874,-0.8864333494026624,-0.28558858684139365,-0.8344587177491821,-0.4418453257557012,-0.8565272786012368,-0.14348700255064534,0.661288598402311,-0.815707677600259,-0.7462321812311765,-0.7462321812311785
wgsw_mix_wheat_0097.jpg,flowering,-0.43365808861204935,-0.8366173997059225,0.0975839557319625,-0.8737912237580816,-0.6341973903317483,-0.7261261494371102,-0.6209373446153349,0.8719890156921868,-0.39274430146242767,-0.6770815876929084,0.17032403213802627,-0.9415292907243792,-0.7094384721540714,-0.6886702100614787,-0.5133906756264729,0.763773992611324,-0.5218530462133393,-0.7747019675172679,-0.10969886561689275,-0.7069695519507514,-0.6783984372983157,-0.7144959292597627,-0.1928364119083133,0.4810703057163184,-0.7904261253260054,-0.7904261253260004,3.065569720322802,-0.9884967612596118,-0.6750808462471511,-1.725230247104801,-0.5008832556505596,-0.5773746621639457,-0.8154647350975168,-0.20945165852736677,-0.8209562199527279,-0.4241420110023581,-0.7820415710690928,-0.08705721075895097,0.608016725197931,-0.6730993981939573,-0.7232464329126963,-0.7232464329126984
wgsw_mix_wheat_0098.jpg,flowering,-0.43196958783173534,-0.8181838771638427,0.07735539528600235,-0.9317631919761136,-0.6817618626031811,-0.7561887652691259,-0.6275306642587796,0.8940727805706506,-0.39203737025814056,-0.6759527874678203,0.16925212425682934,-0.9600376485116626,-0.8216532958461098,-0.7002685913529744,-0.5177347926546186,0.783476285025633,-0.5238465523854953,-0.7870010153926411,-0.13131274788731695,-0.8060797650352298,-0.7200937057703404,-0.7171384011756845,-0.22727854582946222,0.5222537451046454,-0.8750602195344382,-0.8750602195344409,3.173385647765899,-0.9908441558789343,-0.6827938630508222,-1.725230247104801,-0.6912636568375723,-0.6709796276394046,-0.8798176311199924,-0.2780351029396393,-0.8471234693319867,-0.44467544750198285,-0.8358182478075508,-0.15041521542186465,0.6624741742154645,-0.7704620559650575,-0.7809156272087644,-0.7809156272087634
wgsw_mix_wheat_0099.jpg,flowering,-0.42718550288458557,-0.8277787623691619,0.08172778944761759,-0.8307297178302294,-0.614771181012059,-0.688467426335611,-0.6099730317279888,0.8520718073557244,-0.3876543989513742,-0.6711812057332579,0.15722440193455733,-0.9382592662358037,-0.6392332498696573,-0.6644190023224246,-0.49570050290221357,0.7391274368346342,-0.5233481751375259,-0.7703300501282411,-0.10847827292222023,-0.6647243898888502,-0.6378140627711081,-0.6862968635506548,-0.18092656282409764,0.4612098263512124,-0.7124663517999462,-0.7124663517999411,-0.3839954329702309,-0.9543264395845276,-0.2669350273152925,-0.4319199246182867,-0.4883307017261692,-0.47905694669058113,-0.6951789481396703,-0.17929245831095392,-0.7432922180286012,-0.42207461710259103,-0.6835066664862035,-0.03735481407409389,0.5519785084295253,-0.5805995876079644,-0.707816395922667,-0.7078163959226693
wgsw_mix_wheat_0100.jpg,flowering,-0.43056250384814027,-0.8069819716558523,0.1302972557212711,-0.6674300783943323,-0.6133101637897632,-0.7671323037142346,-0.6258454645255234,0.8417013003331764,-0.3876543989513742,-0.663844255077526,0.22135284976024944,-0.8176606842380231,-0.5921144360431072,-0.7215147563900712,-0.507886863485475,0.7286914987714969,-0.5185305396860221,-0.7564936734573615,0.004365864914190331,-0.6232864558789143,-0.7089848467721991,-0.7332952927300576,-0.16914468306991529,0.4423984745664166,-0.8479921412114784,-0.8479921412114833,-0.3394234362470542,-0.758258489009787,-0.27771932473120153,-0.21636820420386765,-0.5950274100837307,-0.5869626707803549,-0.7703575649883332,-0.17661042417192582,-0.8181719457720724,-0.40214333416600423,-0.7419595759845369,-0.06531868776446247,0.5945722954767664,-0.7383249789157424,-0.5548815160214919,-0.5548815160214937
wgsw_mix_wheat_0101.jpg,flowering,-0.43534658939236337,-0.8463068094767902,0.07814554839279307,-0.8677077239155152,-0.5821416200359641,-0.6555724063936917,-0.602821487527646,0.8471279236699099,-0.38638192302362206,-0.6888822958772561,0.15234169724375524,-0.9304112039110095,-0.6432071769186909,-0.61422954331799,-0.49115676317647183,0.731412499402123,-0.520690168787799,-0.7766717336417559,-0.14132975150853144,-0.6059758229837562,-0.5950819545872507,-0.6583998168930669,-0.16606563369394817,0.4445027087975936,-0.6853982734769863,-0.6853982734769835,2.866961432927623,-0.9881337620916755,-0.6558832463079183,-1.725230247104801,-0.4742090785611691,-0.5099335846078272,-0.710816100444163,-0.18175555088761336,-0.7453126647791642,-0.41525021005481766,-0.6995394645200335,-0.07204608287129895,0.5600325201202181,-0.6076623893336902,-0.7835555745403918,-0.7835555745403906
wgsw_mix_wheat_0102.jpg,flowering,-0.43126604613847447,-0.8329779728835238,0.05523042160431192,-0.7422807257530276,-0.6199659481012919,-0.7448589390424839,-0.613912181813957,0.8558828270129173,-0.3894924184026691,-0.6936025457100122,0.1537709077520204,-0.8802489941550267,-0.6167146040079655,-0.6966836381768635,-0.49880888397614853,0.740592552424055,-0.5155402818376296,-0.7840223332117091,-0.08808513935269667,-0.6272329582621139,-0.700986466684542,-0.701510012205961,-0.19290419116491608,0.47324410096259056,-0.7812489343877417,-0.7812489343877448,-0.3249467851547083,-0.8719014285184246,-0.28806996171528965,0.4302869570393896,-0.5856129946403769,-0.5611238001022292,-0.7228446791399267,-0.19713619564407714,-0.7992733767759402,-0.42773486059515636,-0.7888889118960438,-0.07626325592335012,0.6016462311619176,-0.71390502892104,-0.6860140722700888,-0.6860140722700887
wgsw_mix_wheat_0103.jpg,flowering,-0.43506517259564437,-0.8586430611155496,0.04948853554295007,-0.8640695775307986,-0.4680193340400242,-0.6408951489914246,-0.5984504942837445,0.8319578301398127,-0.3851094470958863,-0.7155108453435204,0.1480545831738877,-0.9166770904023532,-0.5308031332882718,-0.6174981973089567,-0.47609018534743985,0.7102445896464791,-0.5231820493882221,-0.7917572519333188,-0.13016376204934485,-0.4793299746746798,-0.5739010763027922,-0.6507743381821461,-0.1325569693029247,0.4081926105175013,-0.6356189650542826,-0.6356189650542861,-0.40610314334492664,-0.9728635970938155,-0.12259681304184156,-0.0008164837894485803,-0.4030779396561691,-0.3666009812235369,-0.6386446282694411,-0.17786933815555495,-0.6721084294629897,-0.3876916486530712,-0.6217135907308498,-0.049353675495991595,0.5023344972133974,-0.5200254259327797,-0.6816900206062163,-0.6816900206062146
wgsw_mix_wheat_0104.jpg,flowering,-0.4294368372583376,-0.8204999087243701,0.09352766859250289,-0.6485235605737631,-0.8381456662054679,-0.812644682582585,-0.6184516607070685,0.8780725847277783,-0.388219942474917,-0.6603040259017333,0.1537709077520204,-0.6121722402304506,-0.9895024130175301,-0.7764489895189363,-0.49563396200301496,0.7574228168815681,-0.5226836749599549,-0.7494313132511395,-0.06503521979259497,-0.9089570586009698,-0.7777116801847124,-0.7188371301925349,-0.17765928862067212,0.4806517707773649,-0.8850717005579988,-0.8850717005580023,-0.5676585721229426,-0.9212693153577816,-0.01936206153436318,-0.4319199246182867,-0.46584070927824234,-0.665941860400265,-0.707207526835434,-0.2896937411358216,-0.8746212568152756,-0.5034054916837056,-0.8075938429355058,-0.19891270552041918,0.7017325413083663,-0.8406561979411661,-0.8714931304835676,-0.8714931304835692
wgsw_mix_wheat_0105.jpg,flowering,-0.43520588129254056,-0.8318435754086169,0.16506490800879497,-0.6148855107400636,-0.8279726247419301,-0.8494664954434304,-0.6396851544633374,0.8838009203463336,-0.3892096478407871,-0.6667687801064482,0.21123039647904102,-0.5843116003283215,-0.969822237533217,-0.8006475093618497,-0.5254914541221242,0.7720734710238609,-0.5253416813097012,-0.7733567982975842,0.003037471918899072,-0.8781925111685208,-0.7946712258388752,-0.7620983145275213,-0.19998077735261152,0.49564488810479285,-0.933460525505208,-0.9334605255052081,-0.36746413877692163,-0.9196721190188613,-0.21727458961207025,-0.0008164837894485803,-0.5746295099565355,-0.6740672914311234,-0.9014690727724372,-0.2623807812302142,-0.8811014701737906,-0.44533781642132636,-0.8658797441209677,-0.16030549031774305,0.67517564309372,-0.7992162827986378,-0.7691724132163528,-0.7691724132163549
wgsw_mix_wheat_0106.jpg,flowering,-0.43042179574831746,-0.8128429054732244,0.12887488857016868,-0.6375494509986099,-0.7540555576410126,-0.7773034064542822,-0.6279203574009796,0.8613624467678485,-0.390057964326007,-0.6737465746544213,0.21271885557644654,-0.6177966709837246,-0.8799999473376338,-0.7397558787252172,-0.5127347665766424,0.7483150161352788,-0.5240126781348183,-0.7445789969225532,-0.033224926743637105,-0.8019538894663201,-0.7155020617501183,-0.7251035846826318,-0.19147376098502591,0.4748552611752099,-0.7736476247217049,-0.7736476247217022,-0.4604423707762476,-0.7808854371444923,-0.06208161472376895,-0.8630233654471249,-0.4140614243400105,-0.5624238690671634,-0.562263153551202,-0.2021718515785799,-0.7896146557244624,-0.4433908532341669,-0.7252587446992987,-0.12235093284930486,0.6014170198380414,-0.6653822711393574,-0.8262498951794699,-0.8262498951794701
wgsw_mix_wheat_0107.jpg,flowering,-0.4294368372583376,-0.8099124385645384,0.07556427475859287,-0.6739906824498989,-0.5088197756424641,-0.6338139988586408,-0.5982925118143521,0.8008321417128491,-0.38807855839387356,-0.6596883774898282,0.16347655108955628,-0.8064772189585969,-0.4785118966885998,-0.6129115441423776,-0.4793696479884033,0.6843933275238306,-0.5180321624380527,-0.7530345401479563,-0.06126532939550736,-0.4087419980524643,-0.5818994161654526,-0.6499060897941253,-0.12740757767290467,0.384444938081276,-0.6215287325026049,-0.6215287325026052,-0.3157921614248941,-0.6622331091183318,-0.2672002097022866,-0.8630233654471249,-0.36646632404330304,-0.4740191794514417,-0.546024572311851,-0.13003060677779624,-0.6858326836101152,-0.3616585429443582,-0.6065158342612793,-0.019582441926177738,0.4936639860998647,-0.6007909748330176,-0.5955731179951974,-0.5955731179951997
wgsw_mix_wheat_0108.jpg,flowering,-0.43112533744157827,-0.8142608766447876,0.060445615226874874,-0.7208096108157283,-0.4330629025451438,-0.5722726350686607,-0.5902878302434496,0.7861904382137025,-0.38807855839387356,-0.6606119058426453,0.14073078486514853,-0.8638988717121492,-0.3978358192737647,-0.5597170997054396,-0.471223241067862,0.6709187798683879,-0.5190289141142699,-0.7413120753778845,-0.09361431193509452,-0.30209767272173305,-0.5301320881821052,-0.6257085202217588,-0.11542994933208539,0.36462431918654653,-0.5135345159058642,-0.5135345159058619,-0.310344050798692,-0.6559411235407666,-0.19055062635578351,0.2147352366249705,-0.28173658505348553,-0.30842289504259435,-0.39085590713621987,-0.09401471976799634,-0.6243568952850223,-0.3617990454424003,-0.5286899604720957,0.017468435602531522,0.4364480973570607,-0.4475055744333582,-0.5719046246771584,-0.5719046246771567
wgsw_mix_wheat_0109.jpg,flowering,-0.42971825345798326,-0.8274006641069516,0.0804107150048432,-0.7394179061088009,-0.4955623448935382,-0.6316252911696252,-0.598934990637226,0.8095796990176913,-0.38807855839387356,-0.6763632754773911,0.170859856714893,-0.9008501732985361,-0.46715794665838933,-0.6031056394389311,-0.47863769809721624,0.6930610918413795,-0.5266706830747038,-0.7622588260544834,-0.09128045882768852,-0.3904447639196308,-0.5761227837424152,-0.6545493097784134,-0.11634843676784677,0.38130273720149416,-0.6232900115715646,-0.6232900115715612,-0.3460342694837725,-0.6808670664057361,-0.21666646937429695,-0.0008164837894485803,-0.5097746480137304,-0.4680063604886204,-0.6675132171393439,-0.13265790552623216,-0.6764449980983466,-0.3639065829130368,-0.6444267212787593,-0.009842780353586529,0.49671486785904817,-0.6150623741805671,-0.5902932233319426,-0.5902932233319451
wgsw_mix_wheat_0110.jpg,flowering,-0.43281383822189234,-0.8470630573453543,0.09468657507560709,-0.8120021464838963,-0.6160698433935521,-0.7388078430411209,-0.6133012811787654,0.859694371387123,-0.39118905377292057,-0.6827253658784936,0.1606183888004904,-0.909940834982794,-0.6449102591451107,-0.6992142034663776,-0.49974995650709064,0.7458825228553092,-0.5236804266361721,-0.7734528780854983,-0.12800962811170608,-0.6260668864062408,-0.6718812223204051,-0.7030199844415328,-0.18166434919157903,0.4679809244540735,-0.7828248156599688,-0.7828248156599685,-0.3327053773548181,-0.9552218375321041,-0.049983534935326694,-0.0008164837894485803,-0.5123897634146449,-0.5705493000980216,-0.7589304152272877,-0.22017979508348007,-0.7887769095108127,-0.4003368734768892,-0.7070548385983926,-0.1041769251726231,0.5871031678538973,-0.6595679973310944,-0.7644387145527449,-0.7644387145527464
wgsw_mix_wheat_0111.jpg,flowering,-0.42845187757421105,-0.8121811821702142,0.08030542229652157,-0.8374692683600391,-0.7016209985711153,-0.7172425793968443,-0.6134382115230359,0.8686759524792561,-0.3893510319218305,-0.6577899888823759,0.16311924846248854,-0.8775675889936837,-0.7957915245840116,-0.678178904552708,-0.49967387436163757,0.7527319382358509,-0.5167031592631699,-0.7470291619865951,-0.1316717182081793,-0.7604262688635187,-0.6812867535098387,-0.6914308183604061,-0.20240493256005052,0.48852381507202575,-0.7807854398959101,-0.7807854398959143,-0.39212700460230293,-0.8782176140405188,-0.40543253033674664,0.2147352366249705,-0.5249423173390353,-0.5980132569823157,-0.7288589684878787,-0.23019637156188721,-0.8019098133894816,-0.4241821545732275,-0.7077228718498005,-0.08966784169593399,0.6001761171536074,-0.64815087785305,-0.8262954115127739,-0.8262954115127739
wgsw_mix_wheat_0112.jpg,flowering,-0.42845187757421105,-0.8301420305403917,0.08810188955329112,-0.881067548921888,-0.6394462659043137,-0.643148261287034,-0.6053282006782903,0.8527733540005912,-0.3868060824661378,-0.6660504678909249,0.15543814752668791,-0.917854311295768,-0.7262801772610062,-0.6203450617836088,-0.4914989676146231,0.7370632294596764,-0.5233481751375259,-0.7439544000177546,-0.16441555250009932,-0.650732404510647,-0.6040431201537564,-0.6695359749005857,-0.1815288561023655,0.4613991635855009,-0.6654680103282316,-0.665468010328227,-0.3493659673429564,-0.9884725613150828,0.14643330778258784,-0.0008164837894485803,-0.35809795476037626,-0.46118099842269655,-0.5676760139642956,-0.19527519236393287,-0.7246646845721784,-0.3954995731871421,-0.5590854734112165,-0.04734549785216351,0.5239198808515516,-0.5124140129474205,-0.8419075138360188,-0.8419075138360184
wgsw_mix_wheat_0113.jpg,flowering,-0.43056250384814027,-0.8247537708949274,0.13345786814842678,-0.814626414021616,-0.5937756787217978,-0.7249674259505158,-0.6149233016539104,0.8472186997129629,-0.3892096478407871,-0.6809809172415003,0.23594093906111716,-0.9175273123991234,-0.6189853803098684,-0.6816584246671021,-0.4982005159412017,0.7306980046763234,-0.5226836749599549,-0.7681681244279361,-0.06349138220229435,-0.5964683621134266,-0.6538848771794151,-0.7032465089820069,-0.16361890720897287,0.4400188044849378,-0.7541808560647817,-0.7541808560647871,-0.3250103070427535,-0.7846848284355604,-0.35413615921952435,-0.21636820420386765,-0.4914688402072669,-0.5434103604549614,-0.7138232451181039,-0.1969719894723002,-0.7699276197037216,-0.43473991371184123,-0.7431286341745006,-0.08324167323566542,0.5909997603597958,-0.7072450425588493,-0.7394047312355884,-0.7394047312355887
wgsw_mix_wheat_0114.jpg,flowering,-0.43309525501861135,-0.8496153746476865,0.06961157438339702,-0.7895767907262232,-0.6146629640454006,-0.7264480326120576,-0.619231069874213,0.8634760068916493,-0.38807855839387356,-0.7036588052573666,0.15954648091929347,-0.9109218494337928,-0.6294562354402894,-0.6916225075978475,-0.5018126830781594,0.747665247406409,-0.5231820493882221,-0.7814760361708449,-0.11756173530047256,-0.6145863204930272,-0.6794352770101485,-0.7080407179883871,-0.1703115854065656,0.4592203902747198,-0.8084097116090678,-0.8084097116090685,-0.31161794491514266,-0.8403931007415408,-0.17195085216699954,-0.6474716450327058,-0.5620769560320843,-0.5863126362978879,-0.8401233214239023,-0.20901377540262814,-0.8005053565018942,-0.40993118691464026,-0.7439636757387609,-0.0853000553205956,0.5958527173549727,-0.679125100140702,-0.7247029555784218,-0.7247029555784208
wgsw_mix_wheat_0115.jpg,flowering,-0.43028108705142126,-0.8148753119929518,0.07135004855664867,-0.813672140806876,-0.6760260106806624,-0.7249030912729214,-0.617177252006625,0.8674832707112815,-0.387371625989697,-0.6586109091665462,0.14781655390748485,-0.9089598382928605,-0.7125293043033156,-0.702588290519055,-0.5019742647030297,0.7536265618988431,-0.5167031592631699,-0.7605292854942404,-0.12704020543728153,-0.7275091457699987,-0.6665489957453012,-0.7151376531073137,-0.19066826078493462,0.4808124084729823,-0.8085024105074341,-0.8085024105074347,2.9635816808496016,-0.9890775599283101,-0.6646595806890679,-1.725230247104801,-0.5955504331639135,-0.5620988518259298,-0.8665861945546525,-0.21623884696082285,-0.7667737516052806,-0.4013605345340554,-0.7387864180403295,-0.07671509589321174,0.5818154997272312,-0.6929736432113003,-0.805995126859225,-0.8059951268592248
wgsw_mix_wheat_0116.jpg,flowering,-0.4283111700714616,-0.8338287453176364,0.090103595497349,-0.9027175617418776,-0.5654750903200637,-0.698445385184892,-0.6111737351077609,0.8561625011802436,-0.388219942474917,-0.6655374275476726,0.16097569142755813,-0.9251137720543875,-0.6657888618328086,-0.6506591000921472,-0.4939989806536123,0.7363201348747682,-0.5205240430384758,-0.7555328233893288,-0.13170759963964573,-0.6159316681021435,-0.6550698253572163,-0.6820688838807794,-0.16818105307908113,0.45092383197054886,-0.6998593016221293,-0.6998593016221287,-0.4033335598876727,-0.9175425239003007,0.33947289528700947,-1.9407819675192202,-0.2890589081760466,-0.4254291018869274,-0.5899288845514582,-0.1264180709986991,-0.7646054672876007,-0.3989117767110288,-0.5350362763604908,-0.033890707638484036,0.5204817109934055,-0.48693692226030905,-0.7577478135570686,-0.7577478135570679
wgsw_mix_wheat_0117.jpg,flowering,-0.43084392064485927,-0.8549091097276024,0.07656524217921204,-0.8300140291163559,-0.6150958319120279,-0.7608880638221122,-0.6233492774374406,0.8753702921166603,-0.39217875673897906,-0.7018117485517265,0.17121715934196122,-0.925440770951032,-0.6652842753304844,-0.7190896241622738,-0.5050256048199231,0.7581011854695464,-0.5195272913622393,-0.7807073456786291,-0.13515440114733307,-0.6438260009819231,-0.7052818937728187,-0.7188371301925349,-0.20723060627339948,0.4954384108682424,-0.825095513315002,-0.8250955133150004,-0.3339952360781708,-0.9013527610103351,0.09554122774816236,-0.8630233654471249,-0.5348797558625721,-0.6425406190314099,-0.7523146969446176,-0.19215527510016656,-0.834261600993027,-0.4026451288018714,-0.7959032610358275,-0.09057152163565682,0.6095263584000136,-0.7284935704763245,-0.753969957892843,-0.753969957892845
wgsw_mix_wheat_0118.jpg,flowering,-0.43028108705142126,-0.8137882024728854,0.10000706140649125,-0.9198944472128506,-0.6978331402208459,-0.7250961652346888,-0.6173352344760175,0.8798235653963788,-0.3906235078495662,-0.6560968721471889,0.17687371787603287,-0.9468921365691808,-0.8128855229421158,-0.680551348884371,-0.5012328148696846,0.7620058188657355,-0.5203579172891527,-0.7434740010781895,-0.16405642617300914,-0.7888588187329373,-0.6755101210868014,-0.6993582751155025,-0.208645923510938,0.5007247064495778,-0.8003449074511997,-0.8003449074511956,2.9635816808496016,-0.9901181575430613,-0.6637582249521989,-1.725230247104801,-0.5714913714754378,-0.6119889983553781,-0.8232833112497632,-0.2068243597789304,-0.7855984018178528,-0.41288173937353145,-0.7716870556722498,-0.07807061580280149,0.5956076983535873,-0.7105221787053305,-0.8674876931528225,-0.8674876931528219
wgsw_mix_wheat_0119.jpg,flowering,-0.43379879730894555,-0.8301893184952377,0.05681072781789253,-0.8723001759093449,-0.6239702109940662,-0.6211323751836295,-0.6000724918761442,0.8479354631511739,-0.3875130124705356,-0.6712838138019047,0.13025102895687915,-0.9203395277757529,-0.7152416280551094,-0.5909273476732757,-0.48765863664950104,0.732956891793985,-0.5168692850124931,-0.7642285921789713,-0.1695855987554067,-0.6011324546719751,-0.5838990011311197,-0.6516803543293621,-0.16969424460993898,0.4479653878592028,-0.6897551217002025,-0.6897551217002014,2.9635816808496016,-0.9877465629792099,-0.6661071814064488,-1.725230247104801,-0.4987911633298279,-0.48035701565551525,-0.7132218161833158,-0.17600833487541065,-0.7221268063367131,-0.38582497260765247,-0.6532781618599344,-0.05447452848776561,0.5302587595325479,-0.5551224969208401,-0.7881072078707839,-0.7881072078707839
wgsw_mix_wheat_0120.jpg,flowering,-0.43436163090238356,-0.8257936438042803,0.0866268760480313,-0.7998948496141263,-0.6274333890535612,-0.7085520833183458,-0.6108156201532442,0.8522601807629838,-0.38624053654278345,-0.6738491827230683,0.17216979386249326,-0.9132108772324272,-0.6503980142218425,-0.6653679571473106,-0.4931624487904989,0.7343352043022516,-0.5221852977119855,-0.7555808371888261,-0.11910557289077318,-0.6266947412724855,-0.6464789711806543,-0.6793886442056711,-0.1715010590207515,0.4511187496706901,-0.7267419821483566,-0.7267419821483542,-0.3206828784196706,-0.7999791933779495,-0.28048019429118937,-0.6474716450327058,-0.47630117088196194,-0.5135087742614158,-0.6765346511611665,-0.1862985883067791,-0.7546264315073756,-0.42566746669538924,-0.6815025667319795,-0.0448854802384677,0.5635971513984335,-0.6236252137891066,-0.7257043149111081,-0.7257043149111104
wgsw_mix_wheat_0121.jpg,flowering,-0.43478375579892536,-0.8417220343105924,0.08077946838115624,-0.760710074571864,-0.6220221880310115,-0.6582760712194221,-0.5989876667155207,0.8355804763897442,-0.3883613289557555,-0.6782103321830312,0.14859066647821792,-0.8337492217724357,-0.6603011752767878,-0.6444381485648116,-0.4855578690057058,0.7216403791214526,-0.5128822754878833,-0.781428022371342,-0.12499371579403774,-0.6251700204776592,-0.5965631196970059,-0.6411481524101991,-0.16168412346812522,0.4375765534649678,-0.6321891058147295,-0.6321891058147292,-0.4074271985942278,-0.9124121356601322,-0.11082692479870944,-0.4319199246182867,-0.47682419396214476,-0.46053096394022947,-0.7042003821614929,-0.16144872097783114,-0.7340523700839469,-0.38381779406418903,-0.6501050039157465,-0.045839364619286144,0.5302034326612672,-0.5810224438849281,-0.7995773238633721,-0.7995773238633747
wgsw_mix_wheat_0122.jpg,flowering,-0.4329545469187885,-0.8303310796714941,0.043377896105268786,-0.7670321265209306,-0.5905830724697576,-0.6235785614410139,-0.6042749537053491,0.835158079195191,-0.38440251709148854,-0.7126375964814389,0.16877580699656017,-0.8452597037095644,-0.6343762964415455,-0.6152312433084582,-0.4878012183900553,0.7198436055167555,-0.5120516495609893,-0.7855116482077181,-0.14025268453971193,-0.5800546925793378,-0.5633846511685503,-0.6403554395405601,-0.17689893097565346,0.4464861658035298,-0.5627576309383701,-0.5627576309383736,-0.34460813287738234,-0.9228181118076437,-0.03253830084545402,-0.0008164837894485803,-0.337177031552998,-0.4403798949837099,-0.5418145697683336,-0.12039717803353468,-0.7288041364513832,-0.3974666081597361,-0.6457627877815755,-0.0036676340988028707,0.5100407399988968,-0.5026883185772312,-0.7855582932057644,-0.7855582932057643
wgsw_mix_wheat_0123.jpg,flowering,-0.4326731301220695,-0.8479138297794613,0.0928428081940338,-0.7864157485545069,-0.6238619940274078,-0.6564736513119325,-0.6059496273760424,0.8430146670138804,-0.3907648943304048,-0.6847263625545928,0.16949041225069614,-0.8593862478641027,-0.6857844381414354,-0.6392715849240789,-0.488580709296127,0.7274792661468255,-0.5220191719626625,-0.7852714748323981,-0.13759574254290594,-0.6227483363217633,-0.5964150112310289,-0.6616840126565353,-0.16437174109481203,0.4453624991436154,-0.6577740017638286,-0.6577740017638292,-0.4352174818042798,-0.9718229994790644,-0.3898433149151949,-0.0008164837894485803,-0.42922909366537654,-0.45711828290725803,-0.573088874377389,-0.16719593699003382,-0.7254777911913091,-0.3605345229600192,-0.5913180777917286,-0.017875490928917565,0.5035991114140946,-0.5044854577543393,-0.8124584461883818,-0.8124584461883841
wgsw_mix_wheat_0124.jpg,flowering,-0.43548729808925957,-0.8262190300213367,0.047486600701700195,-0.8127775056187594,-0.5287329907029187,-0.6435988837461544,-0.6083089070026,0.836448358327372,-0.38624053654278345,-0.6917554890043721,0.15502133758302308,-0.8655992801835513,-0.5824635682393239,-0.6389025405733464,-0.48588107355954196,0.7167543189811174,-0.521520794714693,-0.7690328947080604,-0.13174348107110784,-0.44506745525580466,-0.624039050260405,-0.6848246180669382,-0.1477039975538502,0.42407421772962206,-0.7310061314732065,-0.731006131473206,-0.3199116604401325,-0.7935662080777389,-0.25661930233212077,-0.0008164837894485803,-0.3063186698221444,-0.4943327570285968,-0.5009174022026672,-0.13391681950985465,-0.7809661580482675,-0.4023039084494809,-0.5863078284061496,-0.06551950552884528,0.5425808441505927,-0.5482510824201675,-0.7852851952059409,-0.7852851952059413
wgsw_mix_wheat_0125.jpg,flowering,-0.42901471116764905,-0.8291494455858792,0.054598207560000236,-0.8654413493262817,-0.4420996364679786,-0.46779381795189473,-0.570360392023541,0.7823258974212982,-0.3872302395088585,-0.6653834875772137,0.133109191245945,-0.9119682601119059,-0.5187553425570084,-0.4252811265235175,-0.44841900165563964,0.6558928152942847,-0.525175555560378,-0.7346821003117245,-0.14186828499294107,-0.32075365322599714,-0.4321519421645009,-0.5730099068961042,-0.10961055059118746,0.3529224808981086,-0.4073015783780832,-0.40730157837808567,-0.3068347849243453,-0.8227029412907712,0.05584333759845542,-1.078575085861544,-0.03330062196604586,-0.24861972265550322,-0.2850044146132195,-0.08695385438157902,-0.6179506007100614,-0.36705785322627377,-0.3952503185030814,0.0034613965367996354,0.4084764120053838,-0.24950312274470168,-0.7296187195752453,-0.7296187195752447
wgsw_mix_wheat_0126.jpg,flowering,-0.4326731301220695,-0.8506079596021989,0.07192961624679656,-0.8687216351568854,-0.5557349167231533,-0.5874648496076426,-0.6022632629707478,0.8366220396583011,-0.3858163795000793,-0.6665635639691486,0.1307273462171483,-0.9062130191433379,-0.6698889355074269,-0.549700271609112,-0.4895597815956994,0.7212003426927123,-0.5231820493882221,-0.7473654673387431,-0.16096875099241198,-0.496640705002315,-0.5730123450569452,-0.6588150572074797,-0.17090635492565504,0.43927939275945316,-0.6754794913517921,-0.6754794913517882,-0.3250415386377091,-0.7451179191304875,-0.31731837156575393,0.2147352366249705,-0.4166765397409253,-0.5289470932200295,-0.612181755138691,-0.14256501122345455,-0.7564990406908244,-0.4295011777134046,-0.6405855300831638,-0.0616035591233738,0.5614156919022304,-0.6547051501459997,-0.7295276869086375,-0.7295276869086371
wgsw_mix_wheat_0127.jpg,flowering,-0.43056250384814027,-0.8395005786597571,0.08346603472368364,-0.736734000544458,-0.6428553060896643,-0.6889824534013251,-0.6148179723800674,0.8494298572009712,-0.3892096478407871,-0.670001129341323,0.15174636535029143,-0.8119054610305205,-0.6833244076408038,-0.6693219546741477,-0.4956244620608568,0.7314195239289216,-0.520690168787799,-0.764036432603143,-0.10287733747689413,-0.6346773839155115,-0.6394433363468317,-0.6880333603267007,-0.16321236251734098,0.4444508901861042,-0.7131152440885103,-0.7131152440885147,-0.3437346242059684,-0.7115767960131597,-0.21101744328546757,-0.6474716450327058,-0.44648885531147403,-0.5097710759872105,-0.6043631789864446,-0.19286683517787268,-0.7599732235180154,-0.4278151477368945,-0.6591234528097735,-0.07410446495622873,0.5699439339181837,-0.6353594754748738,-0.730301464574804,-0.7303014645748022
wgsw_mix_wheat_0128.jpg,flowering,-0.4318288797319125,-0.8520731673844703,0.06634566924791374,-0.7386425469739377,-0.6419895115747921,-0.7007628321580882,-0.5998618562112025,0.8447430848509736,-0.38638192302362206,-0.6718482417819286,0.11977153177607323,-0.846960147703097,-0.6674289050068025,-0.6596214830324181,-0.48687918704752575,0.7294927965784506,-0.5226836749599549,-0.7723958960406375,-0.11382772633484706,-0.6617645861758032,-0.6292232085945462,-0.6781429232624242,-0.15837916504481275,0.4430234867419206,-0.7015278817927227,-0.7015278817927187,-0.3505265997939016,-0.7201919762655181,-0.23239426184304032,-0.0008164837894485803,-0.45956443231604727,-0.5226092570159747,-0.6386446282694411,-0.20408759024931014,-0.7480969389598198,-0.4197462899921742,-0.7740251720521777,-0.09554176130414363,0.574954967688447,-0.6392708960368,-0.7284808112426473,-0.7284808112426491
wgsw_mix_wheat_0129.jpg,flowering,-0.43253242142517334,-0.8573196145095346,0.07977850096053152,-0.7658989392263138,-0.6398250546784204,-0.6884030916580242,-0.6107840190828167,0.8532188387436666,-0.3869474689469764,-0.6931407815336007,0.15162735071709,-0.8586014220944619,-0.6728535525103827,-0.6687420441999942,-0.49448376683231887,0.7375830444427722,-0.518364413936699,-0.7872892547563779,-0.11354051887691324,-0.6490282130976226,-0.6293713170605144,-0.6966025409293481,-0.16599033067816615,0.4524030540262219,-0.7413884080902322,-0.7413884080902318,-0.2831800739726769,-0.8628748492090715,-0.19363929039546435,0.2147352366249705,-0.5688762560745233,-0.5440603949374284,-0.7547204126837703,-0.21793564406918975,-0.7545771523183376,-0.4121190115270149,-0.7239226781964827,-0.058189657128859956,0.5699913569507101,-0.6124195224495437,-0.718785832248912,-0.7187858322489128
wgsw_mix_wheat_0130.jpg,flowering,-0.4318288797319125,-0.8131737671247267,0.017775974077074628,-0.7545669690970407,-0.46818163009920305,-0.5440124391441421,-0.5882761166261042,0.796582983350748,-0.3889268748791099,-0.6694880889980708,0.10673140888920812,-0.9200779251062302,-0.39663732354966913,-0.5358876242132463,-0.47045329140804365,0.6785474159716592,-0.5260061814872722,-0.7557249829651514,-0.12050572874899297,-0.3679319189087837,-0.48177149626619314,-0.6446589137214772,-0.11980393579872982,0.377553062753174,-0.6499872943010593,-0.6499872943010545,-0.23074370841541858,-0.6857554552006137,-0.21642758498458736,-0.4319199246182867,-0.5238962711786693,-0.47028148117725543,-0.635036054660712,-0.1266370125610682,-0.6846746226677181,-0.36069509724349585,-0.6811685501062756,0.006674480766936764,0.4940986972313549,-0.5862024332777457,-0.5565201040204331,-0.5565201040204316
wgsw_mix_wheat_0131.jpg,flowering,-0.42971825345798326,-0.8445107400430165,0.06086701495735214,-0.7930956610576934,-0.5623366219421616,-0.6060688999288282,-0.606729036543188,0.8338069328896325,-0.3852508335767249,-0.6833410700253582,0.14626832876601828,-0.9006539668561203,-0.6206254234838549,-0.5672560504083813,-0.4938278577824874,0.7210412873359155,-0.5186966654353452,-0.7704741959045665,-0.12108029967108871,-0.5549407902268743,-0.533909135639484,-0.6719896900352244,-0.18569950479920075,0.4494792885241034,-0.7216435427382101,-0.7216435427382074,-0.2843264355534284,-0.7596862857370037,-0.2942394774728824,-0.0008164837894485803,-0.5939813639233648,-0.5736369638897405,-0.6693175039437085,-0.20228132235976468,-0.7586426854139853,-0.39620208567735465,-0.7962372776615314,-0.051863897550782995,0.5728288350635246,-0.7052364752432718,-0.6330785766376285,-0.633078576637627
wgsw_mix_wheat_0132.jpg,flowering,-0.43492446449582156,-0.8214452057240311,0.05970810847424837,-0.9288407343052706,-0.6127690201748599,-0.6229348650201185,-0.6040221909074194,0.8548187009128493,-0.3875130124705356,-0.660817121979951,0.13126342952147851,-0.9506199701697026,-0.7403464510430103,-0.5850226953310842,-0.4853107465973217,0.7349849730311214,-0.5175337851900833,-0.7588477587334949,-0.17112943634570732,-0.6888516910036281,-0.5511648580005867,-0.6633450149215351,-0.1854661374166696,0.464449286778713,-0.7245172085875654,-0.7245172085875676,-0.32568538323147045,-0.9503576486817557,-0.1713614661143886,-0.21636820420386765,-0.6054878716873892,-0.554298438036305,-0.8936504966201206,-0.2135568128217943,-0.7444749185655145,-0.39989529419732595,-0.7374503515375135,-0.05648270613159979,0.5646720734690268,-0.6140052334881575,-0.7802783985425096,-0.7802783985425098
wgsw_mix_wheat_0133.jpg,flowering,-0.42929612856144145,-0.823666661374861,0.04437863462870193,-0.8416441893787524,-0.47186124209200214,-0.5875291842852294,-0.6046962479179767,0.8227123163907094,-0.3859577635811063,-0.6729256543702451,0.13418109912714918,-0.9319808199281829,-0.5063921510014313,-0.5650945294695997,-0.4831339381121697,0.7030494671970637,-0.5123838982399139,-0.7638442730273204,-0.13447218593084234,-0.3870364785260596,-0.5630143397786154,-0.674330183906966,-0.1409585876180116,0.4084106472904609,-0.6472063273500703,-0.6472063273500712,-0.361732742435652,-0.8266717321935431,-0.2374253129572529,-0.4319199246182867,-0.3978477088543398,-0.4407049122249434,-0.546024572311851,-0.16697699542766473,-0.6992612626230122,-0.40292613379795533,-0.6141982166524905,-0.04578916017819054,0.5207978645435796,-0.5726710324148704,-0.6497830709601675,-0.6497830709601685
wgsw_mix_wheat_0134.jpg,flowering,-0.4321102965286315,-0.8377990337915373,0.053281362014417424,-0.7689406729504104,-0.439826903823331,-0.6683827693528761,-0.5996511976635166,0.8160405395848145,-0.38624053654278345,-0.677697291839779,0.12882207717607747,-0.8833228299622516,-0.4377007567447154,-0.6334723656436042,-0.47855215731370254,0.697037475761297,-0.5157064075869527,-0.7515452251519472,-0.09505034922478048,-0.36012864945147816,-0.6496635043241227,-0.6881465815895975,-0.13209023453786156,0.40109465655755255,-0.6982834203499022,-0.6982834203499049,-0.307180507092051,-0.733429345922934,-0.24462385008161724,-0.4319199246182867,-0.31050285446360776,-0.47011897255663865,-0.4937002549852092,-0.15871195144821043,-0.7492057207131786,-0.38694899259199145,-0.6068498508869833,-0.06913422528774192,0.5331120453228714,-0.5864138614162274,-0.5918862949975798,-0.5918862949975792
wgsw_mix_wheat_0135.jpg,flowering,-0.43436163090238356,-0.8086362799133695,0.01656442123980706,-0.8337714515543261,-0.39026030010551116,-0.6192011460629674,-0.5994300130532703,0.8121308731293906,-0.39189598377730195,-0.6517869988540725,0.09291717343160322,-0.903531596220937,-0.413731321907766,-0.6054253386050118,-0.47680309405021665,0.6923536216423785,-0.5186966654353452,-0.746692856634447,-0.12700432400581507,-0.31815259588439115,-0.5838249871231324,-0.6857305932068141,-0.1239143944221337,0.3913479743410835,-0.7272054766401881,-0.7272054766401849,-0.3278367663862339,-0.7739400530646416,-0.37845302830866523,-0.0008164837894485803,-0.44753490147184,-0.5338223518385519,-0.5839145952035764,-0.18662700065033916,-0.762856056076747,-0.4060372605403235,-0.7344442019061777,-0.07410446495622873,0.5755793709500421,-0.7651763525029988,-0.5825099303369721,-0.582509930336975
wgsw_mix_wheat_0136.jpg,flowering,-0.43014037835452507,-0.8645039692608498,0.04516878773549223,-0.8057397649558192,-0.5267849677398575,-0.6061332346064225,-0.596965427035614,0.8289239163771945,-0.3875130124705356,-0.694885230170594,0.11447201714160583,-0.8975147348217809,-0.5502940545738562,-0.5906637363842662,-0.4803107205193455,0.7111828657260053,-0.520690168787799,-0.7651414284475068,-0.16448731536302813,-0.43591883818938265,-0.5533126318822332,-0.6636470339730508,-0.15303402482815567,0.4235927032474736,-0.6735328144860998,-0.6735328144860999,-0.41938700605637363,-0.8622940505403732,-0.11881473247643957,-0.0008164837894485803,-0.4030779396561691,-0.45451814497738946,-0.552640290594521,-0.18383549573012628,-0.6973147346560036,-0.4236000727956222,-0.5779574127635305,-0.07500814489595158,0.5334598142280627,-0.5591396315520075,-0.7156907215842454,-0.7156907215842473
wgsw_mix_wheat_0137.jpg,flowering,-0.4288740036648996,-0.8136463899524855,0.0298921891413016,-0.7935727976650598,-0.5244040769101754,-0.6311746687104972,-0.589634825358014,0.8187349614407526,-0.38793717191303495,-0.6612276099895158,0.12626171019748225,-0.8824072117383671,-0.5410847342199638,-0.5989407757886667,-0.4670977466216282,0.6934218514676787,-0.5173676622604624,-0.7639883666147318,-0.1379548688699961,-0.3992346346146117,-0.5081365731097893,-0.6583242813746807,-0.1259019099012261,0.39178922974815167,-0.7072752134914334,-0.7072752134914283,-0.3447576102970895,-0.7571936914505067,-0.3742954698533065,-0.0008164837894485803,-0.41458444742019357,-0.48636983461835526,-0.5448217144422745,-0.200475054470213,-0.6866950694182838,-0.4150494922004716,-0.5542422323385088,-0.053520644106947166,0.5249868990833899,-0.5428596648888682,-0.7428184562333824,-0.7428184562333809
wgsw_mix_wheat_0138.jpg,flowering,-0.43126604613847447,-0.817569441815684,0.007451108437449146,-0.8513061975794121,-0.5779208644282555,-0.6939392305226649,-0.6188835038650019,0.8657926324990448,-0.3877957854322128,-0.6786720963594427,0.10679091620580569,-0.9098754387556797,-0.6397379048926926,-0.6820274690178284,-0.49344765357570597,0.7439266938938154,-0.5235143008868489,-0.7560132223288882,-0.1951846600117,-0.5240865562015704,-0.6577359386447726,-0.7049829647507125,-0.18556401170998807,0.47227549153244086,-0.7993252195691704,-0.7993252195691682,-0.3278367663862339,-0.9034339562398374,-0.13205101407187736,-0.21636820420386765,-0.5097746480137304,-0.6032135328420528,-0.7318661131618196,-0.21766196711622846,-0.8095234480958746,-0.4314682126859964,-0.7855487456389845,-0.0900694772246996,0.6138576620374024,-0.7333564176614071,-0.7694455112161763,-0.7694455112161779
wgsw_mix_wheat_0139.jpg,flowering,-0.43478375579892536,-0.8200272345524678,0.05254385526178453,-0.5390209521400052,-0.5028133519124907,-0.6721808929166209,-0.5964704046195708,0.7913074785134332,-0.3887854883982713,-0.6479389454723273,0.12673802745774465,-0.6273451595409865,-0.5212153730576401,-0.6468632235231552,-0.47560539916873334,0.6741375183978858,-0.5147096559107162,-0.739246229465488,-0.059865173537287576,-0.3583348201618269,-0.571679288413167,-0.6657610033043184,-0.10963312186872377,0.36731888698399995,-0.6335795892902241,-0.6335795892902208,-0.4781631671670644,-0.5354011998413366,-0.1408878274543992,-0.0008164837894485803,-0.1954377768231195,-0.34043709330417726,-0.4467887980715906,-0.1452470453624831,-0.6740303178354764,-0.39999565312449864,-0.5696069971209115,-0.006428878359072686,0.48293847691020025,-0.4666398209660023,-0.6121410633178247,-0.6121410633178244
wgsw_mix_wheat_0140.jpg,flowering,-0.43436163090238356,-0.8440380658711143,0.14304545593261137,-0.4478880221040941,-0.5943709014292152,-0.6693484188777106,-0.6029267939187449,0.7876848322635017,-0.38624053654278345,-0.6560455402453828,0.18407850155156386,-0.5143330549595352,-0.6126145988540582,-0.6580926177333785,-0.4790274435502521,0.6703196880828508,-0.514045152913443,-0.7609616706343026,0.03086242997575562,-0.4285640504126118,-0.6028581719759553,-0.6864856203319379,-0.13759343912126767,0.3867440900125943,-0.6463720372647735,-0.6463720372647762,-0.3333225876894883,-0.691587641832126,-0.2175751105134278,-0.4319199246182867,-0.29428913897787595,-0.39471497259029803,-0.36740017867941044,-0.13243896396386307,-0.6995322981627216,-0.4070207780266204,-0.5385434509303825,-0.04548793353161613,0.506649993173277,-0.5581882049288391,-0.5486457783588548,-0.5486457783588538
wgsw_mix_wheat_0141.jpg,flowering,-0.43225100462845434,-0.8342068435798468,0.03774130275222857,-0.553812154574118,-0.5550314770490712,-0.6251235727091418,-0.5979975990006892,0.8002890596055674,-0.3859577635811063,-0.6691289328903121,0.10637410626214039,-0.7408804694614903,-0.4797734314651286,-0.6103282909567351,-0.4722973953972014,0.6797164979317107,-0.5196934171115624,-0.7575986693017197,-0.019797003046197352,-0.5035470110985616,-0.574271307242725,-0.6499816253125071,-0.15671543290638432,0.40622629351382705,-0.579072637050839,-0.5790726370508411,-0.340775965802792,-0.6153094166764135,-0.3274606693173601,-0.21636820420386765,-0.33246982383135176,-0.3937399208665784,-0.49309882605042077,-0.1264180709986991,-0.6689299217700297,-0.41075413011746076,-0.6100230088311906,-0.03248498328779828,0.49832725096493674,-0.5230911339407786,-0.5729059840098447,-0.5729059840098463
wgsw_mix_wheat_0142.jpg,flowering,-0.43562800648761907,-0.8311818521056067,0.07108658788865044,-0.8341889501350692,-0.607682470052279,-0.6788757552678636,-0.6111105329669071,0.8537320119812738,-0.3883613289557555,-0.672258674056534,0.13316869856254934,-0.9140610814681321,-0.6587872787283858,-0.6610976604353295,-0.493666276157617,0.739798780895814,-0.5148757788403371,-0.7716752715368386,-0.1219419220448986,-0.6426600265585273,-0.6516630892897899,-0.6904870754613393,-0.16756377770644823,0.4533493415929607,-0.761967563527551,-0.7619675635275511,-0.38794243288409724,-0.8472416850432751,-0.29741427319139824,-0.0008164837894485803,-0.577767648437633,-0.538372593215822,-0.7992261538582359,-0.2268027773451592,-0.7755700868485896,-0.41802011644479503,-0.7616665569011107,-0.06838115867130629,0.5910392795535683,-0.7043907626893322,-0.7358089409045786,-0.7358089409045812
wgsw_mix_wheat_0143.jpg,flowering,-0.4323917133253505,-0.8268334653695009,0.06529205547313119,-0.7620818463673471,-0.6693702263691336,-0.7213625162065371,-0.6118899421340515,0.8587131505749309,-0.3866646959852992,-0.666101799792737,0.1356100509079504,-0.8793333936922075,-0.6909567923938537,-0.699425069589805,-0.49663207549099764,0.7458970736608206,-0.5147096559107162,-0.7497196048037903,-0.13059465123935976,-0.6903764117984649,-0.683138230009529,-0.6887505786852933,-0.17823894519741082,0.46545815528394296,-0.7316550237617706,-0.7316550237617688,-0.36139469082368575,-0.7854834266050207,-0.2802714531943036,-0.0008164837894485803,-0.49513000176854743,-0.4873448863420562,-0.7444961207923714,-0.19943508204895963,-0.7548974670470848,-0.41547099969459794,-0.7042156972799088,-0.049855719906954504,0.5600799431527436,-0.5801767313310008,-0.72688773957701,-0.7268877395770099
wgsw_mix_wheat_0144.jpg,flowering,-0.43365808861204935,-0.8333088345350261,0.07340440085486437,-0.7738313150773635,-0.623158554353332,-0.642890712789681,-0.5991561752474734,0.8353690154339627,-0.387371625989697,-0.6791851924376604,0.16591764470749382,-0.8160256719937354,-0.7338494544409119,-0.6294656229511786,-0.4863278599696194,0.7246212872436267,-0.5170354107618161,-0.7821006330756436,-0.10284145604543175,-0.6967445983375499,-0.5874538456645232,-0.6721029523054614,-0.16840696212642675,0.44795422692749737,-0.6027108561342458,-0.6027108561342418,-0.40204132802285164,-0.8164351556577352,-0.12773306598622083,-0.6474716450327058,-0.3968016626939738,-0.4069031191365758,-0.6723246486176494,-0.1038670900746332,-0.6940869477740056,-0.35090006595139867,-0.5886459447860775,0.03097343025730659,0.46200120804990324,-0.38217427964233186,-0.7776384512108822,-0.7776384512108826
wgsw_mix_wheat_0145.jpg,flowering,-0.43436163090238356,-0.8280623360658182,0.09041970251949866,-0.7528969747740609,-0.5462653149336849,-0.6453369689760572,-0.5971760627005558,0.8176251849606531,-0.3856749930192407,-0.6726178301642927,0.17336071637689837,-0.8722701393759962,-0.5680818936330134,-0.607323248254784,-0.4783049936012221,0.7008267062172234,-0.5185305396860221,-0.7676876732994626,-0.07778092827354399,-0.5420250439629731,-0.5524979950943758,-0.652397572687955,-0.15377181119563804,0.4155488603254899,-0.6405320066676966,-0.6405320066677005,-0.24865958488026904,-0.7765052471847258,-0.09246680625125024,-0.0008164837894485803,-0.5170969711362914,-0.4475302742908485,-0.6969832349440349,-0.15794565597991833,-0.6871385821196263,-0.38417908620201147,-0.6968673315144016,-0.045839364619286144,0.5163005802923492,-0.5731996027610752,-0.650101685293295,-0.6501016852932953
wgsw_mix_wheat_0146.jpg,flowering,-0.43225100462845434,-0.8291494455858792,0.10754006799526855,-0.78814538090411,-0.48733732639306154,-0.6316896957762114,-0.6060128066341534,0.8162063501605656,-0.3885027154365941,-0.6584569691960872,0.18175642256682772,-0.8685423057754823,-0.5432924714694336,-0.61739276424724,-0.4857004507462611,0.7017067790747042,-0.5173676622604624,-0.7818604075114042,-0.06413755998109488,-0.4942189234139419,-0.5628662313126384,-0.6802568925936919,-0.15392994098637988,0.41711976146302887,-0.6704737508400118,-0.6704737508400076,-0.2854058373046954,-0.6912972424977768,-0.2948314965177955,-0.0008164837894485803,-0.49983720949019367,-0.49482028289044744,-0.7029975242919166,-0.12827907427884294,-0.7279417506432144,-0.36446859290520756,-0.6953642566987338,-0.018779170868640407,0.5189167509200424,-0.6238366419275884,-0.6663965326160988,-0.666396532616097
wgsw_mix_wheat_0147.jpg,flowering,-0.43225100462845434,-0.8522622165155727,0.0928428081940338,-0.8146860520482392,-0.6117408708191914,-0.6321403182353317,-0.6027161582538031,0.8404031504458174,-0.3868060824661378,-0.66097106195041,0.13078711226121612,-0.8986919557151881,-0.6422609744457575,-0.6009441185001494,-0.48641340075313316,0.7210919642792483,-0.5155402818376296,-0.7800828009627444,-0.1415091586658506,-0.5278536853990494,-0.5570155848816136,-0.685315352892397,-0.1673379340830956,0.44187670100918786,-0.7339724962209281,-0.7339724962209323,-0.3587199622874101,-0.9382576764172074,-0.010883954593764244,-0.21636820420386765,-0.4831004709243401,-0.503433239783156,-0.6921718034656594,-0.1345736441969686,-0.7564004823127483,-0.36312378328108796,-0.6190414577252179,-0.0401662627754593,0.5216119599352784,-0.535671108180473,-0.745321854565098,-0.7453218545650968
wgsw_mix_wheat_0148.jpg,flowering,-0.43112533744157827,-0.8362392500995687,0.12097312860507833,-0.6500742788434893,-0.5712650801167204,-0.679583856295345,-0.6100467599314041,0.8180932325352398,-0.3859577635811063,-0.6665635639691486,0.19074746065023487,-0.8278631705885738,-0.5026705857242708,-0.6506063549265649,-0.4834001017089653,0.6952908773480184,-0.5180321624380527,-0.7757108835737175,-0.03473288290247128,-0.501035591633572,-0.5833805812752076,-0.6956965247821321,-0.15834154624891855,0.41944163386246175,-0.7735549258233386,-0.7735549258233362,-0.36684289905882916,-0.5760329067056897,-0.2820984858697507,-0.6474716450327058,-0.4987911633298279,-0.46654378290305043,-0.7005918085527639,-0.1391714170067265,-0.7299868369882992,-0.3315307930069804,-0.6075178841383915,-0.01933141972069892,0.4989121350327594,-0.5734110308995569,-0.5988047776597758,-0.5988047776597767
wgsw_mix_wheat_0149.jpg,flowering,-0.42971825345798326,-0.8253209696323781,0.10727683622446874,-0.6723803585479157,-0.618342576038206,-0.7143457706803471,-0.607845462774239,0.8301239441833362,-0.3865233095044607,-0.6647677834303432,0.1967018144947704,-0.7951629257028188,-0.6319162659409138,-0.6718525199636619,-0.48318143782295797,0.7082671853526753,-0.5158725333362758,-0.763700127250995,-0.05749559500463917,-0.5752113242675462,-0.6245574701163171,-0.697546283828415,-0.16261765842224365,0.43303564867967353,-0.7549224472517121,-0.7549224472517161,-0.31247048764033314,-0.6874978512067086,-0.28040443697268524,-0.4319199246182867,-0.4574723399953156,-0.42997934326419746,-0.6831503694438366,-0.1397187709126495,-0.7641619545862584,-0.37745503808141084,-0.6228826489208135,-0.036601747457658255,0.5321003539623126,-0.6168595133576751,-0.6665330816160105,-0.6665330816160084
wgsw_mix_wheat_0150.jpg,flowering,-0.43379879730894555,-0.8395951032253111,0.060182154558883046,-0.8250637489627726,-0.5979422964553622,-0.6739833128241106,-0.6043276297836425,0.8485924088500308,-0.38553360653840213,-0.682520149741188,0.14418427904768547,-0.9078480313876256,-0.6526056829505937,-0.6459142686982691,-0.4822689064225854,0.727637819751708,-0.5153741560883064,-0.7672072743598977,-0.15048497674971203,-0.5936879315861,-0.6318152676491096,-0.6890525977368134,-0.17080095687315805,0.45497166273728545,-0.6909602073789644,-0.6909602073789608,2.866961432927623,-0.9897309584305958,-0.6542652567701915,-1.725230247104801,-0.34031517003409567,-0.4376172484332055,-0.6657089303349795,-0.13369787794748553,-0.7511276090856654,-0.3477889392090308,-0.5881449198475213,0.004716507564198183,0.49305539051577985,-0.4491969995412127,-0.768489668216794,-0.7684896682167922
wgsw_mix_wheat_0151.jpg,flowering,-0.43548729808925957,-0.8256990678945885,0.05470372916551345,-0.6701139515643161,-0.5101184968055874,-0.5925503660131629,-0.5850637225117311,0.7920394587449873,-0.3877957854322128,-0.653736719363331,0.11989054640927464,-0.85853602586734,-0.41410983030522386,-0.5483295845373651,-0.46392282464849355,0.6666318115135899,-0.5203579172891527,-0.7545719211323766,-0.06672273911497639,-0.37214752978679744,-0.4994716244752377,-0.6439416543555443,-0.12920686832453868,0.37732386504850896,-0.5856542588348463,-0.5856542588348456,-0.3669049495691029,-0.6784470719528265,-0.002618178129348304,-0.4319199246182867,-0.3314237776709858,-0.32954901572281453,-0.5321917068117226,-0.09242739344081999,-0.6750651808052783,-0.33060749087698915,-0.5347022597347868,0.010941858260077847,0.439696575085102,-0.37456286665697275,-0.5425921060294332,-0.5425921060294341
wgsw_mix_wheat_0152.jpg,flowering,-0.42929612856144145,-0.8126538563421164,0.07113923424281425,-0.8096164634470431,-0.623483205253301,-0.7664242026867606,-0.6250134021628295,0.8697474246174893,-0.3876543989513742,-0.6467589248153579,0.14311262989395201,-0.9091560447352689,-0.6617518957313419,-0.7153992379244524,-0.503637787183001,0.7497726054459868,-0.5198595428608855,-0.7559652085293853,-0.12212148520844587,-0.6371888033805012,-0.6821013902976962,-0.7466209555872302,-0.20714025573925954,0.49234802859995,-0.898976535312944,-0.8989765353129401,-0.3486934657406108,-0.8760396190329001,-0.13535125140444876,-0.4319199246182867,-0.5761985791970844,-0.628077351796478,-0.743293262922795,-0.19040374260121326,-0.8708267592593373,-0.4172774603837153,-0.7426276092359447,-0.07510855377814318,0.6197144065543829,-0.7031221938584412,-0.6774114852756477,-0.6774114852756496
wgsw_mix_wheat_0153.jpg,flowering,-0.43365808861204935,-0.7981906222739432,0.1131766613483092,-0.8879860135315746,-0.5685594796054455,-0.6217117369269304,-0.6087723283482155,0.8353013269394318,-0.3896338048835077,-0.6335728683668163,0.18866341093190203,-0.9315884248044166,-0.5934390098720764,-0.6209777174233508,-0.4928963264977997,0.7160759503931391,-0.516370907764543,-0.7480861440314559,-0.11853115797490119,-0.5456127999747422,-0.5632365427025733,-0.6893545757809892,-0.17708709037911913,0.4440726143222309,-0.7579815108978001,-0.7579815108977975,-0.38590127007149777,-0.8103367696364029,-0.28095886192232933,0.2147352366249705,-0.5652150945132428,-0.5562485414837065,-0.6729260775524375,-0.18646279447856268,-0.770420411594102,-0.3990322074236364,-0.7417925676716849,-0.06958606525760355,0.5766542930206344,-0.7351535568385147,-0.8374469131722345,-0.8374469131722327
wgsw_mix_wheat_0154.jpg,flowering,-0.42915541986454525,-0.840776737310926,0.08293934228488516,-0.845461282237719,-0.6911232474259846,-0.7209118937474093,-0.616134531096244,0.8748119932160333,-0.3870888530280198,-0.6691802090571527,0.1515080773564251,-0.9370820631034545,-0.7170708569071212,-0.6958401164136941,-0.5007195288645049,0.7563977377208878,-0.5220191719626625,-0.7767678134296644,-0.1362314681161526,-0.744999151850867,-0.6683264180120072,-0.7229141208403225,-0.22166241943437986,0.5104426891273758,-0.8408543260372732,-0.8408543260372714,-0.3066382761777688,-0.8521300738381526,-0.3656021129926719,0.2147352366249705,-0.7325824801720847,-0.6531036793715199,-0.8695933392285934,-0.2586040392793401,-0.8488975201373593,-0.41779932680501475,-0.8869227915403576,-0.14137841602461956,0.6508713389240656,-0.7784963252273799,-0.8428633568354011,-0.842863356835404
wgsw_mix_wheat_0155.jpg,flowering,-0.42915541986454525,-0.821681542809985,0.06381704196787136,-0.8898945275666881,-0.6922596137483117,-0.6473325327743136,-0.6082141037913172,0.8659815306233171,-0.3858163795000793,-0.6611762780877097,0.13882551582408445,-0.9302150152296591,-0.7544127248250071,-0.6401151066872482,-0.4898639862652204,0.7443888074067799,-0.5198595428608855,-0.7708105012567144,-0.14456095241498537,-0.7626685798336942,-0.5980442848067523,-0.6884108328819223,-0.2069595546709804,0.49023821390292033,-0.7624310580193825,-0.7624310580193816,-0.3468851442455626,-0.9734685957070429,-0.254289069679502,-0.4319199246182867,-0.7064313261628773,-0.6368528173098034,-0.8810204889895688,-0.21667673008556107,-0.8123077222765301,-0.41207886795614584,-0.8274678321649317,-0.10954880036987552,0.6192322723903663,-0.7419192572699462,-0.8370827825058031,-0.8370827825058019
wgsw_mix_wheat_0156.jpg,flowering,-0.43084392064485927,-0.8211143440725288,0.04148148286953809,-0.41073110193892465,-0.5131487482168312,-0.5695044957073447,-0.5744680506414632,0.7502572925240117,-0.38454390357232715,-0.6550194038239128,0.12435618242894793,-0.5512843743069801,-0.4436300592713383,-0.5778527889788688,-0.45385627289743885,0.6319753050489059,-0.5162047820152198,-0.7552445318366782,0.02271250884046574,-0.31456493730509943,-0.5065813135420533,-0.6081926454539017,-0.11095063023693767,0.34051511228400616,-0.4837781695302815,-0.48377816953027636,-0.28612336767748003,-0.4657295595420675,-0.240012817625006,-0.0008164837894485803,-0.13842826108305825,-0.28112144677891737,-0.3457487370269659,-0.017002025204492618,-0.601934864272661,-0.3319121569302397,-0.5018016221028665,0.05858587286000515,0.3869779705935274,-0.3464429242388255,-0.49043038806313954,-0.49043038806313743
wgsw_mix_wheat_0157.jpg,flowering,-0.42985896215487945,-0.8474411556075591,0.058812662659136435,-0.4242698734195404,-0.5097397080314742,-0.6469463149217795,-0.5949115862852807,0.7768919280464005,-0.3877957854322128,-0.6655887037145193,0.1257853929372126,-0.5718201039401942,-0.4756103187380771,-0.6222430287028285,-0.4678296965128153,0.6560659197046785,-0.5148757788403371,-0.751833464515684,0.005407050451543411,-0.3263146117131272,-0.5817513076994756,-0.651151851744708,-0.12257438020037635,0.36477339734575476,-0.5288298341363038,-0.5288298341363021,-0.2805884005724608,-0.5554387539114286,-0.3514856388595326,-0.4319199246182867,-0.21060544614842447,-0.2978598347024842,-0.3944644807449488,-0.10217029296626585,-0.6609220535513296,-0.3713130717384155,-0.5335332015448031,0.02279010635868875,0.4504536996297848,-0.44084558807116747,-0.4749093184065024,-0.47490931840650075
wgsw_mix_wheat_0158.jpg,flowering,-0.43436163090238356,-0.8157733723819104,0.1050116696124186,-0.5672315852127479,-0.5251075165842513,-0.6905273947404537,-0.5987875342303952,0.7935795031748201,-0.3885027154365941,-0.6366000571993568,0.16526280549742567,-0.6552057994431155,-0.540012453642164,-0.664788046673157,-0.4740274174722759,0.6743397244193025,-0.5203579172891527,-0.7519295964925065,-0.007554102624415258,-0.39026539073391026,-0.6263348521580177,-0.6778031774590533,-0.14342788538052423,0.39451289568897996,-0.6405320066676966,-0.6405320066677005,-0.25914748122166686,-0.7445855203508475,0.01284794333191276,0.2147352366249705,-0.3560058624395835,-0.3786266191491982,-0.6260146206388192,-0.11070901389868142,-0.7043862982829779,-0.3476685084964232,-0.6524431202956745,0.0006499478354342194,0.4811126901579426,-0.5279539811258732,-0.5412721323636195,-0.5412721323636179
wgsw_mix_wheat_0159.jpg,flowering,-0.4323917133253505,-0.8414384606139306,0.035212675472186185,-0.5641898838830176,-0.5559513506564637,-0.6750777016331182,-0.600040913688462,0.8105761366232285,-0.3868060824661378,-0.6652808795085668,0.10321840739006688,-0.7170092835904707,-0.5197014765092308,-0.6464414912762944,-0.48469287862021676,0.6958899691335555,-0.5160386590855989,-0.7408796902378224,-0.09928701024334945,-0.38658799684552486,-0.6275938947938171,-0.673650692300224,-0.1525748138222719,0.4138918605719375,-0.6267198708111178,-0.626719870811118,-0.34818342418363485,-0.6505929357998363,-0.02532791651318171,-0.4319199246182867,-0.27232216961019307,-0.37667651570179667,-0.48588167883289274,-0.13687253060184446,-0.7027600850447195,-0.36872381141734933,-0.5759533130093065,0.002557716597076793,0.4834127072354618,-0.4995168965000035,-0.6143713636497169,-0.6143713636497171
wgsw_mix_wheat_0160.jpg,flowering,-0.43070321254503646,-0.7890211232856803,0.03552878249434224,-0.5066950036807991,-0.48501051465589357,-0.6251235727091418,-0.5927102891281156,0.7737898010722405,-0.383695584687312,-0.6445013801001469,0.14716145596995323,-0.6850938289522333,-0.41196520062890574,-0.6180781077831102,-0.46750649195897914,0.6547021580019232,-0.5203579172891527,-0.7434740010781895,0.011869608270679679,-0.3534914518500457,-0.5642733824144062,-0.6505100868898213,-0.13595980201955576,0.3734135529045714,-0.5844491731560845,-0.5844491731560861,-0.3557890438714813,-0.455081583949265,-0.2678701184048382,-0.0008164837894485803,-0.22891125395488793,-0.31362317090235053,-0.5111416940940662,-0.06774173228364898,-0.6357403879528345,-0.34590219137817496,-0.49712538934301076,0.04236983838605627,0.42018199720058974,-0.3741400103800091,-0.512096162715806,-0.5120961627158066
wgsw_mix_wheat_0161.jpg,flowering,-0.42957754476108706,-0.8142608766447876,0.06634566924791374,-0.5042496826173226,-0.548646264544991,-0.6386420366958152,-0.5935529004361163,0.7840999656384228,-0.3851094470958863,-0.6542497597065833,0.14716145596995323,-0.6733217265845169,-0.4771872543389194,-0.610486469184034,-0.4675825328003359,0.6613272902768242,-0.5228497978895759,-0.7600488343657671,0.03793544014845408,-0.43538071863223154,-0.5921195439177381,-0.6518313433514499,-0.14500885616798498,0.38579780244585543,-0.6130931327512715,-0.6130931327512676,-0.3411657341723026,-0.4569207797334764,-0.4397878552350539,0.4302869570393896,-0.4386435091086693,-0.4012153174149693,-0.539408854029181,-0.17951139987332346,-0.6773320235010344,-0.4067397730305339,-0.6778283838492356,-0.047747133380929126,0.5206634992847552,-0.5948709869555134,-0.4764568737388358,-0.47645687373883616
wgsw_mix_wheat_0162.jpg,flowering,-0.4294368372583376,-0.8483864526072256,0.047908229329369036,-0.7601732999378673,-0.4959411336676514,-0.6255097905616759,-0.598439968221183,0.8191799214668171,-0.3832714276445915,-0.6682566807043298,0.10756502877653874,-0.8860042528846525,-0.5034274654777644,-0.6103810361223173,-0.47878027983777155,0.7029626641159097,-0.520690168787799,-0.76509336245909,-0.12251633696077467,-0.4042573761121135,-0.5838249871231324,-0.6750096755137079,-0.15282322872316167,0.4187879221482867,-0.696985635772774,-0.6969856357727794,-0.22260466291236125,-0.7724154565593085,-0.1961472674083019,-0.0008164837894485803,-0.5333106866219621,-0.45061793808258643,-0.707207526835434,-0.14864063957921111,-0.6973393742505226,-0.3786593452074886,-0.6364103222618442,-0.0011072076029158642,0.5033619962514633,-0.528799693679801,-0.6063149726549228,-0.606314972654924
wgsw_mix_wheat_0163.jpg,flowering,-0.4323917133253505,-0.8262190300213367,0.045010848673013616,-0.6927182537962321,-0.45936138889129635,-0.5438836998599615,-0.5872544707235905,0.7849904104075627,-0.38298865468291426,-0.6545063077456891,0.11072072764860502,-0.8590592312064003,-0.3804264200913469,-0.5483295845373651,-0.46384678380713795,0.6637522572780812,-0.514543530161393,-0.7687926691438208,-0.06769200578317719,-0.29743367759566186,-0.5021377377627855,-0.6238965289346668,-0.13364856862379215,0.3747436968010362,-0.5090849687842817,-0.5090849687842779,-0.2680946953542051,-0.6052906396413675,-0.23432605077926164,-0.6474716450327058,-0.47473210164135227,-0.33946204158047666,-0.6079717525951737,-0.13309578865097038,-0.6126530878884595,-0.3131048939779922,-0.6080189090769474,0.018974568835408885,0.43116833306914876,-0.4636798270272564,-0.550238850024492,-0.5502388500244929
wgsw_mix_wheat_0164.jpg,flowering,-0.43590942328433807,-0.8352467164891997,0.01651177488564965,-0.747052059432368,-0.30113777929260666,-0.5588184358305899,-0.5904563616581463,0.7795564410326631,-0.3853922200575635,-0.63413729634684,0.0479024756979834,-0.888620279579939,-0.2585607628558807,-0.5596643545398512,-0.46210726178990535,0.6581737794961704,-0.5228497978895759,-0.7371323175646802,-0.10129746244890739,-0.15168336710178645,-0.5205043942937192,-0.6558327984808512,-0.09997431610684032,0.34792876116933696,-0.5806485183230662,-0.580648518323065,-0.33187739263657656,-0.513693849598737,-0.31724164246148584,-0.21636820420386765,-0.3418842392746445,-0.33377423985887017,-0.42032592494084065,-0.08175399227529931,-0.6581870585597119,-0.35170293736878466,-0.5068118714884455,0.04422740270660325,0.4383529224968611,-0.44105701620964927,-0.5176946717121883,-0.517694671712188
wgsw_mix_wheat_0165.jpg,flowering,-0.43323596371550754,-0.8347267543624515,0.07761885595400057,-0.6353427144359997,-0.43674257331956684,-0.5841174184320175,-0.5968495716992106,0.7828999378322831,-0.3896338048835077,-0.6599962016957809,0.14311262989395201,-0.8298905957176856,-0.33835374537093377,-0.5662543504179132,-0.47007304589716586,0.6600859560411301,-0.5225175492106318,-0.754812146696616,0.012049171434222879,-0.2921418276033458,-0.5981923932727294,-0.6613442668531644,-0.11165073238453113,0.35664903627361044,-0.6229192159780994,-0.6229192159780969,-0.29261996843366667,-0.6356373700808546,-0.25035406304162766,-0.4319199246182867,-0.2759833311714736,-0.36773854156785457,-0.3451473080921778,-0.05367473690139983,-0.6863254755004956,-0.366957494299101,-0.48660386563329616,-0.004169678509759689,0.45860255738552846,-0.4803826499673594,-0.4494201717563066,-0.4494201717563049
wgsw_mix_wheat_0166.jpg,flowering,-0.43408021410566455,-0.8188456004668474,0.09437046805345103,-0.7706106348790238,-0.5591980947826418,-0.6118625173618302,-0.5980502750789827,0.816319689035127,-0.38624053654278345,-0.6475285131977219,0.16823998241969346,-0.9068016207095124,-0.552564830875759,-0.5998369854479644,-0.4746072856807506,0.6961498766251034,-0.5186966654353452,-0.751016760223971,-0.06356314506522288,-0.5157451671871138,-0.5667913872359853,-0.6755004513465069,-0.15002268928479862,0.41137467186765964,-0.6391415231922021,-0.6391415231921981,-0.29268560626372436,-0.7918722119607021,-0.018620053356310184,-0.0008164837894485803,-0.40464700889671773,-0.44541766222283025,-0.582110308399212,-0.12455706771855482,-0.7149320447371436,-0.36904495998430265,-0.5634276895453876,-0.016720788783716314,0.4952289461732278,-0.5063883110006756,-0.6915670649331672,-0.6915670649331661
wgsw_mix_wheat_0167.jpg,flowering,-0.43520588129254056,-0.822485027289246,0.1147569675618898,-0.8021612242033598,-0.560388540197483,-0.6186861889262526,-0.6022105868924544,0.8219803361591543,-0.3858163795000793,-0.653736719363331,0.1926527296913057,-0.9228247442557453,-0.5713619114602829,-0.5836519509898896,-0.47863769809721624,0.6988056495068855,-0.5256739299886258,-0.7653335880233294,-0.05419247522903266,-0.48614664289430987,-0.5963409167730392,-0.6722539413275492,-0.1634758903605808,0.42197596256900155,-0.7120028573081147,-0.7120028573081106,-0.3120735148207829,-0.7905170150670727,-0.20311739903675569,-0.0008164837894485803,-0.4093542166183642,-0.4407049122249434,-0.6320289099867711,-0.20321182399983326,-0.7069241765184433,-0.4065390551761881,-0.6148662499038984,-0.056733728337078605,0.5276346850661005,-0.5013140356770992,-0.6854223599371378,-0.685422359937139
wgsw_mix_wheat_0168.jpg,flowering,-0.4316881710350163,-0.8245647217638195,0.08004196162852974,-0.878145091251038,-0.4336040461600471,-0.5582390740872888,-0.5905300669788177,0.8035722139488216,-0.3868060824661378,-0.6609197300485978,0.16466721487649114,-0.9175273123991234,-0.5065182976270161,-0.531301028316121,-0.4621833026312621,0.6755956094605079,-0.5245110525630855,-0.7543797615565538,-0.10901680640663014,-0.35779670060467583,-0.5077662617198543,-0.6474901424186776,-0.14775666386810232,0.3985890273896839,-0.5937190629927146,-0.5937190629927186,-0.41762884014060564,-0.7810790367007251,-0.13027119193818515,-0.0008164837894485803,-0.35495981627921774,-0.37423888639252584,-0.532793135746511,-0.09784619710946924,-0.6951218107438075,-0.3677603657164867,-0.5986664435572162,0.033333038988810786,0.4716517951689754,-0.4824969313521776,-0.6301200149728736,-0.630120014972873
wgsw_mix_wheat_0169.jpg,flowering,-0.43450233900220636,-0.8458341353048879,0.06560816249528681,-0.8453420061844655,-0.5930181011735778,-0.6833819099300906,-0.6108998973019653,0.8565397727117753,-0.3865233095044607,-0.6629207267247029,0.12513029499968098,-0.8971223396980221,-0.6818105796131129,-0.654085875040959,-0.4922118763173998,0.7380667332880467,-0.5256739299886258,-0.7817162617350788,-0.12233692980345115,-0.5484829658111624,-0.6841009752633634,-0.7112871870000004,-0.1978653579674777,0.4777104666682807,-0.8128592587306502,-0.8128592587306526,-0.32711843970225546,-0.9012801611767478,-0.19463221605697636,-0.21636820420386765,-0.5850899715601939,-0.5825749380236829,-0.7871975751624022,-0.20156976228205853,-0.8227795499471385,-0.41280145223179326,-0.7987424023543309,-0.08700700631785536,0.6035826716567353,-0.6550222923537222,-0.704402670924873,-0.7044026709248719
wgsw_mix_wheat_0170.jpg,flowering,-0.43225100462845434,-0.8148753119929518,0.08625812267171784,-0.9448247782578102,-0.8411218385241975,-0.7954568343163475,-0.6323966799187242,0.9242550278102747,-0.3872302395088585,-0.6603040259017333,0.1746111462078938,-0.9607570602931312,-0.99713479777058,-0.7519869156564548,-0.5162043519730448,0.8064555191914855,-0.5186966654353452,-0.7673033541478118,-0.167574990543625,-1.0163189741070497,-0.7514206977991057,-0.7453374668847924,-0.2785239818047795,0.584690787297738,-0.9308649563509516,-0.930864956350957,3.2875436885880025,-0.9967489423440338,-0.6869151522496683,-1.725230247104801,-0.8581080194162924,-0.7644220844942465,-1.033182009491329,-0.29609778183513163,-0.9017987295698143,-0.4835745676742938,-0.9133101049710308,-0.14358741143283654,0.7169553347492611,-0.8686704262900726,-0.9216521297844886,-0.9216521297844869
wgsw_mix_wheat_0171.jpg,flowering,-0.4288740036648996,-0.8273060881972597,0.05096354904820989,-0.916733421238314,-0.7106577031031444,-0.6884030916580242,-0.6121111267442988,0.882276092709847,-0.388219942474917,-0.6686671687139005,0.14019496028828182,-0.9306728065805396,-0.867132135019377,-0.6606758709190209,-0.4960617072246799,0.7658667998453903,-0.5200256686102086,-0.7777287156866112,-0.16990868764480696,-0.7902939016511473,-0.6586246698906283,-0.7056247296055994,-0.24667911497617648,0.5344370978752317,-0.7956172636345182,-0.7956172636345132,3.065569720322802,-0.9926107518295583,-0.6711614848350536,-1.725230247104801,-0.6985859799601334,-0.5830624638855332,-0.8942519255549087,-0.18553229283848743,-0.800185041773147,-0.38725006937351025,-0.7352792434704375,-0.053370030783659955,0.5796024248760109,-0.6656994133470803,-0.849872872164205,-0.8498728721642039
wgsw_mix_wheat_0172.jpg,flowering,-0.43365808861204935,-0.8276842378036079,0.10142942855759367,-0.9408287713189737,-0.7994555730160736,-0.7655873623751059,-0.6285733851691593,0.911643454430041,-0.38397835764897276,-0.64542490845297,0.15746243120096015,-0.9403520875920299,-0.9722822680338487,-0.72636502084566,-0.5124591030376888,0.7948289238359868,-0.5281658119989098,-0.7519295964925065,-0.1727810742366226,-0.9520991353076911,-0.7295732911927583,-0.729784572426115,-0.28297327128720523,0.5792438540207853,-0.9107492954054642,-0.9107492954054683,3.173385647765899,-0.9939901486677168,-0.6796260988059142,-1.725230247104801,-0.8131280345204388,-0.7704349034570869,-1.108360626339992,-0.3002576715201579,-0.8976839172851286,-0.40659927053249173,-0.9026215729484839,-0.1425331181698208,0.6814670987421897,-0.8099991178612366,-0.898939479465832,-0.8989394794658297
wgsw_mix_wheat_0173.jpg,flowering,-0.43126604613847447,-0.8298111688888894,0.012350195037862437,-0.917985900783364,-0.6617945390594003,-0.6541562043387287,-0.6073820414286235,0.8742762571469167,-0.38793717191303495,-0.6600475335975869,0.08112773910319752,-0.9238711549338585,-0.8045592974880129,-0.6445435816265284,-0.4830863970972861,0.751829788294146,-0.5193611656129161,-0.7813319425834279,-0.18121820282985066,-0.715041881186622,-0.6669933211432236,-0.6898075838545973,-0.24709318342698763,0.5304008266449043,-0.7651193260720053,-0.7651193260720095,2.9635816808496016,-0.9965311428432719,-0.6572732567811816,-1.725230247104801,-0.5563237021500721,-0.5856626018154208,-0.828696171662927,-0.22674804195456658,-0.8148209609174765,-0.4348804162098834,-0.7818745627562405,-0.08354289988223983,0.613912988908683,-0.6769051046866428,-0.8353531618402541,-0.8353531618402567
wgsw_mix_wheat_0174.jpg,flowering,-0.43337667181533035,-0.8199799979417598,0.027995775905564936,-0.8630556662894285,-0.6504851018827237,-0.7131870471937451,-0.6018946219536696,0.8650380894359795,-0.38638192302362206,-0.6435265198455177,0.0877964394743983,-0.9031391833361129,-0.7594589324518479,-0.6782843948838725,-0.47601414450608426,0.740419448013661,-0.525840055737949,-0.7706183416808918,-0.15159808115622175,-0.6781782557099024,-0.6648456277115881,-0.7006039960587493,-0.23165253229610677,0.5119737297945384,-0.7839372024403644,-0.7839372024403619,2.9635816808496016,-0.9965311428432719,-0.6572732567811816,-1.725230247104801,-0.6112411255694014,-0.5100960932284444,-0.7517132680098294,-0.24256656983576902,-0.7966123005678798,-0.43469977014097183,-0.7003745060842936,-0.1088961426356315,0.6023812881660737,-0.6209823620580712,-0.7778660328774017,-0.7778660328774016
wgsw_mix_wheat_0175.jpg,flowering,-0.43534658939236337,-0.8327416357975754,0.1331944074804345,-0.932896395467917,-0.6870107381757462,-0.6711509087141996,-0.6022105868924544,0.8613398839363391,-0.38426113061065,-0.6488111976583036,0.19324832031223346,-0.9421833062787336,-0.8538228095115848,-0.624509982703327,-0.47650843062694886,0.7363923871504109,-0.5228497978895759,-0.7720115768889867,-0.11461758584573277,-0.7536096493601376,-0.6194473660151689,-0.7007550260881774,-0.21653559908189698,0.495948624889062,-0.7682710886164594,-0.7682710886164572,3.065569720322802,-0.9984429384610706,-0.6653334659428324,-1.725230247104801,-0.5191890634570231,-0.4998580501295678,-0.789603290901555,-0.23112687320195582,-0.7667737516052806,-0.42331906779953793,-0.6258887985521493,-0.08976825057812518,0.5751446598185519,-0.5727767464841115,-0.8578837468256951,-0.8578837468256932
wgsw_mix_wheat_0176.jpg,flowering,-0.43393950540876836,-0.8164823322956175,0.10063927545080294,-0.9381448819518104,-0.6794891593493454,-0.6843474895259257,-0.6145335856289661,0.8733249452044012,-0.3834128141254301,-0.6548141876866072,0.18580524864283568,-0.9472191532268908,-0.836918031091854,-0.6546130976189843,-0.49151796749893817,0.7522336985850651,-0.5170354107618161,-0.7759991229374543,-0.13587234178906213,-0.7519951932562071,-0.6447015489139569,-0.7270665649918115,-0.24679203678785286,0.5285086501161305,-0.8245393199248042,-0.8245393199248039,2.7752960695144635,-0.9977895399587849,-0.6359617830372881,-1.725230247104801,-0.688125518356475,-0.6184893431800685,-0.9285333748379052,-0.22756907281345085,-0.8143035294325768,-0.36189940436957563,-0.7329411270905096,-0.07842204689047151,0.5847162085500812,-0.6476223075068454,-0.8322580511755875,-0.8322580511755858
wgsw_mix_wheat_0177.jpg,flowering,-0.4363315484794166,-0.8416747976998845,0.079251808521739,-0.9087413911634544,-0.5415034744926969,-0.6397364255048226,-0.599293105591744,0.8414221508828639,-0.3856749930192407,-0.6616380422641212,0.1397781503446165,-0.907128619606157,-0.6770797728105858,-0.6051617273160023,-0.4731338859562173,0.7154482587484935,-0.525840055737949,-0.7798425753985105,-0.14337624115177525,-0.5038160221608985,-0.6047096484756453,-0.6910155780459889,-0.22607402469691854,0.4902553539051822,-0.7340651951192944,-0.7340651951192984,2.6882139742719615,-0.9956841447847535,-0.6282066953880635,-1.725230247104801,-0.511866740334462,-0.47986948979366495,-0.7667489913796041,-0.13019481294957272,-0.762806776887709,-0.34002115824582935,-0.6482679124743747,0.012046355964183499,0.5042867453857232,-0.4944426211764266,-0.7197871915815983,-0.719787191581597
wgsw_mix_wheat_0178.jpg,flowering,-0.4370350904712141,-0.8327416357975754,0.109331188522684,-0.9419619586135903,-0.52223956123218,-0.5307514537258297,-0.5927313641359828,0.8197613079159671,-0.3825644952403985,-0.6272620541325602,0.14251703927301748,-0.9360356524253414,-0.6566426490520679,-0.5317227605629818,-0.4660426334807003,0.695536234034055,-0.5185305396860221,-0.7705222097040694,-0.1219419220448986,-0.4703607307939783,-0.551757372314497,-0.6764441942455738,-0.21130344610090912,0.4657678711387686,-0.705328536625741,-0.7053285366257399,2.526490083107316,-0.9930705507756111,-0.6111461642813185,-1.725230247104801,-0.5212811557777548,-0.5131837570201819,-0.8166675929670932,-0.17502309784474945,-0.7510536903021083,-0.3505387738135736,-0.6511070537928584,-0.05206471531516581,0.5264807246079634,-0.5305968328568966,-0.6612531869527557,-0.661253186952754
wgsw_mix_wheat_0179.jpg,flowering,-0.43323596371550754,-0.8524040290359726,0.08499369458310087,-0.9108288678699906,-0.5679642568980281,-0.6474612720584867,-0.5959753593207836,0.8446297459764093,-0.3869474689469764,-0.6571230085686648,0.12906036516994426,-0.9219091437929263,-0.6942368102211232,-0.6119625893174914,-0.47150840454897275,0.719468295084945,-0.5195272913622393,-0.7672552881594006,-0.1591018245127111,-0.5811310291261068,-0.5877500625964686,-0.6691962290972148,-0.2266235862369415,0.49178041550178825,-0.7261857887581588,-0.7261857887581575,-0.3864652422749339,-0.9364910804665834,-0.17179191520295187,-0.4319199246182867,-0.5134358095750109,-0.46719381738553656,-0.7252503948790793,-0.16385707816389797,-0.7409514565492882,-0.36220048115109443,-0.6038437012556476,-0.042375258183676295,0.5173596946854333,-0.5099825893548794,-0.716510015583716,-0.7165100155837162
wgsw_mix_wheat_0180.jpg,flowering,-0.4323917133253505,-0.8420528959620948,0.12634626129012672,-0.95669352302108,-0.6334398127835282,-0.5982152441619842,-0.5972919180369602,0.8471132315935785,-0.3870888530280198,-0.6459892806980284,0.15942746628609206,-0.946107328560598,-0.8298533746746354,-0.5437429313707921,-0.4704057503931601,0.7222394709069897,-0.5255078042393027,-0.764757057106942,-0.16714425735983413,-0.6031056571473361,-0.5816031992335072,-0.6874670899828556,-0.20339113382842097,0.4789836100921071,-0.724424509689199,-0.7244245096892016,2.7752960695144635,-0.9972087412900866,-0.6365788577605382,-1.725230247104801,-0.5092516249335475,-0.4093407484458279,-0.7541189837489822,-0.16051821933776209,-0.7460518526147377,-0.3242246631087767,-0.5326981599805433,-0.007884807150854042,0.4870879922562383,-0.44073987400192677,-0.7864686198718428,-0.7864686198718408
wgsw_mix_wheat_0181.jpg,flowering,-0.43042179574831746,-0.7780083182529357,0.06581874791192327,-0.9556199737530866,-0.48035683239993987,-0.521159712729083,-0.5883287927043979,0.8085082268794571,-0.38411974412981137,-0.6058669063122353,0.13346649387301324,-0.9583372400402604,-0.6104699691777475,-0.5045192552875589,-0.4577726447039187,0.6808785553649636,-0.5211885460357489,-0.7403031593214349,-0.15464987490535653,-0.35358108972667257,-0.5295396543182145,-0.6493398604576205,-0.19440985893659465,0.4413090879110261,-0.6137420250398357,-0.6137420250398304,-0.3193886199507485,-0.9525356436893744,-0.06568664741491737,-0.21636820420386765,-0.3654202778829371,-0.4407049122249434,-0.5791031637252709,-0.13813144458547313,-0.684649983073199,-0.33654873936563867,-0.5590854734112165,-0.015967722167274993,0.4702528157094539,-0.46304554261181097,-0.7175113749164023,-0.7175113749164004
wgsw_mix_wheat_0182.jpg,flowering,-0.43084392064485927,-0.8191764621183552,0.05127965607035955,-0.7458592341111209,-0.5290035625103672,-0.6005970957417742,-0.5897296056865514,0.8077458130612158,-0.38638192302362206,-0.651325234677661,0.1185211019450773,-0.8406816836344109,-0.5281538485889186,-0.5775891776898531,-0.4702346275220363,0.6862623534041704,-0.5196934171115624,-0.762595131406637,-0.10941165815895894,-0.4229134540488652,-0.546425145739393,-0.640808406606828,-0.17666549816912944,0.4276233940119483,-0.5561760091543626,-0.5561760091543583,-0.3353405328555356,-0.7798206395852121,-0.07848769658500505,-0.21636820420386765,-0.3293316853502541,-0.3417371622691117,-0.47265024226755276,-0.10173240984152765,-0.67026045987406,-0.3719152253014531,-0.48142660793488445,0.00833122732309524,0.4559547714028189,-0.40828565474490164,-0.713642486585569,-0.7136424865855697
wgsw_mix_wheat_0183.jpg,flowering,-0.43028108705142126,-0.834679517751749,0.017091342575797537,-0.7442489102091308,-0.630138989564836,-0.6627178912040548,-0.6069396722081297,0.8486076256433759,-0.388219942474917,-0.6896518842596201,0.1221531180774132,-0.8440825005772226,-0.6585349854772165,-0.6359501857675299,-0.4891985772732319,0.7289875324008661,-0.5175337851900833,-0.792141623273878,-0.10298498177128475,-0.623376191188008,-0.6273717320948559,-0.6734997032781362,-0.2094438999518509,0.47905775056700745,-0.7366607642735508,-0.7366607642735494,-0.2859083501583627,-0.8527592723959092,-0.14455619649536877,-0.6474716450327058,-0.5725374176358038,-0.5557610156218562,-0.8070447300104823,-0.1981761680653305,-0.7850809703329533,-0.3804055905403024,-0.7992434272928868,-0.07299996725212349,0.577650176703684,-0.6927622150728184,-0.674361890944285,-0.6743618909442826
wgsw_mix_wheat_0184.jpg,flowering,-0.43337667181533035,-0.8024445357886386,0.022622414323324545,-0.6993385282727883,-0.535984056503495,-0.6358096325858966,-0.5912778750755358,0.8096400414740561,-0.38624053654278345,-0.6328032799844521,0.08839203009533284,-0.8644220770512019,-0.5086629273033341,-0.5872896493315828,-0.4690274326983949,0.6881027794254017,-0.523015923638899,-0.7365557866482928,-0.09781493551597736,-0.4630059430172075,-0.588490685376356,-0.6500571198235533,-0.15685092599559786,0.41491228861357665,-0.6337649870869566,-0.6337649870869531,-0.334062500917039,-0.8086669734638952,0.06981157483649866,-0.0008164837894485803,-0.3146870391050711,-0.40755315361904315,-0.4786645316154343,-0.1402113894279803,-0.7006657195105995,-0.39347232285824635,-0.6100230088311906,-0.03730460963299829,0.5017338054680656,-0.4838712142523096,-0.5593876330185801,-0.559387633018578
wgsw_mix_wheat_0185.jpg,flowering,-0.4321102965286315,-0.8418166102202844,0.040796622471068994,-0.7249248938078182,-0.555302048856526,-0.5834093174045434,-0.5876757878189623,0.8104627977486641,-0.3852508335767249,-0.6707194415568464,0.11750870138047793,-0.8593862478641027,-0.5580525859524909,-0.563249307715962,-0.4665084197750918,0.6897480239520148,-0.5275013104114781,-0.7736450376613211,-0.11942866178017345,-0.4595080197470094,-0.5341313385634506,-0.6358254408191647,-0.14890099492721548,0.4102968447486783,-0.537172734989271,-0.5371727349892736,-0.33627258824613143,-0.958948628989585,0.38872421006573177,-0.6474716450327058,-0.2393717155585464,-0.3532752743329224,-0.48107024735458703,-0.14803855028269597,-0.6679443379892659,-0.3836371479952778,-0.5427186587516823,-0.020385712983708972,0.4727267172395677,-0.401308526174976,-0.6455500519629029,-0.645550051962902
wgsw_mix_wheat_0186.jpg,flowering,-0.43014037835452507,-0.8282514365410641,0.0298921891413016,-0.7567140676330206,-0.6377146768745631,-0.6929092463202436,-0.6120900517364317,0.8556036775626028,-0.3870888530280198,-0.6663583478318429,0.10405202727740424,-0.8878354715713485,-0.6546872735744788,-0.6593578717434085,-0.4949400531845533,0.739798780895814,-0.5243449268137623,-0.7600969003541783,-0.11454582298280394,-0.679523700751496,-0.6438869121260908,-0.7059267076497794,-0.2380366055193792,0.508883347526246,-0.7528830714876535,-0.7528830714876509,-0.337581455387997,-0.8625360499856641,-0.21133112794188214,-0.4319199246182867,-0.6274548410551332,-0.6165392397326673,-0.8509490422500896,-0.21629358235141502,-0.8073798033727165,-0.3843798040563576,-0.7912270282759717,-0.08113308670964572,0.5929045854995972,-0.6747908233018122,-0.6711757476130105,-0.6711757476130094
wgsw_mix_wheat_0187.jpg,flowering,-0.43281383822189234,-0.8209725315521289,0.04163942193201713,-0.7750241403986106,-0.54355971442241,-0.6588555028917225,-0.616429443909907,0.8412033438889162,-0.3883613289557555,-0.6515817827167669,0.11578195428921284,-0.8866582506779414,-0.580949671690922,-0.6326288438804287,-0.4908525585069497,0.721034262809117,-0.5213546717850721,-0.7611538302101252,-0.11389964520399935,-0.5050717318933882,-0.6308524821702697,-0.6978860296317859,-0.21204123246839052,0.4756237710440694,-0.7623383591210162,-0.7623383591210156,-0.3697794439801689,-0.7673334682081983,-0.22868502458503348,-0.4319199246182867,-0.6149022871306818,-0.5614488173434627,-0.789603290901555,-0.1662654353499648,-0.7607370509481052,-0.40840573122160945,-0.7564892992026794,-0.03911196951244966,0.5659920145410046,-0.644662313568087,-0.6473707052950597,-0.6473707052950605
wgsw_mix_wheat_0188.jpg,flowering,-0.42971825345798326,-0.7999866917077167,0.03963771598796523,-0.8742683603654481,-0.5275425452880776,-0.6051032504040013,-0.5923100699233551,0.8247125376399459,-0.38553360653840213,-0.6328546118862582,0.1115543475359424,-0.9410060853853265,-0.5954574929228098,-0.5833356518047456,-0.46437911100072804,0.6995778457028166,-0.5185305396860221,-0.7401590135451096,-0.14711009411117698,-0.49377053916589486,-0.5842693125210549,-0.6405441553144988,-0.16862528199060084,0.4322216978745848,-0.6348773738673522,-0.6348773738673571,-0.2990100042422301,-0.9101131409298681,-0.09975237765451021,-0.4319199246182867,-0.29638123129860766,-0.34238719675157875,-0.5382059961596045,-0.1499542889534324,-0.6876313740100067,-0.38411887084570784,-0.5144942538796371,-0.03183232555355426,0.4822192275835533,-0.41684849435342874,-0.6560188086228047,-0.6560188086228034
wgsw_mix_wheat_0189.jpg,flowering,-0.43408021410566455,-0.8070765475655498,0.03832064154518445,-0.9047453842246109,-0.6284074005350855,-0.6623316733515205,-0.6102258174086626,0.8637399395486186,-0.3868060824661378,-0.6517869988540725,0.1185211019450773,-0.946238138775892,-0.7535927374983693,-0.624509982703327,-0.4931909899210674,0.7476436720740991,-0.525175555560378,-0.7595203694377909,-0.15576282330563815,-0.7006014141278945,-0.6404801760586558,-0.6872406064497215,-0.22965003472264933,0.5072837468500359,-0.737958548850679,-0.737958548850675,2.6882139742719615,-0.9927075516076747,-0.6313850616404795,-1.725230247104801,-0.5521395175086087,-0.6092263518048928,-0.7553218416185586,-0.21968717656814304,-0.7871506962725543,-0.39345225107280957,-0.7175763623080876,-0.06541909664665367,0.5796893671023088,-0.6469880230913999,-0.742499841900255,-0.7424998419002542
wgsw_mix_wheat_0190.jpg,flowering,-0.43253242142517334,-0.8136936779073369,0.03479127574170934,-0.8908488007814279,-0.5424233481000894,-0.5643546446242299,-0.5932474615598918,0.827814139897095,-0.38609915006194484,-0.6572768928041582,0.12590440757041402,-0.9248521693848573,-0.6674919440592356,-0.5088422971651285,-0.4766605123096612,0.7068888728444086,-0.5228497978895759,-0.7623549058423975,-0.1528547112885842,-0.5017531818089106,-0.498582893229382,-0.6655345197711844,-0.1846305421798626,0.44579817408483086,-0.673903610079565,-0.6739036100795643,2.9635816808496016,-0.9911587551578125,-0.6625784828951972,-1.725230247104801,-0.5354027789427549,-0.4541931277361556,-0.7276561106183023,-0.1863533236973717,-0.7325493548182835,-0.39190672359434386,-0.7259267779507066,-0.060348448095975255,0.5448255343568313,-0.6019538295946678,-0.6638476179510792,-0.6638476179510775
wgsw_mix_wheat_0191.jpg,flowering,-0.42915541986454525,-0.8081636057414673,0.02804842225972234,-0.9178069705063073,-0.6125525862415494,-0.5884304292034777,-0.5930473290747675,0.8435881827078525,-0.3868060824661378,-0.6429621476004532,0.11310257267740897,-0.9413331020430288,-0.7403464510430103,-0.571895391471095,-0.46509206100760114,0.716465811630461,-0.5198595428608855,-0.7592321300740541,-0.1788845057286684,-0.6290267875517546,-0.5270216494966352,-0.6426581656531065,-0.18246984939167032,0.45469662549168743,-0.6404393077693303,-0.6404393077693344,2.9635816808496016,-0.9921025529944473,-0.6617552135722623,-1.725230247104801,-0.3565288855197663,-0.4155160760292847,-0.6440574886825348,-0.1491879934851341,-0.707737283137574,-0.38291456371963034,-0.6146992415910464,-0.012152184643995126,0.49842209702998963,-0.454799845210994,-0.7906561225358035,-0.7906561225358034
wgsw_mix_wheat_0192.jpg,flowering,-0.42845187757421105,-0.8431872934370016,0.04643321582410964,-0.8449841456303456,-0.5177482925986467,-0.5957047232270206,-0.5995564173349792,0.8295876833972078,-0.3849680606150478,-0.6530184071478077,0.10238478750273625,-0.9124260692238443,-0.59438521234501,-0.5562375795910394,-0.47922706624784794,0.7077834965074008,-0.5175337851900833,-0.7652375082354153,-0.14919246518588722,-0.42049176989296944,-0.5542753771360763,-0.6811629087409079,-0.18666313479003488,0.4484126223368275,-0.6895697239034699,-0.6895697239034692,-0.30055291292780756,-0.8248809362983899,-0.24996777199558987,-0.0008164837894485803,-0.5437711482256816,-0.5749370328546749,-0.707207526835434,-0.19089636111654407,-0.7605892133809911,-0.37442419848078373,-0.7556542576384195,-0.07867306909595033,0.5586572521769588,-0.6159080867345067,-0.6506023649596381,-0.6506023649596374
wgsw_mix_wheat_0193.jpg,flowering,-0.42999967085177565,-0.8300947939296892,0.06998032775971005,-0.9429758698549535,-0.5755940526910874,-0.6727602546599217,-0.6077612085082633,0.8595889032677366,-0.3835542006062686,-0.6438343997864356,0.1203668636695438,-0.9531706006378672,-0.7344171485163876,-0.6259334149406561,-0.4850065419277996,0.7386874004058939,-0.5147096559107162,-0.7605772992937377,-0.17619183830662408,-0.5980829156498344,-0.623520630404493,-0.696074038344694,-0.20011633586581706,0.4812939229551308,-0.7518633836056242,-0.7518633836056237,-0.3749027799842985,-0.9874319637003316,-0.3055770177614487,-0.0008164837894485803,-0.5547546329095232,-0.5149713518469667,-0.8425290371630552,-0.1756251871412646,-0.7725640563172629,-0.40258491344556746,-0.7082238967883564,-0.028820059087805626,0.5602143084115678,-0.6145338038343623,-0.7714027135482449,-0.7714027135482476
wgsw_mix_wheat_0194.jpg,flowering,-0.43281383822189234,-0.8411075989624281,0.06139370739615062,-0.9112463664507409,-0.5568171451713358,-0.6215185930361637,-0.6019156740787915,0.8458979869940918,-0.3869474689469764,-0.6436804598159767,0.10232528018613916,-0.9403520875920299,-0.6592919337514211,-0.6149149441233142,-0.47300080415782003,0.72039202035896,-0.5196934171115624,-0.7575506033133085,-0.184665004337538,-0.5341321366290513,-0.5661988729220752,-0.668026002665014,-0.18724285679076727,0.4598681229183384,-0.6396977165823999,-0.6396977165823948,-0.29340982870797505,-0.7411975281167739,-0.2163815857100093,-0.4319199246182867,-0.3936635242128764,-0.49953303288833395,-0.681346082639472,-0.16840011558307033,-0.709905567455251,-0.3840586554894039,-0.6758242840950116,-0.036451134134371045,0.5178655403657122,-0.5038511733388934,-0.727524968243265,-0.7275249682432634
wgsw_mix_wheat_0195.jpg,flowering,-0.42788904398077304,-0.842667382654397,0.04306178908311912,-0.9296757152695774,-0.6670975231152917,-0.6856350222257,-0.6017471655468388,0.8736193114480588,-0.38807855839387356,-0.662151138342339,0.10702920419967202,-0.9534975995345115,-0.8179948038817453,-0.6418548381097152,-0.4876111369387128,0.7568668757606509,-0.5181982881873758,-0.7778247954745253,-0.18642428652284823,-0.7567488749751333,-0.6037468227718,-0.6833901403424125,-0.213614614072679,0.5020719903483045,-0.7234048218071698,-0.7234048218071744,2.7752960695144635,-0.9932157504427858,-0.6407739307417477,-1.725230247104801,-0.5892741562016574,-0.5833874811267667,-0.8160661640323051,-0.2497916413939633,-0.7847113764151679,-0.43692773832421594,-0.7518130664428236,-0.10086343206030045,0.6072500528387587,-0.6412794633523775,-0.8197410595170092,-0.819741059517007
wgsw_mix_wheat_0196.jpg,flowering,-0.42915541986454525,-0.8156788478163565,0.037583134792557524,-0.8815446531348882,-0.6307342122722535,-0.6190724067787868,-0.6025265747139832,0.8517548782805565,-0.38383697116815063,-0.65250531106959,0.11727067211407509,-0.9459765361063618,-0.7265955780853198,-0.5914545129818471,-0.48240198822098257,0.7319102373009947,-0.5200256686102086,-0.7765276400543388,-0.1530701558835895,-0.6275917046335444,-0.5873057371985462,-0.6907513267536641,-0.2100687645076559,0.48554265049256506,-0.731469625965038,-0.7314696259650365,-0.3794339212196578,-0.8506054773328195,-0.277035802587873,-0.0008164837894485803,-0.5024523248911085,-0.5279720414963286,-0.7216418212703503,-0.18005875377924602,-0.7470374363954988,-0.40728171123727014,-0.684341708050483,-0.0661219588219937,0.5562465813568795,-0.5976195527557775,-0.7282077132428237,-0.7282077132428261
wgsw_mix_wheat_0197.jpg,flowering,-0.43196958783173534,-0.8261717420664907,0.014457422587433946,-0.8935327063457779,-0.6339268185242936,-0.5855980250935666,-0.6016313102104343,0.8542903108818988,-0.3886441019174327,-0.6673331523515066,0.10381373928353793,-0.9164154877328307,-0.7666497697549995,-0.5633547980471327,-0.4823164474374689,0.7332815252824628,-0.5196934171115624,-0.7706183416808918,-0.17881274286573987,-0.6792545922566818,-0.5479063108491395,-0.674330183906966,-0.21684426948020943,0.4918549545813924,-0.6403466088709641,-0.6403466088709684,3.065569720322802,-0.994062748501304,-0.669601900083807,-1.725230247104801,-0.4083081704579982,-0.4850697656534021,-0.6284203363780421,-0.158383539104657,-0.7321304817114572,-0.39351246642911547,-0.6646347271338895,-0.0036676340988028707,0.5214380754826827,-0.5176997164094792,-0.8281615811782346,-0.8281615811782361
wgsw_mix_wheat_0198.jpg,flowering,-0.4360501316826976,-0.8038152190053613,0.06813656087813719,-0.7930360230310631,-0.5166119262763197,-0.6063263784971893,-0.6017576916093991,0.8166896145284945,-0.3887854883982713,-0.6197198873395228,0.1353122555974865,-0.9085020291809145,-0.5423462689965001,-0.5926143911996145,-0.47543427629760954,0.6950169208028734,-0.5170354107618161,-0.7497676186032876,-0.09533755668271429,-0.5234587013353257,-0.5577561272114901,-0.6708572313622144,-0.17904451082149583,0.4374330557716123,-0.6139274228365682,-0.6139274228365733,-0.3122741470295826,-0.782313233871709,-0.06005818975908748,-0.21636820420386765,-0.40464700889671773,-0.40202786051805345,-0.6422532018781701,-0.09642307695406317,-0.7113100243428383,-0.36982775961625375,-0.5655987976124636,0.009837360555972197,0.4822982659710971,-0.4713969540818563,-0.7009889459270788,-0.7009889459270795
wgsw_mix_wheat_0199.jpg,flowering,-0.43365808861204935,-0.8101014876956407,0.0818330821559388,-0.6501339168701127,-0.6331151618835594,-0.7160194513036563,-0.6032638338653956,0.8277086717777097,-0.3835542006062686,-0.6348555528273979,0.1323350786752187,-0.8059540136195442,-0.606748403900587,-0.6826073794919882,-0.4761186851739131,0.706131227453989,-0.5160386590855989,-0.769897664988179,-0.08456657498208052,-0.51422034895981,-0.664030990923722,-0.6986787835087606,-0.17079343311397865,0.44365965984913003,-0.7363826675784519,-0.7363826675784512,-0.3960657346115877,-0.8295757255370346,-0.1702476258152136,-0.4319199246182867,-0.4114463089390959,-0.4847447484121685,-0.7270546816834439,-0.19363313064616433,-0.7587658833865804,-0.4278352195223294,-0.6806675251677193,-0.04860060887955596,0.5612339036108807,-0.5643196209448251,-0.6319861846383343,-0.6319861846383351
wgsw_mix_wheat_0200.jpg,flowering,-0.43196958783173534,-0.8290076844096228,0.10627586880384358,-0.6507899675573628,-0.7277029922023397,-0.7512963228253731,-0.6089408368801694,0.8486149716815431,-0.38383697116815063,-0.6272107779657136,0.13650317811188484,-0.6673048829464187,-0.8409549971933208,-0.7150301935737261,-0.48121375197756,0.7243684042788774,-0.5200256686102086,-0.7405433848856744,-0.09810214297391555,-0.7057138422182513,-0.7006161552945983,-0.6935825554508643,-0.20733600432589647,0.48458480338941706,-0.6942046688217849,-0.6942046688217854,-0.4465240210117956,-0.9113231381563229,0.5426205757418732,-0.6474716450327058,-0.10233966855037527,-0.3373494295124393,-0.5117431230288546,-0.2121336926663949,-0.7154248366275241,-0.48010214879410346,-0.5215086030194405,-0.08012899788772558,0.5395536739076735,-0.37984857011903145,-0.844684010167558,-0.844684010167557
wgsw_mix_wheat_0201.jpg,flowering,-0.43112533744157827,-0.8118503205187119,0.07603832084322754,-0.5295378904135886,-0.5333325350847342,-0.6777813664588561,-0.5922889949154893,0.7871564422325513,-0.3856749930192407,-0.6401915625419902,0.14293384921668278,-0.7482053442082895,-0.4223099091337494,-0.6579871846716617,-0.464787856338079,0.6662565010817794,-0.5293286894244501,-0.7622588260544834,0.010074444653907335,-0.3953778675405058,-0.6232244134725476,-0.662929774607118,-0.150210914112257,0.39623287498572723,-0.6244950972503266,-0.6244950972503313,-0.31571931001247455,-0.6368231673627803,-0.05788852161129508,-0.4319199246182867,-0.3000423928599493,-0.34254970537219553,-0.5442202855074864,-0.13347893638511643,-0.6596654342308564,-0.374644988120564,-0.5684379389309474,0.0027083299203640014,0.4640878214810534,-0.4127256456530202,-0.439952774429091,-0.43995277442909303
wgsw_mix_wheat_0202.jpg,flowering,-0.43450233900220636,-0.8001757921829626,0.027890254300051723,-0.4820032409395265,-0.3025446586407645,-0.5514798770584517,-0.5729935094558941,0.7255321022078085,-0.3896338048835077,-0.6044302818811945,0.07654282972285933,-0.748663153320228,-0.14319210222250572,-0.5372056233888587,-0.44298173041383926,0.6045003737319543,-0.5263384329859183,-0.7161375008996647,0.029498155549002564,-0.13230979642217364,-0.4939912894341568,-0.6064939164370512,-0.08253110197850916,0.3005876763172437,-0.4282515294088672,-0.4282515294088694,-0.38033745530812196,-0.5271974186459728,0.04040333526217058,-0.0008164837894485803,-0.12744477639921692,-0.2253809899072457,-0.31627871922227485,0.012719291887174945,-0.5683510969431613,-0.31543322108840893,-0.4015966343914572,0.10899113172020267,0.34397318393106047,-0.27276021797775385,-0.30763679351459217,-0.3076367935145934
wgsw_mix_wheat_0203.jpg,flowering,-0.42971825345798326,-0.7977179994461789,0.05238591619930591,-0.652161739352846,-0.42505431797797755,-0.5576597123439878,-0.5755107715518429,0.7625215032423882,-0.3852508335767249,-0.6230549003780158,0.11345987530447671,-0.860955863881276,-0.32447672578765857,-0.5300357170366432,-0.44840000177132455,0.6386872404049609,-0.5220191719626625,-0.7351625514401979,-0.03326080817510355,-0.3104390617361793,-0.5013971954329176,-0.6182340715402659,-0.11968349022787504,0.35476841928124575,-0.4940677472489409,-0.49406774724893604,-0.3424861013405442,-0.6774548742271336,-0.16907706775283088,-0.21636820420386765,-0.34031517003409567,-0.2959097312550831,-0.5195616991811007,-0.12477600928092393,-0.6071091791216676,-0.32520818059507356,-0.5520711242714132,0.024848488443618533,0.4181586144794732,-0.3846057032348854,-0.4184690651096402,-0.4184690651096391
wgsw_mix_wheat_0204.jpg,flowering,-0.42957754476108706,-0.8209252949414209,0.03984830140460765,-0.8758786842674383,-0.46363622359152545,-0.5860486475526869,-0.5902457031104604,0.8155950548417381,-0.3859577635811063,-0.662151138342339,0.12792894997214302,-0.9142572701494827,-0.5724342605587939,-0.5708937487500745,-0.46143235285575995,0.6922091170910931,-0.5263384329859183,-0.7707144214688059,-0.15526017125269498,-0.375466079871275,-0.5554603253138776,-0.6593057920329385,-0.16526759182904255,0.42793869033262666,-0.5951095464682091,-0.5951095464682101,-0.28425662467059815,-0.4425702126277221,-0.3210831746360843,-0.0008164837894485803,-0.41824560898153496,-0.3492125588175029,-0.6524774937695693,-0.11558046366140104,-0.6720098710849135,-0.33333725369609774,-0.5903160279145971,0.02153499533129589,0.44745814474188295,-0.36800859436402356,-0.6602063112867655,-0.6602063112867659
wgsw_mix_wheat_0205.jpg,flowering,-0.42929612856144145,-0.8314181891915606,0.04311443543727696,-0.8643081296372987,-0.4577380168282104,-0.523541564308873,-0.5800818515153818,0.7998887005255125,-0.3827058817212371,-0.6457840645607286,0.09845497605993693,-0.9221707464624566,-0.5420308681721865,-0.5039920327095336,-0.45381823182471237,0.6757687138709018,-0.5180321624380527,-0.7542836817686397,-0.16933427272893525,-0.3153721653570647,-0.4957686714758573,-0.6143458376737615,-0.1693178603790159,0.41573221848922187,-0.4781235367299372,-0.4781235367299329,-0.23244248878479512,-0.8910677845854691,0.24034124561912482,-0.21636820420386765,-0.34449935467555903,-0.30744784331889374,-0.5195616991811007,-0.11771514389450659,-0.6111254330282772,-0.3192267885355552,-0.5447227585059256,0.012899831462816428,0.41633282772721664,-0.3592343266170022,-0.7098191145880396,-0.7098191145880378
wgsw_mix_wheat_0206.jpg,flowering,-0.4374572156662926,-0.8274479007176596,0.046327694218596,-0.8609085677534485,-0.3464295483102037,-0.577229412190008,-0.587928550616892,0.7951945821373458,-0.3866646959852992,-0.6532236232851073,0.11465079781887506,-0.8920864927498651,-0.44129617539629123,-0.548276839371783,-0.4611756892011213,0.6718570559479142,-0.5170354107618161,-0.7715791917489245,-0.1253887235525903,-0.2100731876354394,-0.5329463903856408,-0.6489623468950585,-0.15056472706564306,0.3978667556664612,-0.5552490201706997,-0.5552490201706972,-0.44307638310950387,-0.47974132742441444,-0.09250404149113331,-0.6474716450327058,-0.18236219981854623,-0.3028976019416237,-0.4293473589627333,-0.03878671066026642,-0.6428612307688472,-0.32801823055592066,-0.4076089336541484,0.05622626412850095,0.3980512486883842,-0.31430584718952326,-0.6597511479537262,-0.6597511479537277
wgsw_mix_wheat_0207.jpg,flowering,-0.43112533744157827,-0.8259354049805423,0.05686337417205036,-0.8397356753436389,-0.5736460297280264,-0.6081932030112652,-0.581703871990527,0.8212856108354409,-0.3865233095044607,-0.6606119058426453,0.14281483458348138,-0.9166770904023532,-0.6410625472423729,-0.563723785128405,-0.4587992580183734,0.6953561050968625,-0.5176999109394065,-0.7622107600660721,-0.1384575209229396,-0.5946745328237858,-0.5182085923961066,-0.6330319798811596,-0.17613098414746353,0.4393539318390573,-0.5812974106116302,-0.5812974106116277,-0.431940113344804,-0.9040147549085357,-0.34685794144556636,-0.4319199246182867,-0.3920944549723276,-0.37683902432241345,-0.5015188311374553,-0.10414076702759446,-0.6810279626788966,-0.3830550662176725,-0.5554112905284725,-0.015616291079604975,0.47738998210463973,-0.4476112885025989,-0.7432281032331177,-0.7432281032331154
wgsw_mix_wheat_0208.jpg,flowering,-0.4321102965286315,-0.8272588515865517,0.08757496821730662,-0.8801729137337713,-0.5252157335509097,-0.6271191365073983,-0.5956067411864494,0.8276934549843665,-0.38609915006194484,-0.6698985212726701,0.17377752632056367,-0.9285799852243135,-0.5870682284162737,-0.5883967823837677,-0.473903876920132,0.7028688365079571,-0.5188627883649468,-0.7854636344082209,-0.12434738200900909,-0.49511588677501134,-0.5314651448258835,-0.6614952968825923,-0.1966683605941124,0.45454196686662646,-0.5979832123175645,-0.5979832123175595,-0.4008377143302638,-0.8608420538686274,0.083292622699669,0.2147352366249705,-0.33037773151062005,-0.3690386105327887,-0.5454231433770625,-0.08607808813210258,-0.7145870904138772,-0.33407990975717977,-0.4977934225944186,-0.0058766295070198605,0.4589108070969484,-0.41610849586874216,-0.7018992725931573,-0.701899272593156
wgsw_mix_wheat_0209.jpg,flowering,-0.42957754476108706,-0.8157733723819104,0.10669726853432042,-0.8975287132846144,-0.43414518977495037,-0.5854048812027999,-0.5839894005309226,0.7992621884133418,-0.38454390357232715,-0.6312640474847586,0.17199127191269425,-0.9480693574625957,-0.5202061315322661,-0.539788933843955,-0.46437911100072804,0.6781866563453601,-0.5208562945371221,-0.7584634395818439,-0.12266001869285549,-0.3780672346453581,-0.5090993183636239,-0.6362407221409219,-0.16042687059733568,0.4104690419807049,-0.536894638294172,-0.5368946382941754,-0.28706391917171936,-0.6782292724520647,-0.3751883296721627,0.2147352366249705,-0.3481605162368396,-0.37440139501314257,-0.4955045417895735,-0.10715121351017645,-0.6816685921363913,-0.3668169918010589,-0.6043447261942034,0.012347582610763602,0.46965212396412204,-0.4605084049500163,-0.6801879816071869,-0.6801879816071883
wgsw_mix_wheat_0210.jpg,flowering,-0.4364722568777761,-0.8182784017293967,0.11096414109042245,-0.9537114273236067,-0.630625995305595,-0.579740003053971,-0.5919309028437153,0.8389617528142177,-0.3886441019174327,-0.6418846792771773,0.17657592256556223,-0.9654658905835861,-0.7839960613642658,-0.5479077950210567,-0.4681719009509676,0.7154266834161835,-0.5243449268137623,-0.7627872909824596,-0.15824020213890122,-0.6803309288034507,-0.5444995747817045,-0.6502836033566872,-0.19131569661827694,0.4645066858560552,-0.5670217802632199,-0.5670217802632253,-0.3584298391477118,-0.9263029038198337,-0.26370022990195785,-0.0008164837894485803,-0.2927200697373271,-0.33279918813516923,-0.5628645824859901,-0.051485321277708315,-0.6954174858780358,-0.32358236597486967,-0.42163763193373505,0.05662789965726657,0.4200397281030114,-0.3084915733812602,-0.8680794054857734,-0.8680794054857717
wgsw_mix_wheat_0211.jpg,flowering,-0.42999967085177565,-0.8179475400778944,0.06086701495735214,-0.931942122253177,-0.6064378867633,-0.519872249958308,-0.5774487340830287,0.8222143599464452,-0.3852508335767249,-0.6343937886509864,0.1186401165782787,-0.9463035350030062,-0.7534034832996405,-0.5036229883588073,-0.45339998654520436,0.6983294869403238,-0.5155402818376296,-0.7554366914125008,-0.18423411514752333,-0.6307309789647788,-0.48695561437532864,-0.6199705683163117,-0.16833165911064543,0.43774277162643793,-0.4629209173978638,-0.46292091739785873,-0.4165852474018944,-0.8010439909372298,0.7588399512957467,-0.8630233654471249,-0.2848747235345832,-0.33263667951455245,-0.6224060470300901,-0.021216650280111556,-0.6860790795553053,-0.24636620740785276,-0.4750802920464894,0.11627077567909198,0.36761356564534753,-0.19548323336247891,-0.8353076455069502,-0.8353076455069529
wgsw_mix_wheat_0212.jpg,flowering,-0.4367536736744951,-0.8112358851705531,0.07187674099544075,-0.9600931172992965,-0.5766762811392702,-0.5163960794985024,-0.5734253297310822,0.8160478856229797,-0.383695584687312,-0.6199251034768284,0.10714821883287343,-0.9597760458421324,-0.7478526891704754,-0.48016261448680037,-0.4458334478331367,0.6895026672659783,-0.5186966654353452,-0.7474135333271543,-0.19313817036845624,-0.49717882455946605,-0.5301320881821052,-0.6258972770030375,-0.14939789015298632,0.41960227155807917,-0.53318668235952,-0.53318668235952,-0.3717047283987956,-0.7830392322075819,-0.1545234746430149,-0.0008164837894485803,-0.17922406133738772,-0.24293192093389673,-0.50993883622449,0.006041574234903661,-0.6683385715015703,-0.25971394472188103,-0.3518281571614665,0.09814697244350581,0.3563031723878604,-0.24199742382858366,-0.8054944471928819,-0.8054944471928828
wgsw_mix_wheat_0213.jpg,flowering,-0.4321102965286315,-0.8092980032163797,0.062236735754290756,-0.7873103837426235,-0.5914488669846298,-0.6766870475788479,-0.5977764143904418,0.8333089764453694,-0.38638192302362206,-0.6321875758375816,0.12233189875467569,-0.9113796585457312,-0.5954574929228098,-0.6549821419697106,-0.4704057503931601,0.7093354151779755,-0.523015923638899,-0.7595203694377909,-0.1392832618652874,-0.49995925508679256,-0.6295934797594757,-0.6916573018935399,-0.17916495639235072,0.4531313048200011,-0.7391636345294409,-0.7391636345294451,-0.27241139331548614,-0.8147169595961693,-0.18739097275695604,-0.21636820420386765,-0.527034409659767,-0.5161089121912844,-0.8040375853365415,-0.14771013793914206,-0.7471113551790558,-0.3455810428112216,-0.6624636190668136,-0.007031331652221112,0.5154943887394043,-0.5662224741911619,-0.7317579872405295,-0.7317579872405299
wgsw_mix_wheat_0214.jpg,flowering,-0.42999967085177565,-0.8153952227755566,0.06281607454724664,-0.8874492065032115,-0.5248369447768028,-0.6791332338362247,-0.5972076637709833,0.8373466738516899,-0.38426113061065,-0.6419360111789835,0.12900059912588321,-0.9266833703104956,-0.6162730565580745,-0.650290055741421,-0.4685141053891199,0.7117819575115424,-0.5165370335138467,-0.772203736464815,-0.14646391633237646,-0.48130327458251815,-0.6373696971481801,-0.6849001125779842,-0.16830156407392974,0.44567779546429376,-0.7039380531502465,-0.7039380531502484,-0.37748058165467585,-0.8683198367281183,0.0021274574755762946,-0.6474716450327058,-0.2958582082184248,-0.44834281739393234,-0.5965446028341985,-0.131015843808457,-0.775939680766375,-0.38901638649175857,-0.5951592689873245,-0.046492022353530574,0.5314601430232104,-0.5463482291738312,-0.7408612539013139,-0.7408612539013164
wgsw_mix_wheat_0215.jpg,flowering,-0.43464304769910256,-0.8238084738952609,0.06882142127660629,-0.8628170817885621,-0.5757022696577458,-0.6414745107347255,-0.5983030378769124,0.8384260167451001,-0.38793717191303495,-0.6350608246996631,0.11780649669094134,-0.909417647404799,-0.6491364109246027,-0.6246681036611722,-0.4724780182104833,0.7137162111407263,-0.5216869204640161,-0.7604812195058291,-0.15371633366239437,-0.524176291510664,-0.6038950116877793,-0.6819178948586916,-0.17507706904648315,0.4504710170270715,-0.7374950543588475,-0.7374950543588443,-0.316338215875257,-0.8350449130006105,-0.1884158284869414,-0.0008164837894485803,-0.5882281100412916,-0.5565735587249401,-0.677737509030743,-0.1524173815300852,-0.7657635282299977,-0.39363289714172306,-0.6482679124743747,-0.05969579036173123,0.5552823130288482,-0.6377908990674149,-0.7621628978875489,-0.7621628978875497
wgsw_mix_wheat_0216.jpg,flowering,-0.43365808861204935,-0.8213033932036312,0.11112230905009349,-0.6037324546906673,-0.5855506602213149,-0.660271704946678,-0.5960174864537715,0.801066165500144,-0.3827058817212371,-0.646502376776246,0.1815776418895657,-0.6319231796161398,-0.674367449058792,-0.6420657042331487,-0.4638372838649798,0.6754149787714012,-0.5196934171115624,-0.7543317477570566,-0.06704582800437665,-0.4364569577465337,-0.5910827846559249,-0.6786714258470784,-0.15704667458223479,0.4150039676954427,-0.5577518904265898,-0.5577518904265928,-0.27450201757164083,-0.6695898922551772,-0.20414011147953645,0.4302869570393896,-0.21374358462958298,-0.31703585193530326,-0.45821594783263625,-0.10370288390285626,-0.6586552108555734,-0.35937035940481077,-0.49027804851605944,0.02530032841347975,0.4450000508892772,-0.4459198633947444,-0.7467328608975197,-0.7467328608975207
wgsw_mix_wheat_0217.jpg,flowering,-0.43464304769910256,-0.7867996676348449,0.08868122834624702,-0.6431557818394366,-0.4908545835450705,-0.6460450700035312,-0.5831784131760946,0.7797374684017573,-0.3848266741342092,-0.6309048913769998,0.17800513307383364,-0.7734499218930165,-0.4688610288848165,-0.6169710320003792,-0.45078593289622937,0.6525225476867028,-0.5276674361608011,-0.742224859457506,-0.019509795588259177,-0.39770981638730796,-0.5756784583444928,-0.6473013856373989,-0.13269246239213742,0.37926188111821585,-0.5317961988840255,-0.5317961988840285,-0.34977322763009105,-0.6205124047501692,0.01771065385397764,-0.21636820420386765,-0.06206689137616778,-0.21351786060220115,-0.30966300093960486,-0.03347737777280859,-0.6223118089399374,-0.32797808698505126,-0.3404715918875113,0.0669198100819106,0.3726483109318741,-0.24168028162084876,-0.6537885082909126,-0.6537885082909105
wgsw_mix_wheat_0218.jpg,flowering,-0.43028108705142126,-0.8422419964373407,0.1331944074804345,-0.5650844866767679,-0.47034614577719225,-0.5774224861517754,-0.5817249241156476,0.7601518812167951,-0.3851094470958863,-0.6482468254132393,0.17985089479830063,-0.7257075501509622,-0.39487120227080147,-0.5754803446471997,-0.44959769665280785,0.6344363981879841,-0.5245110525630855,-0.761442069573862,0.019373507633393076,-0.32828781418848846,-0.5327982014696616,-0.6269165144131505,-0.13218051964800864,0.3639937265451898,-0.42204070321832504,-0.42204070321832937,-0.43596081829197114,-0.5401685889135687,0.10874288539034536,-0.4319199246182867,-0.19073056910147326,-0.25089484334413825,-0.40047877009283067,-0.0423992464393702,-0.6075773314175291,-0.27621295234914434,-0.47290918397941345,0.057581784038091104,0.3640805497221495,-0.27593164005498155,-0.5902932233319426,-0.5902932233319451
wgsw_mix_wheat_0219.jpg,flowering,-0.43464304769910256,-0.8448415503503809,0.12160534264939002,-0.817787423798966,-0.6458314784083876,-0.6002108778892401,-0.5860748423516845,0.8247046668847678,-0.3831300411637529,-0.6736952984875747,0.2003338306271063,-0.8666456908616643,-0.7455818443478617,-0.5986244766035227,-0.4637232019508977,0.7050052961585576,-0.5178660366887295,-0.7879618654606795,-0.1217623588813554,-0.6975518263895153,-0.5523498061783879,-0.6459801291757659,-0.18189019281493166,0.4553387776694533,-0.48665183537963685,-0.4866518353796366,-0.29010119178114985,-0.9403872715357678,0.21549602655351882,-0.4319199246182867,-0.23780264631799783,-0.239519239900944,-0.5736903033121774,-0.05351053072962289,-0.6429844287414421,-0.3302261269537299,-0.38873699430183434,0.10417150537500267,0.37999888097342804,-0.14981475545030098,-0.8671235624863911,-0.8671235624863913
wgsw_mix_wheat_0220.jpg,flowering,-0.4366129652761356,-0.8583121994640472,0.15005154118539818,-0.8545865158043819,-0.6480500731789036,-0.6328484192628133,-0.5968916988321985,0.8394298003888044,-0.3889268748791099,-0.6757989032323266,0.20682426777597207,-0.8784177932293884,-0.765262019832175,-0.6305727560033636,-0.47328596763893077,0.7199951345948394,-0.5278335605002634,-0.7887785697523869,-0.11641274946250482,-0.7405145299105161,-0.5822697275553963,-0.6727447171603481,-0.19676616946343803,0.47538301380299514,-0.6102194669019162,-0.6102194669019183,-0.303415302899123,-0.9338048866238536,-0.15996150201096748,-0.8630233654471249,-0.40621607813726657,-0.42591662774877803,-0.8124575904235759,-0.11322684186593303,-0.7091171004306422,-0.3224583459905284,-0.6088539506412073,0.053163793221657124,0.46238849614886696,-0.4496198558181888,-0.8421350955025384,-0.8421350955025374
wgsw_mix_wheat_0221.jpg,flowering,-0.43492446449582156,-0.8327416357975754,0.16838368839562765,-0.8912066613355479,-0.6318705785945803,-0.6113475602251228,-0.5930684040826335,0.8297461479347907,-0.38807855839387356,-0.645270968482511,0.22552094919691557,-0.9287107954396074,-0.7299386349650224,-0.6077450377710925,-0.4723068953393584,0.7110313366479214,-0.5188627883649468,-0.7686485755564094,-0.11971586923811132,-0.716297590919122,-0.5596816981691699,-0.651604859818316,-0.2068541566184834,0.4743737466930614,-0.5393975085500622,-0.5393975085500602,-0.37863699242464005,-0.9338290865683827,0.21760400999750454,-0.0008164837894485803,-0.4391665321888521,-0.3729388174275917,-0.7992261538582359,-0.08262975852478194,-0.703425354096736,-0.2704122063585369,-0.5998355017471804,0.07460108956957162,0.42154936130509396,-0.3420029333306945,-0.8794129724784499,-0.879412972478451
wgsw_mix_wheat_0222.jpg,flowering,-0.42873329496800344,-0.8089671415648774,0.09268486913154879,-0.7851632852066366,-0.5160707826614165,-0.6058114213604745,-0.5891819300749589,0.8034588750742573,-0.3817161787551786,-0.6413203070321128,0.16937113889003122,-0.8812954048331397,-0.5490325197973274,-0.5869733501464386,-0.4594361258797935,0.6784104376990867,-0.5193611656129161,-0.7580310544417818,-0.08977265867507811,-0.4671318185861276,-0.5429443152139684,-0.652020100132733,-0.17875841170071896,0.42978462871576373,-0.5800923249328683,-0.5800923249328682,-0.3082843611199034,-0.7473443140271645,-0.062451046341324326,-0.21636820420386765,-0.3858181780100714,-0.3784641105285814,-0.6374417703998647,-0.1398282416938343,-0.6617351601704602,-0.38490167047765894,-0.5926541442945447,-0.016720788783716314,0.48253538113372735,-0.4709740978048922,-0.669173028947638,-0.6691730289476358
wgsw_mix_wheat_0223.jpg,flowering,-0.43112533744157827,-0.842572858088843,0.10859368177005112,-0.7299944824090144,-0.5354429128885854,-0.6443713194512226,-0.6012310681229285,0.8155499291787185,-0.3866646959852992,-0.626749013789302,0.13162073214854672,-0.8093548305623559,-0.5781743088866951,-0.638217197037476,-0.4735236314092531,0.6942948997983609,-0.5271690589128318,-0.7555328233893288,-0.09379371909241804,-0.5020221928712474,-0.5789370859459508,-0.6868253661353089,-0.19103712125667932,0.45005248208811793,-0.6703810519416455,-0.6703810519416414,-0.2290088836163591,-0.7655668722575741,-0.08034093546112295,-0.4319199246182867,-0.44021257834921784,-0.44005487774247637,-0.6915703745308711,-0.09576625226695584,-0.7184801463478918,-0.3637259368441256,-0.6263898234907055,0.0384036875394892,0.4876649724853069,-0.5268968404334642,-0.7237926289123434,-0.7237926289123443
wgsw_mix_wheat_0224.jpg,flowering,-0.43393950540876836,-0.8226268398096459,0.10385253423212241,-0.8418231358529955,-0.5450207316447059,-0.5771006729058274,-0.5872755457314566,0.8107949436171762,-0.3848266741342092,-0.6648191153321553,0.19801175164237017,-0.9149766819309513,-0.6006298471752354,-0.5720008245328055,-0.4601870756552956,0.6865438362280283,-0.5173676622604624,-0.7589919045098202,-0.1260707827628529,-0.5040851306557127,-0.5285769090643799,-0.6349194656792931,-0.18483374910168604,0.4389066973614326,-0.53318668235952,-0.53318668235952,-0.3209094628355421,-0.7524505023228039,-0.1323446199558112,-0.4319199246182867,-0.4114463089390959,-0.3714762398420405,-0.6019574632472919,-0.10649438882306293,-0.6763464397202704,-0.3305874190915546,-0.5681039223052434,0.010992062701173448,0.4514653909903426,-0.42266276816169174,-0.7359454899044903,-0.7359454899044925
wgsw_mix_wheat_0225.jpg,flowering,-0.43126604613847447,-0.8242338601123171,0.024255595788254983,-0.7134736476252916,-0.49199094986739117,-0.5068687431083494,-0.5612076602684145,0.7717596709533255,-0.38383697116815063,-0.6451170842470174,0.09500122314993605,-0.877894587890328,-0.44482855499543383,-0.5007761238841553,-0.42454060791407683,0.6374750077802895,-0.5225175492106318,-0.747701772690891,-0.12711196830021007,-0.34712326531095017,-0.4016395869236018,-0.5977737058049757,-0.11475241846202824,0.35902870635508927,-0.4608815416338052,-0.46088154163380446,-0.2793058294420198,-0.7418025267300014,-0.23273232019784446,-0.4319199246182867,-0.16091825353098535,-0.237406627832907,-0.32770586898332055,-0.048420139404534164,-0.5900585797144681,-0.34042259395452085,-0.3932462187488382,0.011845538199800689,0.39260550378663067,-0.3645200300790605,-0.6266607736417756,-0.6266607736417769
wgsw_mix_wheat_0226.jpg,flowering,-0.43562800648761907,-0.8257463558494345,0.05017339594141916,-0.8123003690113929,-0.611308002952564,-0.6371614999632652,-0.5898981371012494,0.8335052206078077,-0.3849680606150478,-0.6357278050133743,0.0999434351573357,-0.8747553558559887,-0.6892537101674265,-0.6158111537826118,-0.46481639746864856,0.7095591965317021,-0.5157064075869527,-0.7461643917064708,-0.1668210124642101,-0.6160214034112371,-0.5701981233034118,-0.6532280943241248,-0.19513253236172529,0.46482756264258623,-0.66250164558051,-0.6625016455805115,3.065569720322802,-0.9949339465043515,-0.6687325647650826,-1.725230247104801,-0.5212811557777548,-0.4567932656660242,-0.651274635899993,-0.1806061076851752,-0.7281388673993695,-0.3708112771025487,-0.6389154469546438,-0.05316921301927715,0.5240068230778495,-0.5494139371818177,-0.7543340885592744,-0.7543340885592755
wgsw_mix_wheat_0227.jpg,flowering,-0.43351738051222655,-0.8083527062167131,0.03221000210750913,-0.8557197030989987,-0.45692636018747623,-0.5475530142105339,-0.5721087710149056,0.793896432249987,-0.3832714276445915,-0.6298787549555299,0.0859506777499318,-0.9075864287180954,-0.5139614281813369,-0.5240783767983171,-0.4433524346784637,0.6650588192626193,-0.5123838982399139,-0.743377921290281,-0.13612366781553387,-0.3926870748898062,-0.5323538760717392,-0.619102319928291,-0.11899091183945915,0.37910124342259843,-0.5365238427007069,-0.5365238427007109,-0.41289912360555786,-0.8231869401813532,-0.11671447477807685,-0.21636820420386765,-0.12535268407848524,-0.3155732743497521,-0.3776244705708096,-0.14442601450359882,-0.663607769353909,-0.3905016986139206,-0.5064778548627417,-0.05527779954529725,0.4772635206845705,-0.4666398209660023,-0.6896098626010986,-0.6896098626010962
wgsw_mix_wheat_0228.jpg,flowering,-0.43281383822189234,-0.8166241448160174,0.0845722948526236,-0.9124391917719807,-0.48712083367812714,-0.6080644637270846,-0.5959227061252342,0.8232254896283157,-0.3859577635811063,-0.6356251969447274,0.15752219724502123,-0.9330926268334104,-0.6116683963811321,-0.5740569124098767,-0.4694266780935889,0.6979612010353119,-0.5176999109394065,-0.7595684354262021,-0.12255221839223675,-0.45762445514827504,-0.5908605817319582,-0.6686677265125651,-0.18556401170998807,0.44595881178044827,-0.6366386529363119,-0.6366386529363133,-0.3258466857609255,-0.7822648339826508,-0.1873253215186333,-0.0008164837894485803,-0.2519242694829977,-0.3503501191618203,-0.45821594783263625,-0.10206082218508153,-0.70891998367449,-0.3953189271182305,-0.4769173834878614,-0.022142868422064744,0.4855862628929098,-0.4661112506197975,-0.76844415188349,-0.7684441518834884
wgsw_mix_wheat_0229.jpg,flowering,-0.43056250384814027,-0.8240920475919172,0.0462750478644386,-0.7988809383727631,-0.6020006972222746,-0.7583131382805548,-0.605770569898784,0.856109504762044,-0.3877957854322128,-0.6366513333661974,0.09577533572066957,-0.8705043169164144,-0.6691319872332223,-0.7179825483795488,-0.4834001017089653,0.7356633416190999,-0.520690168787799,-0.7680239786516108,-0.12499371579403774,-0.6072315327162562,-0.7082442642173259,-0.7267268191884406,-0.22287446432610294,0.5033447351674272,-0.8331603174728702,-0.8331603174728737,-0.34822889420966824,-0.8213477443971418,-0.10499285497563621,-0.4319199246182867,-0.6159483332910479,-0.5856626018154208,-0.7390832603792776,-0.21339260665001736,-0.8299250323576701,-0.43429833443228033,-0.7815405461305366,-0.11105493360274679,0.625215478327416,-0.7381135507772606,-0.719377544581863,-0.7193775445818625
wgsw_mix_wheat_0230.jpg,flowering,-0.43253242142517334,-0.8058476255250834,0.048487568122324916,-0.7816444148751667,-0.6277580399535301,-0.6927805070360705,-0.6039063126882708,0.8453769430013074,-0.3870888530280198,-0.6309048913769998,0.10434956386040466,-0.8428399012177514,-0.6908936848207095,-0.6718525199636619,-0.4728677223594217,0.7189053294372293,-0.5240126781348183,-0.7558690765525629,-0.1549729637947568,-0.5884858169028881,-0.6341111097717277,-0.6989052670418944,-0.190728450858366,0.47115142626782275,-0.7421299992771626,-0.7421299992771605,-0.3968993446607598,-0.5670305273408658,-0.3796957269771768,-0.0008164837894485803,-0.38215701644879085,-0.4397298605012428,-0.5502345748553683,-0.1794019290921387,-0.7382657407467088,-0.40812472622552515,-0.5654317892996116,-0.07530937154253167,0.5339814675858507,-0.5020540341617857,-0.8041289571937642,-0.8041289571937627
wgsw_mix_wheat_0231.jpg,flowering,-0.43056250384814027,-0.8381771320537422,0.10717131461895509,-0.868065584469635,-0.5327914502514549,-0.6583404758260083,-0.5967021152923786,0.830516432508213,-0.3848266741342092,-0.63413729634684,0.14049249687128898,-0.9345314503963477,-0.6003144463509217,-0.6319961882406928,-0.4722783955128863,0.7087147480601285,-0.5210224202864452,-0.7547641328971131,-0.15245970353003163,-0.4973581977451866,-0.6110787147625736,-0.6779541664811455,-0.19812882038672455,0.46536089573622424,-0.7340651951192944,-0.7340651951192984,-0.43817358079555785,-0.5831960902863024,-0.12925112621592005,-0.4319199246182867,-0.5474323097869622,-0.4935202139254939,-0.710816100444163,-0.1692211464419546,-0.701059953022904,-0.38152961052464135,-0.6840076914247595,-0.03504540978368529,0.5202683073470374,-0.5511053622896852,-0.7808701108754605,-0.7808701108754595
wgsw_mix_wheat_0232.jpg,flowering,-0.43436163090238356,-0.8342541315346927,0.07819819474695645,-0.8255408855701459,-0.7150407841608375,-0.7676473307799486,-0.6162925135656365,0.8811369320770829,-0.3869474689469764,-0.6409611509243541,0.11566293965601143,-0.8848270319912453,-0.8086593369022683,-0.7375943577864355,-0.49527275768054757,0.7630594978855243,-0.5186966654353452,-0.7745098079414453,-0.15357280793653702,-0.7842845101997314,-0.7143171135723086,-0.7373722423705049,-0.23854848283951496,0.5339555833930832,-0.8755237140262698,-0.8755237140262716,-0.4321540984022435,-0.9409922701489953,-0.18756549211046,-0.4319199246182867,-0.6279778641353163,-0.5876127052628224,-0.8154647350975168,-0.2004203190796204,-0.8355674995025382,-0.44130338754896525,-0.7195804620623115,-0.09795157447674344,0.6246780172921198,-0.7445621090009695,-0.841816481169411,-0.8418164811694107
wgsw_mix_wheat_0233.jpg,flowering,-0.4326731301220695,-0.7945511954515445,0.04411540285790168,-0.7066744590688586,-0.5366333583034328,-0.6175918001172452,-0.5841052787500711,0.7990056017945397,-0.38468529005316576,-0.6291091665731658,0.11203066479621203,-0.7534373620767394,-0.5993683123986993,-0.6129115441423776,-0.4522592913166664,0.6735459528910615,-0.5201917915398295,-0.7473654673387431,-0.13655455700555286,-0.4705401039796988,-0.5359828150631409,-0.6371466972807978,-0.17512221160155675,0.43066195766875115,-0.5176132674339814,-0.5176132674339815,-0.3282360846360231,-0.6654033018516434,-0.09999418664762143,-0.4319199246182867,-0.25558543104427817,-0.29574722263446596,-0.608573181529962,-0.05329158916725378,-0.6346069666049566,-0.32434509382138427,-0.4864368573204442,0.07776396935860705,0.39797221030084046,-0.29379731775673473,-0.7891540835367742,-0.789154083536772
wgsw_mix_wheat_0234.jpg,flowering,-0.43450233900220636,-0.8330724974490777,0.09142044104293182,-0.7998352115875029,-0.6576820298091556,-0.6987028637532455,-0.6057073677579289,0.8521394958502553,-0.3827058817212371,-0.6281856382203428,0.11691336948700688,-0.8293019941515111,-0.7581342901021676,-0.6921497301758728,-0.4802346796779887,0.731347271653279,-0.5220191719626625,-0.7619225207023353,-0.15281882985711803,-0.6699266020045392,-0.6501819241800346,-0.6858438554770511,-0.22454578564770278,0.501682154948022,-0.7269273799450892,-0.7269273799450864,-0.3168094393343615,-0.8733292252456413,0.10603539444460593,-0.0008164837894485803,-0.5186660403768403,-0.4540306191155388,-0.8732019128373224,-0.13003060677779624,-0.7290012532075353,-0.3506592045261835,-0.5959943105515844,0.02936688814224412,0.48907975962233646,-0.4466598618794305,-0.8470053431660579,-0.8470053431660575
wgsw_mix_wheat_0235.jpg,flowering,-0.4314067542382973,-0.8334978836661341,0.07224549437176019,-0.7392986300555542,-0.6110374311451157,-0.6833175752524963,-0.5997354519294936,0.8345389131211874,-0.38214033819769433,-0.6492729618347152,0.11679435485380546,-0.7795321972803524,-0.6874875203678552,-0.6664223450339135,-0.47923656619000604,0.716444236298151,-0.5210224202864452,-0.757790828877548,-0.14140151437145998,-0.6022984290953708,-0.6028581719759553,-0.6765574155084707,-0.2162871841810071,0.4836448934979385,-0.6300570311523046,-0.6300570311523087,-0.35779688352183003,-0.7127141934060273,-0.11109797401851505,-0.21636820420386765,-0.2812135619733027,-0.3900022225923921,-0.648267491226052,-0.12515915701507618,-0.7089692628635281,-0.368623452490174,-0.5717781051879874,0.02294071968197555,0.4794291725032644,-0.4493027136104539,-0.8089536885239799,-0.8089536885239789
wgsw_mix_wheat_0236.jpg,flowering,-0.43548729808925957,-0.8166713814267255,0.13351051450259058,-0.5824402862276109,-0.5778667265541112,-0.6768157868630209,-0.5981766564779476,0.7969376920507704,-0.38397835764897276,-0.6321875758375816,0.19604671655723876,-0.7268847532833115,-0.5617110436564998,-0.6628373918578027,-0.47003500482443933,0.6768514945017133,-0.5231820493882221,-0.7531786859242816,-0.006512917087062177,-0.5184359598378238,-0.5954522659771944,-0.6988675402900437,-0.15983216650223922,0.4160877738849805,-0.6164302930924583,-0.6164302930924583,-0.36849592103441775,-0.7781024435236462,-0.2537045443929945,-0.21636820420386765,-0.26081566184610755,-0.28225900712323504,-0.6248117627692429,-0.11344578342830212,-0.6607495763896963,-0.32556947273289627,-0.5126571624382654,0.0573809662737083,0.42590437645874596,-0.3779457168726827,-0.5703570693448251,-0.5703570693448268
wgsw_mix_wheat_0237.jpg,flowering,-0.43422092220548736,-0.813551865386937,0.07393132219084846,-0.7131754574921682,-0.57348367488723,-0.6652928866746114,-0.5988402103086887,0.8199648981165707,-0.383695584687312,-0.6342399044154929,0.1269165494075504,-0.8204075033875458,-0.5986113641244946,-0.6372681849431423,-0.46774415572930156,0.6948071885027439,-0.5223514234613086,-0.76177837492601,-0.06212710777554101,-0.6085768803253727,-0.5844174209870319,-0.679766157768233,-0.18619640002497256,0.4480514864752161,-0.6983761192482685,-0.6983761192482709,-0.2932558059544849,-0.8877523921849828,-0.15057648867585519,-0.0008164837894485803,-0.46584070927824234,-0.41714116223545233,-0.7035989532267048,-0.17896404596740048,-0.7123695269071593,-0.3983899102897293,-0.6846757246761869,-0.015967722167274993,0.5246944570494781,-0.5613596270060668,-0.6197878073128835,-0.6197878073128831
wgsw_mix_wheat_0238.jpg,flowering,-0.43492446449582156,-0.8422419964373407,0.09663563466550115,-0.8037715804997162,-0.6063838076707796,-0.7330141556791271,-0.6085511437379693,0.8522827435944961,-0.3817161787551786,-0.6353686489056156,0.11941422914901224,-0.902288979100408,-0.6553811142755317,-0.7004267695802733,-0.48455979682181843,0.7327185596347471,-0.5186966654353452,-0.7546680009202906,-0.10384660414509464,-0.6898382922413033,-0.6805461709549568,-0.7219703779412556,-0.22357463189769022,0.5012520604726592,-0.8016426920283278,-0.8016426920283319,-0.3185887256437744,-0.8161689562679151,-0.28219870937292263,-0.21636820420386765,-0.5814288099989134,-0.5507232483827359,-0.8695933392285934,-0.20052978986080516,-0.8100162399862579,-0.41625379932654905,-0.7945671945330114,-0.05101042205215576,0.5960107941300602,-0.6777508172405701,-0.6948442409310495,-0.6948442409310522
wgsw_mix_wheat_0239.jpg,flowering,-0.43253242142517334,-0.7898246591090848,0.024729641872889657,-0.558285298120328,-0.6432340948637711,-0.7380353374070606,-0.5988717884963721,0.8218140008663914,-0.3808678622699422,-0.6235166645544272,0.08505755054599685,-0.6211320916994144,-0.6857213305682912,-0.7020610679410297,-0.46355212038386917,0.6918915081294139,-0.5278335605002634,-0.7541395359923143,-0.017786550840639122,-0.5879475999132597,-0.6931361950628533,-0.7026802386381619,-0.16442440740906417,0.43424541395560123,-0.7471357397889429,-0.7471357397889413,-0.35592214995474436,-0.7125689937388526,-0.236010608153587,-0.21636820420386765,-0.47577814780177907,-0.40235287775928696,-0.635036054660712,-0.1422365988799011,-0.7495999542254831,-0.36669656108845133,-0.6162023164067145,-0.0053243806549670356,0.5129493526605008,-0.5678081852297757,-0.61255071031756,-0.6125507103175588
wgsw_mix_wheat_0240.jpg,flowering,-0.43436163090238356,-0.8168604819019714,0.06950628167507537,-0.6181658289650335,-0.6040569959336116,-0.7203325320041157,-0.5961965439310298,0.8179347679976559,-0.3834128141254301,-0.6266976818874959,0.11030391770493972,-0.7223721294352725,-0.6212562251324748,-0.6933622962897684,-0.47079549584619595,0.6975136383278587,-0.5256739299886258,-0.7476537588913937,-0.07903755840590672,-0.5091976074623082,-0.6553660422891703,-0.7003020180145694,-0.17945099008913387,0.44630280763979774,-0.6787239527946126,-0.678723952794613,-0.33130464252344105,-0.672808484877547,-0.25130111935578364,0.2147352366249705,-0.3737886471658641,-0.37342634328944196,-0.654883209508722,-0.16440443206982094,-0.7390049285822795,-0.3809676005324728,-0.6342392141947684,-0.03358948099190962,0.5152651774155281,-0.4912711990991989,-0.6580215272881773,-0.6580215272881771
wgsw_mix_wheat_0241.jpg,flowering,-0.43154746293519347,-0.814544450341444,0.03405376898908242,-0.6518635168253564,-0.487553760326372,-0.6076138412679642,-0.5828729742998715,0.7877451747198665,-0.383695584687312,-0.6124855447524438,0.0688022214704544,-0.8099434321285228,-0.45227168554975483,-0.5941432564986603,-0.44517753878330635,0.6578561705344912,-0.5168692850124931,-0.7351625514401979,-0.10083084783365005,-0.3498140579616603,-0.5436849379938472,-0.6541340694640008,-0.12797218673128544,0.3829370164869319,-0.5494089895736227,-0.5494089895736215,-0.30782119774135713,-0.4858155135012177,-0.34079630355095264,-0.4319199246182867,-0.3000423928599493,-0.32126107607135856,-0.4564116610282017,-0.07748463180909441,-0.6420481241497162,-0.32538882666398505,-0.5128241707511174,0.04146615844633343,0.42067993904211454,-0.42139419933080086,-0.5424100406962176,-0.5424100406962188
wgsw_mix_wheat_0242.jpg,flowering,-0.43422092220548736,-0.8054694759187351,0.03647687466361116,-0.8318032670982158,-0.5968059889146592,-0.5224472454288648,-0.5671585239717281,0.8028549257935989,-0.38228172467851645,-0.6340346325432277,0.10345643665646971,-0.8897974827122808,-0.6354486455400563,-0.503254001277535,-0.44109008540979916,0.6708395030659466,-0.525175555560378,-0.7380451538332158,-0.15662444567944833,-0.49359116598017433,-0.4562951506684525,-0.6328809908590672,-0.16172926602319881,0.41738323917221776,-0.6101267680035499,-0.6101267680035521,2.7752960695144635,-0.9948613466707643,-0.6390470516030854,-1.725230247104801,-0.345545400835925,-0.4101532915489117,-0.46663595291967086,-0.1223676520948633,-0.6892822268427872,-0.371935297086888,-0.5283559438463914,-0.026711472561780244,0.4840133989807926,-0.5117797285319751,-0.8058130615260093,-0.8058130615260096
wgsw_mix_wheat_0243.jpg,flowering,-0.43281383822189234,-0.8062730117421397,0.03874204127566129,-0.779378007891567,-0.6857661548867673,-0.7272205382461252,-0.6086037969335174,0.862064518129728,-0.38298865468291426,-0.6270055618284138,0.0862484730603957,-0.7896692874037811,-0.8102362725031108,-0.702113813106612,-0.48469287862021676,0.7412493456797233,-0.5186966654353452,-0.7501039239554411,-0.16685689389567218,-0.7174635653425179,-0.663216313910859,-0.719365632777189,-0.21190567395518498,0.501911352652687,-0.7631726492063129,-0.7631726492063103,-0.3455556677073907,-0.712133394737329,-0.39562819037552566,0.4302869570393896,-0.45171908611330336,-0.5222842397747411,-0.7456989786619477,-0.17578939331304155,-0.7897378536970575,-0.39796840279560325,-0.6507730371671545,-0.050960217611060156,0.5610916345133012,-0.5994166919328856,-0.8758171821474401,-0.875817182147438
wgsw_mix_wheat_0244.jpg,flowering,-0.43323596371550754,-0.8106214498223945,0.03526532182634359,-0.7450838749762577,-0.5137439709242485,-0.5750407045009848,-0.5856324731311895,0.8006437683055887,-0.3818575652360172,-0.6344964524545987,0.10321840739006688,-0.8283863759276341,-0.5291000510618521,-0.5758493889979321,-0.4527250776110579,0.6707386509311954,-0.5213546717850721,-0.7423690052338314,-0.11145814780220271,-0.4259629930710059,-0.5296877627841828,-0.6660629813484985,-0.15901155335979716,0.4148835890749056,-0.6385853298020043,-0.6385853298020014,-0.3979771936512065,-0.6266591906605598,-0.2568966635947574,-0.4319199246182867,-0.35862097784055913,-0.3470999467494656,-0.5562488642032499,-0.11574466983317798,-0.6667862770468689,-0.36908510355517177,-0.5525721492099691,-0.0035672252166112635,0.4671387032402368,-0.46642839282752047,-0.7012165275935984,-0.7012165275935986
wgsw_mix_wheat_0245.jpg,flowering,-0.43042179574831746,-0.8049968530909763,0.04379929583574605,-0.8810078785008915,-0.6617945390594003,-0.6280203814256464,-0.5798080137095849,0.8382596814523391,-0.3831300411637529,-0.6230035684762096,0.10012195710714096,-0.8900590853818109,-0.774849780062814,-0.6128061110806609,-0.44437904799291955,0.7032080208019462,-0.5198595428608855,-0.7535149912764296,-0.17626360116955261,-0.7191677567555421,-0.5755303498785244,-0.6312954831051136,-0.174038136039867,0.45496608227143276,-0.5911234938384582,-0.5911234938384569,-0.33980383518460544,-0.9840923713553164,0.12659201565899594,-0.21636820420386765,-0.25872356952537584,-0.37651400708117994,-0.5484302880510037,-0.13249369935445524,-0.7038935063925975,-0.37739482272510716,-0.5784584377020865,-0.02711310809054586,0.48707218457873014,-0.43418560170897713,-0.8874238471399399,-0.8874238471399403
wgsw_mix_wheat_0246.jpg,flowering,-0.4326731301220695,-0.8211616320273747,0.05043662771221941,-0.8883438416913281,-0.6385263629061092,-0.5174260637009312,-0.5733094743946789,0.8200708909529679,-0.3886441019174327,-0.6145378175953895,0.07785276687045911,-0.8977763374913111,-0.7486095689239691,-0.511425550350771,-0.446365775026728,0.6904770694833259,-0.5175337851900833,-0.740399239109349,-0.2043759226905711,-0.5871403718612945,-0.4613312407616219,-0.6215183083110744,-0.16055483992736996,0.42877576021053376,-0.5299422209166995,-0.5299422209166955,2.9635816808496016,-0.995538945117579,-0.6582740128823991,-1.725230247104801,-0.178178015177022,-0.26730821402647165,-0.4937002549852092,-0.07212056353103777,-0.6330300325557361,-0.3545932744713696,-0.4041017590842567,0.02053090650937575,0.41454656016873137,-0.3125087080124152,-0.8769095741467342,-0.8769095741467352
wgsw_mix_wheat_0247.jpg,flowering,-0.42957754476108706,-0.8214452057240311,0.03958484073660942,-0.7932745751375702,-0.6176932154566444,-0.6342646213177687,-0.5936792818350812,0.8348637129515334,-0.38383697116815063,-0.6212077879374102,0.08285448619446262,-0.8875084549136462,-0.6558857007778631,-0.6252480714047797,-0.4663753379766945,0.7095953226695234,-0.5231820493882221,-0.7526502209963054,-0.16441555250009932,-0.5604120134049108,-0.6053020823395363,-0.691053304797844,-0.1914662372258474,0.4675910890537911,-0.706533622304503,-0.7065336223044993,-0.27495655619283144,-0.7074870053877423,-0.1018535446194388,-0.4319199246182867,-0.380587947208242,-0.4203913346477883,-0.6344346257259238,-0.12351709529730144,-0.7287302176678262,-0.3285601687626566,-0.5388774675560863,0.006724685208032364,0.47062429613090845,-0.41018850799123796,-0.7899278612029408,-0.7899278612029422
wgsw_mix_wheat_0248.jpg,flowering,-0.43393950540876836,-0.811708507998312,0.003868867382624208,-0.8298947530631023,-0.4976727226973956,-0.557724116950574,-0.5755844997552595,0.8046137772173784,-0.38242311115935507,-0.6345990605232515,0.05748884567485485,-0.9243943602729189,-0.5081582722802915,-0.5364675919568538,-0.4498258604809732,0.6769307713041547,-0.5238465523854953,-0.756974072396921,-0.14305299625615123,-0.39555724072622633,-0.5146537478626945,-0.6553798314145833,-0.15085834994559846,0.41081861830590705,-0.6773334693191181,-0.6773334693191211,-0.3865365491052534,-0.81737895349437,0.407357757691392,-0.6474716450327058,-0.3957556165336081,-0.33897451571860726,-0.5496331459205799,-0.08027613672930728,-0.690119973056434,-0.30467474409544915,-0.5283559438463914,0.06285325035314623,0.4267658948829703,-0.3881999815890767,-0.6375391773014127,-0.6375391773014126
wgsw_mix_wheat_0249.jpg,flowering,-0.43464304769910256,-0.8138354904277314,0.027258269152938008,-0.8497555117040522,-0.6463725926324854,-0.6421826117621996,-0.5953118283727866,0.84893190075671,-0.3817161787551786,-0.6439882840219292,0.08696281958706768,-0.917723501080474,-0.6964445474705855,-0.6241409383526008,-0.46769661471441804,0.7210197120036056,-0.5213546717850721,-0.7573584437374858,-0.16434378963717078,-0.5836423511586296,-0.6260386352260723,-0.702642511886311,-0.19125544112085255,0.47276856555099855,-0.8065557336417418,-0.8065557336417465,2.526490083107316,-0.9968941420112084,-0.606915373870716,-1.725230247104801,-0.5887511331214745,-0.5749370328546749,-0.7787775700753677,-0.20698856595070736,-0.8125294786272041,-0.396944741738437,-0.731104035649138,-0.08093226894526291,0.5964455052615494,-0.7379021226387789,-0.753969957892843,-0.753969957892845
wgsw_mix_wheat_0250.jpg,flowering,-0.43492446449582156,-0.8022081987026901,0.07329910814654274,-0.5949054436515009,-0.4046540971767577,-0.5473599402487589,-0.568011638459545,0.7438494483750872,-0.3808678622699422,-0.6325467319453403,0.1448988843018214,-0.7543529803006164,-0.3224582427369252,-0.5458517071439916,-0.4281432751088775,0.6107787954341534,-0.5196934171115624,-0.7535149912764296,-0.05286392622751764,-0.16450937805659388,-0.4699961089461628,-0.622990553794791,-0.091256438210268,0.32732249240348604,-0.4196305318608012,-0.4196305318607996,-0.34507623321804437,-0.6738006826032399,-0.16037611722965697,-0.0008164837894485803,0.04253772466060089,-0.167365412346939,-0.1959929322644283,-0.017275702157454335,-0.5923500620047402,-0.30567833336718087,-0.34280970826743923,0.08905996860516513,0.33832193922169396,-0.1761375586913406,-0.6060418746550993,-0.6060418746551011
wgsw_mix_wheat_0251.jpg,flowering,-0.4318288797319125,-0.8002230287936652,0.03157778806319744,-0.662718350347256,-0.3033563740631162,-0.5618440537602594,-0.5655049253089007,0.7436983298756694,-0.3825644952403985,-0.581188021620264,0.05058185730978727,-0.8397660654105263,-0.21282963043145142,-0.5515454933627496,-0.4263942118453915,0.6114069888307132,-0.5162047820152198,-0.7254578665941058,-0.08137125550708868,-0.07634166004440614,-0.5133947856769145,-0.6224242834509504,-0.08725137763936112,0.3229940439252987,-0.49378965055384205,-0.49378965055383756,-0.42284466754694494,-0.5260600212531054,0.05056316169813199,-0.4319199246182867,-0.018655975720923756,-0.24683212782869943,-0.2916201328959595,0.0034142754864677277,-0.6086121943873308,-0.32512789345333537,-0.35767344811130564,0.08895955972297352,0.3598282844723044,-0.24104599720540287,-0.5191511943779138,-0.5191511943779158
wgsw_mix_wheat_0252.jpg,flowering,-0.43112533744157827,-0.7843418748980666,0.008610014920558882,-0.699875302906785,-0.29583479523671535,-0.44236609606627897,-0.5488214822737929,0.7221051754033025,-0.38242311115935507,-0.6107410961154505,0.06963584135779176,-0.8551352089245359,-0.19548327030147403,-0.45085033343817793,-0.4047877086187488,0.5827694983285946,-0.5245110525630855,-0.721085949205079,-0.12341399677227069,0.018463353001680803,-0.3860130576882118,-0.600869185794501,-0.07040293303012013,0.2974458740421656,-0.3856100361603687,-0.38561003616037315,-0.41647813101007136,-0.4853315146106358,-0.026715993359761752,-0.6474716450327058,0.12099118668822277,-0.09017381755379454,-0.11660431287217819,0.04402793530603216,-0.5411982637831387,-0.2812308987078026,-0.23943156261184217,0.11963447323251632,0.28491570075848965,-0.13829192190301604,-0.5327605780357862,-0.5327605780357864
wgsw_mix_wheat_0253.jpg,flowering,-0.43450233900220636,-0.8242811480671631,0.043641127876075006,-0.5119435387562384,-0.602920629611291,-0.6258960783432094,-0.5775751383647376,0.7848167290766337,-0.3798781593038837,-0.6179754387025295,0.06445534135652627,-0.612041447776222,-0.5800665767911327,-0.6048454281308583,-0.4438182209728562,0.6521763388659151,-0.5256739299886258,-0.7461643917064708,-0.048950510104572985,-0.3926870748898062,-0.5672357126339079,-0.6597210323473556,-0.15471286990893487,0.4020465245901441,-0.6543441425242755,-0.6543441425242722,-0.3330626269595627,-0.5323278068861413,-0.21860191257286246,0.6458386774538086,-0.31102587754379063,-0.31703585193530326,-0.5646688692903548,-0.07682780712198709,-0.6895532623824965,-0.2839405897414764,-0.45721040257128714,0.044327811588794445,0.4179847300268775,-0.42382562292334197,-0.565850952347737,-0.5658509523477372
wgsw_mix_wheat_0254.jpg,flowering,-0.42732621038733504,-0.8201690470728622,0.0736678615228562,-0.6581259307477926,-0.513960404857559,-0.6558942895686315,-0.5945324192056423,0.801232500792904,-0.3819989517168557,-0.6273647179361725,0.1224509133878771,-0.8026185929038545,-0.4837473585141621,-0.6202923738874743,-0.46229734324124894,0.6727306060305106,-0.5240126781348183,-0.750007844167527,-0.0797196176161734,-0.34577791770183386,-0.6135226251261633,-0.6855418774328711,-0.16461263223652173,0.4194073538579379,-0.6644483224462023,-0.6644483224461997,-0.31540535876779485,-0.7980189978710927,-0.07657524708232136,0.8613903978682277,-0.3094568083032418,-0.3685510846709384,-0.52978599107257,-0.09319368890911207,-0.730898501985506,-0.3450190328190508,-0.5163313453210288,0.015259440194320626,0.47119337252122295,-0.47911408113645565,-0.600443365658717,-0.6004433656587197
wgsw_mix_wheat_0255.jpg,flowering,-0.42676337679389703,-0.8142608766447876,0.0975839557319625,-0.7852229232332599,-0.6003232460666682,-0.6838325323892109,-0.5993562848498538,0.8316938974828435,-0.3808678622699422,-0.6319310835334353,0.1620473405812916,-0.8773059863241535,-0.6507764540985892,-0.6577762612787805,-0.4658810105517335,0.7037203095063292,-0.5186966654353452,-0.7626431973950482,-0.10592913122602891,-0.5981725535264507,-0.6177439979814556,-0.6984145322164358,-0.19492926001590982,0.4664215828529437,-0.6873449503426786,-0.6873449503426825,-0.29440037359002214,-0.8281479288098179,-0.09772460280792566,-0.0008164837894485803,-0.3146870391050711,-0.38610201569758945,-0.6079717525951737,-0.12899063435654287,-0.7553163401539082,-0.3365888829365078,-0.5747842548193425,0.0036120098600868436,0.48530172469775307,-0.4505712824413572,-0.7495093572290589,-0.7495093572290594
wgsw_mix_wheat_0256.jpg,flowering,-0.43393950540876836,-0.8392642415738086,0.10890978879220717,-0.827509070026249,-0.44897185471282414,-0.4487391451715811,-0.5538770585908134,0.7585368022542673,-0.38411974412981137,-0.6427569314631536,0.1547235422725592,-0.9123606552356646,-0.483494996742289,-0.4513247535811731,-0.41397022879590406,0.6233511931478912,-0.5218530462133393,-0.7526982347958082,-0.13055876980789768,-0.31357823863494666,-0.4211911916323281,-0.5823340736165354,-0.0909327202935968,0.33903589022833314,-0.4142539957555557,-0.41425399575555466,-0.47839459110138244,-0.8725064271316519,0.27666744318080283,-0.21636820420386765,0.0435837708209666,-0.12917588650189932,-0.16892863019889026,-0.022803976607287474,-0.5407547510817963,-0.3112582897180077,-0.2571344437741924,0.06752226337505902,0.32220601200155546,-0.1805775495994716,-0.6624821279519616,-0.6624821279519627
wgsw_mix_wheat_0257.jpg,flowering,-0.4323917133253505,-0.7980960977083892,0.06976974234306764,-0.8500537342315418,-0.5322503066365516,-0.5138211539569526,-0.5663685887420221,0.7885374974077862,-0.38157479227434,-0.602634501342395,0.1104231910656051,-0.8979725439337194,-0.6051083607265931,-0.5101602963407408,-0.4280006933683221,0.653980638749325,-0.5165370335138467,-0.717434656319851,-0.16865205751244453,-0.47959908316949396,-0.46384924558320123,-0.617290328641199,-0.134198130163816,0.3929017354763606,-0.49564362852116806,-0.49564362852117055,-0.2684460284934217,-0.5871890811336032,-0.43856851908132793,-0.21636820420386765,-0.18602336137982678,-0.293634610566429,-0.4335573615062506,-0.06473128580106699,-0.6195768139483199,-0.3248468884572511,-0.42180464024658737,0.029015457054568414,0.40117326499635636,-0.36082003765562803,-0.8017621078619603,-0.8017621078619585
wgsw_mix_wheat_0258.jpg,flowering,-0.4318288797319125,-0.8124175192561681,0.020673354733430047,-0.8449245076037223,-0.5697499250202867,-0.617913683292185,-0.6005991153626149,0.839142780183311,-0.3869474689469764,-0.6362921772584387,0.08809423478486894,-0.9049704020228164,-0.648127169399236,-0.5969901209733123,-0.47381829483252086,0.714062419961514,-0.5188627883649468,-0.7547160669087019,-0.17558138595306189,-0.508928498967494,-0.5739750903107796,-0.7113249137518555,-0.20706495272347825,0.478713754707658,-0.7469503419922102,-0.7469503419922091,-0.4435820133608604,-0.9817449767359939,-0.35781895643806527,-0.4319199246182867,-0.5092516249335475,-0.499695541508951,-0.6765346511611665,-0.13479258575933772,-0.746224329776371,-0.36812165785430945,-0.6048457511327596,-0.010646051411123857,0.5168538490051545,-0.5599853441059348,-0.7362641042376178,-0.7362641042376193
wgsw_mix_wheat_0259.jpg,flowering,-0.42859258627110725,-0.7927078380629194,0.06576610155776585,-0.7873700217692469,-0.37013065111173976,-0.438374968469766,-0.5597436451454059,0.7439097908314519,-0.3811506352316194,-0.6171545184183593,0.12667852014114755,-0.9362318588677574,-0.3232151910111298,-0.4191128628923164,-0.423228789814415,0.6099127716302698,-0.5220191719626625,-0.7404473050977602,-0.08183802612856976,-0.18137152927121725,-0.4197840405305602,-0.5952822229111462,-0.08572313859014537,0.31923839040642205,-0.35928354902433923,-0.3592835490243443,-0.38290638319807846,-0.3953319209069256,-0.2390749791583895,-0.4319199246182867,0.3322925110825529,-0.023545283100779246,-0.035411406675633444,0.049610945146451264,-0.5552674722535335,-0.275088932364805,-0.12653394312366228,0.11069808271746244,0.26231072192102256,0.028313451221024865,-0.5939345299962563,-0.5939345299962566
wgsw_mix_wheat_0260.jpg,flowering,-0.43436163090238356,-0.8197436608558059,0.1104374486516244,-0.8779661447767949,-0.5629318446495853,-0.5640327614492826,-0.5808717867450878,0.810364675667445,-0.3819989517168557,-0.6322389077393877,0.1603205934900265,-0.9347930353048199,-0.6437748709941666,-0.5507547167651625,-0.44860912441107853,0.6818093051657771,-0.5225175492106318,-0.755484757400912,-0.14657156062676738,-0.5421147792720669,-0.5042114171864422,-0.6573050439645722,-0.15833402248973916,0.4257025179445033,-0.592606676212319,-0.5926066762123146,2.526490083107316,-0.9936755493888385,-0.6104805868718686,-1.725230247104801,-0.16301034585171706,-0.2915219984984107,-0.5646688692903548,-0.08071401985404594,-0.6706546933863643,-0.30778587083781733,-0.4516991282471715,0.06390754361616197,0.4034574743963664,-0.2687430833465865,-0.7551988988920489,-0.7551988988920484
wgsw_mix_wheat_0261.jpg,flowering,-0.4294368372583376,-0.8370427859229788,0.11760170186408825,-0.8563757537862421,-0.6726710495878259,-0.6643916417563631,-0.5999250354693134,0.849830216281026,-0.3818575652360172,-0.6398324064342313,0.16651323532842835,-0.9134070659137776,-0.7691097317349201,-0.6483921460916487,-0.4685806462883185,0.7226293321443116,-0.5235143008868489,-0.7743656621651199,-0.12535268611490008,-0.7187192750750179,-0.6374437513811644,-0.6950925276864364,-0.20016900218006908,0.48380513258885216,-0.681597618643968,-0.681597618643973,-0.3560639843057624,-0.9628932199478277,0.08549513230922011,-0.4319199246182867,-0.37692678564696147,-0.384801946732655,-0.6873603719873539,-0.13057796068371877,-0.7511768882747035,-0.3166776717853555,-0.5612565814782925,0.02279010635868875,0.4710906226174159,-0.4033170934905658,-0.8289808751777051,-0.828980875177705
wgsw_mix_wheat_0262.jpg,flowering,-0.4316881710350163,-0.8088726169993233,0.044273341920380724,-0.755998378919147,-0.6345220706225292,-0.6366464728975512,-0.584463370821845,0.8236027611598473,-0.38214033819769433,-0.626595073818843,0.08952318656567014,-0.8385888622781847,-0.6767643719862722,-0.6189743747118619,-0.4542555182926317,0.6963882087843414,-0.5198595428608855,-0.7526502209963054,-0.13260525945114146,-0.6260668864062408,-0.5761968782004049,-0.6578713143084127,-0.17356387751562533,0.44566623592788457,-0.6498018965043267,-0.6498018965043223,-0.40277353382094866,-0.9268595025440028,0.29252635393525145,-0.21636820420386765,-0.3727426010054981,-0.35408781743600654,-0.7084103847050103,-0.17502309784474945,-0.6501545507464928,-0.3720757995849301,-0.5777904044506785,-0.0002537321042886226,0.47470267692815776,-0.4655826802735928,-0.7739971445465684,-0.7739971445465712
wgsw_mix_wheat_0263.jpg,flowering,-0.43323596371550754,-0.8282514365410641,0.041007207887711415,-0.8162963759502294,-0.5900960667289924,-0.6268616579390445,-0.5843580415480009,0.8274594311970717,-0.3869474689469764,-0.6192581231631112,0.07130308113245976,-0.8960759290199091,-0.6375932752163744,-0.5968319427460134,-0.4520977096917959,0.695002369997362,-0.5291625636751269,-0.7454437672026719,-0.16786219800156318,-0.5659729718920304,-0.5696797034474999,-0.6590415407406136,-0.17281104362978603,0.4460162108577905,-0.6318183102212643,-0.6318183102212647,2.866961432927623,-0.996555342787801,-0.6472474195031368,-1.725230247104801,-0.45904140923586445,-0.45793082601036095,-0.6266160495736774,-0.13720094294540455,-0.7161640244630977,-0.38857480721219534,-0.6799994919163115,-0.027163312531641462,0.5183397706909738,-0.5601967722444166,-0.7604332772219999,-0.760433277221999
wgsw_mix_wheat_0264.jpg,flowering,-0.43422092220548736,-0.8124647558668705,0.05760088092468326,-0.8387217641022687,-0.6060050188966727,-0.7006340928739152,-0.5994932151941242,0.8471657032947653,-0.38157479227434,-0.6251585051227677,0.11084000100926993,-0.9015041710918251,-0.6854059982646887,-0.6814475585436748,-0.46755403297386267,0.720153688199722,-0.5308238183486392,-0.7537552168406692,-0.1535367704988471,-0.6344083728531748,-0.6295934797594757,-0.7069459450598923,-0.18696428142916965,0.4718453970570781,-0.7679002930229942,-0.7679002930229929,2.7752960695144635,-0.9971845413455576,-0.6366045412266603,-1.725230247104801,-0.39104840881196157,-0.3865895415594397,-0.7096132425745867,-0.18607964674440997,-0.7403601062808287,-0.38171025659355257,-0.5644297394224997,-0.04870101776174757,0.517328079330416,-0.45797126728823406,-0.7685351845500978,-0.7685351845500961
wgsw_mix_wheat_0265.jpg,flowering,-0.4321102965286315,-0.8117557959531579,0.03795188816887098,-0.822439481425053,-0.6122820144340946,-0.6268616579390445,-0.5847477575729463,0.8293541843269258,-0.38072647578910357,-0.6309048913769998,0.08761791752459931,-0.8583398371859895,-0.700166112747746,-0.6289384576426071,-0.4570691946392026,0.705510560336142,-0.525175555560378,-0.7683122702042614,-0.15806063897535397,-0.6597912862679648,-0.5561268536357666,-0.6716499442318534,-0.18506718190821006,0.4632395215027853,-0.6168010886859235,-0.6168010886859229,-0.3799595426381364,-0.7871774227220574,-0.07903678438777241,-0.4319199246182867,-0.2838286773742175,-0.37456390363375935,-0.5989503185733511,-0.11497837436488588,-0.7037210292309644,-0.3330963922708826,-0.5228446695222565,0.011192880465556256,0.4562076942429584,-0.39242854435872593,-0.8262954115127739,-0.8262954115127739
wgsw_mix_wheat_0266.jpg,flowering,-0.43196958783173534,-0.8054694759187351,0.05717948119420599,-0.8611471198599485,-0.6132560259156252,-0.4611632902782389,-0.5726880705796711,0.8025532135117751,-0.38284726820207565,-0.6276725421421252,0.1191164338385416,-0.9095484398590276,-0.7056538678244777,-0.46503196791532225,-0.4422877802912824,0.673964413987492,-0.52700293457335,-0.7475576269145713,-0.15231617780417459,-0.5663317182634715,-0.43496616391802556,-0.6316352289084847,-0.15057984000799382,0.4122117417455668,-0.607994693341125,-0.6079946933411209,2.60537978611446,-0.9963859431760974,-0.6174799467220975,-1.725230247104801,-0.36646632404330304,-0.43534212774457043,-0.5959431738994101,-0.07710148407494881,-0.6731186528382724,-0.3187651374705571,-0.5388774675560863,0.011945947081991891,0.44673099157648194,-0.48133407659052735,-0.7740881772131762,-0.7740881772131788
wgsw_mix_wheat_0267.jpg,flowering,-0.43337667181533035,-0.8404931636142695,0.08346603472368364,-0.8840496446193612,-0.5990786627776892,-0.6000821386050671,-0.5884025209078132,0.8329238341586597,-0.387371625989697,-0.6292630508086593,0.1066123942560067,-0.9191623246434112,-0.7074830966764822,-0.5870787832081553,-0.46436961105857105,0.7106776015484209,-0.5260061814872722,-0.7505843750839145,-0.18412647085313244,-0.6427497618676209,-0.5391673482066006,-0.6625145342927052,-0.19893438601080968,0.47208615429815237,-0.6383072331069054,-0.6383072331069032,-0.4345973527406023,-0.9741461941538576,-0.15737945872241152,0.4302869570393896,-0.44491978607086435,-0.42656666223124506,-0.6663103592697676,-0.1424555404422702,-0.7139218213618607,-0.35927000047763774,-0.5684379389309474,-0.019733055249464945,0.4923756603829043,-0.46928267269703766,-0.8323490838421953,-0.8323490838421934
wgsw_mix_wheat_0268.jpg,flowering,-0.43478375579892536,-0.8141190641243877,-0.008826457577366642,-0.6775691908079993,-0.41747866005905626,-0.420028396716934,-0.538246862528647,0.7335020289010623,-0.38157479227434,-0.6201303753490937,0.031051556001513634,-0.8088316252232954,-0.37657870818860906,-0.4259137248938056,-0.40225915444919225,0.5990006710005706,-0.5157064075869527,-0.7302621691231949,-0.16341024839420862,-0.19312130111172235,-0.35394552332957857,-0.5351469286631896,-0.07783346301918723,0.31134362564364654,-0.27650343278323236,-0.2765034327832365,-0.39535137520018615,-0.41028748662590725,-0.20267280794464973,0.2147352366249705,0.19055325635267445,-0.04694652446963448,-0.1881743561121821,0.05929910928131118,-0.49852248607609895,-0.23996330785420544,-0.2776764662550261,0.16050088828450543,0.23716861084340699,-0.021055019114585082,-0.6337613216371873,-0.6337613216371897
wgsw_mix_wheat_0269.jpg,flowering,-0.43084392064485927,-0.7841055378121128,0.06987503505138884,-0.6724996346011622,-0.4830083538186944,-0.5033281680419651,-0.5728355269865018,0.7602725661295247,-0.3849680606150478,-0.596734175117704,0.12042637098614138,-0.8071966129790077,-0.43170841516565217,-0.5155377261049009,-0.43587143674991086,0.6289657970676232,-0.5150419045896601,-0.7151766508316318,-0.10363131555631311,-0.23204781565666865,-0.4873259257652638,-0.6291060192627999,-0.13158581555291132,0.36799571777099344,-0.4391899994160907,-0.43918999941609177,-0.33916945445265095,-0.607662234205219,-0.12855399426074132,-0.21636820420386765,-0.06625107601769228,-0.17500331751592793,-0.4516002295498963,-0.007915950366154507,-0.5848842648654613,-0.30935147010171726,-0.37053308820092856,0.11863038441059617,0.34540377874559924,-0.2744516430856088,-0.6168747619814325,-0.6168747619814329
wgsw_mix_wheat_0270.jpg,flowering,-0.43393950540876836,-0.7996085934455065,0.0462750478644386,-0.6578277082203029,-0.3834421609531797,-0.5798043377315654,-0.5735306590049252,0.7600159795107214,-0.3801609322655609,-0.6080731191256401,0.08511705786260118,-0.821715534496247,-0.3400568961180646,-0.555868535240313,-0.42842843858998814,0.6255809786545301,-0.5203579172891527,-0.7323760288350886,-0.05573631281933327,-0.2572513558857488,-0.5262070127087691,-0.6322392260041805,-0.09589395252015129,0.3404979722817443,-0.5224336101490291,-0.5224336101490299,-0.31720547882583355,-0.46998874977918853,-0.4392234999802949,0.4302869570393896,-0.10495478395129007,-0.277708765745965,-0.3391330187442959,-0.08952641773942278,-0.6016391891384326,-0.36410730076738484,-0.43716940502900936,0.02148479089020029,0.4117011782171619,-0.341685791122972,-0.5043583860541394,-0.5043583860541403
wgsw_mix_wheat_0271.jpg,flowering,-0.43408021410566455,-0.7991832072284502,0.03310544792262107,-0.5866152072463243,-0.3877170544350264,-0.5743326034735032,-0.5733200233399846,0.7526347853047829,-0.3825644952403985,-0.6190015751240053,0.08630798037699954,-0.8079814032265328,-0.2698516738336506,-0.5721063148639762,-0.4371166726462777,0.6263677256559724,-0.5226836749599549,-0.740399239109349,-0.038143646972472765,-0.17652816095942553,-0.5559046507118,-0.6440549166257813,-0.10587654162269881,0.3452624943058509,-0.5482039038948607,-0.5482039038948621,-0.3575441868763689,-0.6028464452439287,-0.13069436259236367,-0.21636820420386765,-0.05422154517342388,-0.23383143817933752,-0.29282299076553603,-0.0311784913679261,-0.6374897991636882,-0.3164568821455752,-0.39641937669304556,0.052511135487412694,0.3860374137817583,-0.3463372101695848,-0.45319802742053206,-0.4531980274205331
wgsw_mix_wheat_0272.jpg,flowering,-0.43393950540876836,-0.8109523114738968,-0.005665845150205002,-0.7576087028211372,-0.3753253594193551,-0.48118354265438,-0.5635669398949709,0.7620613264229805,-0.38383697116815063,-0.6288526185340539,0.03706541716264627,-0.8423166958786986,-0.37374023781123056,-0.48880869824192713,-0.42329533071361364,0.6275659092270466,-0.5203579172891527,-0.7360273217203221,-0.15048497674971203,-0.14522544525359743,-0.4671077927346483,-0.6050971654643764,-0.11019779635109837,0.35109926298308614,-0.45596850002039124,-0.45596850002038974,-0.3901851870955844,-0.5788159003265358,-0.14377947388059292,-0.21636820420386765,-0.10600083011165579,-0.28112144677891737,-0.20260865054709828,-0.05493365088502895,-0.6096716969516518,-0.36914531891147573,-0.4441837541688127,0.014205146931304887,0.4139537722621547,-0.3794257138420678,-0.6034019273234719,-0.6034019273234738
wgsw_mix_wheat_0273.jpg,flowering,-0.43506517259564437,-0.8259354049805423,0.036266289246968744,-0.9104710073158777,-0.6694784433357858,-0.6976729494798235,-0.5854534156539312,0.859943611967759,-0.383695584687312,-0.6465536529430927,0.09387006667959874,-0.9112488483304373,-0.8310518361383754,-0.6727487868924136,-0.4513467599162927,0.7295720733808918,-0.5296609409230963,-0.768072044640022,-0.17741258700752036,-0.7580942713004885,-0.6635866253007942,-0.6553420636553924,-0.175626630586507,0.47139218350889694,-0.654807637016107,-0.6548076370161029,2.9635816808496016,-0.9987575377399488,-0.6549867850825997,-1.725230247104801,-0.18497731521946106,-0.4203913346477883,-0.45460737422383707,-0.2474927549890808,-0.7596282691947462,-0.47897812880976187,-0.5612565814782925,-0.1373118562958613,0.5850244582615012,-0.5297511203029689,-0.8297091365105679,-0.8297091365105663
wgsw_mix_wheat_0274.jpg,flowering,-0.4326731301220695,-0.8138827270384393,0.007609047499933731,-0.8901331120675544,-0.6057885849633559,-0.6529330762455406,-0.5821567672735809,0.8429317617260064,-0.3832714276445915,-0.6126394847229027,0.04486553273164831,-0.8928713007584479,-0.7559265528527054,-0.6323652325914191,-0.4461566110828776,0.7106274263570024,-0.5240126781348183,-0.7475576269145713,-0.19514877858023794,-0.6168286314632024,-0.641961341168411,-0.6450741540358943,-0.18518762747906484,0.466599360550823,-0.7105196749342539,-0.7105196749342529,-0.43805939571319596,-0.9353294831291867,-0.3166683049929412,-0.4319199246182867,-0.31939424682671763,-0.45776831738972507,-0.5646688692903548,-0.20282867626568765,-0.7311695375252153,-0.4607930912059888,-0.6375793804518276,-0.08228778885484697,0.5647115926627982,-0.5589282034135257,-0.7871968812047055,-0.7871968812047074
wgsw_mix_wheat_0275.jpg,flowering,-0.43070321254503646,-0.7991832072284502,0.02004114068911836,-0.8483837399085622,-0.6776493533529426,-0.7420265349325654,-0.5962808210797509,0.8640038722055879,-0.3817161787551786,-0.6313666555534114,0.10321840739006688,-0.8930021109737418,-0.810173199190322,-0.7030100227659157,-0.4524684552605167,0.7267933712801343,-0.5198595428608855,-0.7433298553018642,-0.16642616071188132,-0.7391691823014102,-0.7248334984815537,-0.7084181905436089,-0.16603547323323964,0.4706356317811504,-0.8072973248286722,-0.8072973248286752,-0.40803830101698224,-0.8579380605251358,-0.395687898129711,-0.6474716450327058,-0.5327876635417792,-0.6053261449100898,-0.7450975497271595,-0.1873385607280391,-0.8329064232944778,-0.4062379783946693,-0.7292669442077464,-0.059796199243922425,0.5988798875978919,-0.715173597751931,-0.7753171182123821,-0.7753171182123821
wgsw_mix_wheat_0276.jpg,flowering,-0.43590942328433807,-0.7851453593773277,0.07909386945925442,-0.9500136267150733,-0.766447223265872,-0.6934242733859576,-0.6092673507642585,0.8824350819644419,-0.3849680606150478,-0.6182319867416413,0.14739974396381955,-0.9465651376725365,-0.9251634199469503,-0.6680039554985354,-0.4793411481619312,0.7544348842325954,-0.5180321624380527,-0.7471252417745091,-0.16653380500627193,-0.8403422844541153,-0.694024926308709,-0.7112494192408094,-0.23492739568270354,0.5280215551681292,-0.8220364496689141,-0.8220364496689189,3.065569720322802,-1.0010807324147422,-0.6626516076219573,-1.725230247104801,-0.5814288099989134,-0.6072762483574913,-0.8545576158588187,-0.24464651467827575,-0.8142049710545007,-0.4267714148942937,-0.7626686067782226,-0.10402631184933589,0.6169638706678654,-0.6738393966786438,-0.8286622608445777,-0.8286622608445782
wgsw_mix_wheat_0277.jpg,flowering,-0.43351738051222655,-0.8309455663637964,0.07593302813490632,-0.9107095756195575,-0.6386886883560937,-0.5143361110936597,-0.5772591505432088,0.8233461745410442,-0.3818575652360172,-0.6251585051227677,0.1116138548525395,-0.9343352439539393,-0.7793914011873233,-0.49729660376976115,-0.4433144349098335,0.690837829109625,-0.5201917915398295,-0.7717713513247527,-0.1521366146406273,-0.6397898607221072,-0.49999004433114985,-0.6301252566729129,-0.17162909377477864,0.44036877941484376,-0.6377510397167075,-0.6377510397167064,2.526490083107316,-0.9982009390157797,-0.6054560388028327,-1.725230247104801,-0.4548572245944008,-0.43079188636730037,-0.6596946409870275,-0.18295972948064365,-0.6875081760374117,-0.3809676005324728,-0.6604595193125896,-0.009240327060438102,0.5065235317532067,-0.5395825287423998,-0.6941614959314907,-0.6941614959314896
wgsw_mix_wheat_0278.jpg,flowering,-0.43450233900220636,-0.8256045433290344,0.04927772122911565,-0.9172105578456875,-0.6485911874029948,-0.5828942903388293,-0.5891292539966642,0.8451130103443382,-0.3827058817212371,-0.620694747594152,0.07844809876393016,-0.9172002957414137,-0.8357826429409027,-0.5339897145634803,-0.45464526374566755,0.7124603260995208,-0.5176999109394065,-0.7395344688292247,-0.1992417578667258,-0.6446332290338883,-0.5759006612684595,-0.6486981366100694,-0.19533580470754158,0.4710194881108764,-0.6695467618563489,-0.6695467618563465,2.866961432927623,-0.9977653400142559,-0.6459851202532058,-1.725230247104801,-0.4972220940892791,-0.4892949897894577,-0.6897660877265065,-0.20715277212248429,-0.7192193341834625,-0.4107139865465917,-0.7043827055927607,-0.0592439503918696,0.5489908573803786,-0.5831367252697462,-0.7452308218984902,-0.7452308218984891
wgsw_mix_wheat_0279.jpg,flowering,-0.43225100462845434,-0.8351521919236512,0.016195667863493596,-0.7811076402411699,-0.32559640086073893,-0.5702770013414048,-0.5587219992428922,0.7657144062596013,-0.3825644952403985,-0.6194120631335702,0.029146028232979324,-0.8423166958786986,-0.3604309123034383,-0.5518617925478938,-0.41126109311716197,0.6251048160879684,-0.5271690589128318,-0.7450593958621127,-0.14057577342911218,-0.1985027889806548,-0.5313911308179047,-0.6210653002374664,-0.0826666604917147,0.3406701695137709,-0.5218774167588313,-0.5218774167588334,-0.5177759007128175,-0.7107539978991704,0.08419751436521268,-0.21636820420386765,0.06398167094816178,-0.23480648990303843,-0.14848004641602192,-0.1516510860617931,-0.635222956467932,-0.4391155629365906,-0.43900649647038137,-0.026560859238493034,0.46213557330872757,-0.35035434480075217,-0.5612538026840409,-0.5612538026840402
wgsw_mix_wheat_0280.jpg,flowering,-0.43154746293519347,-0.7886902616341724,0.05201716282299245,-0.8366342711985457,-0.4978891566307062,-0.6690909403093569,-0.5833995977863422,0.8134515858482608,-0.3818575652360172,-0.603814577734324,0.10375423196694035,-0.8870506635627656,-0.5803819776154463,-0.6409058832848353,-0.4378771223639379,0.6763316795186175,-0.5260061814872722,-0.7282443370103012,-0.14057577342911218,-0.5029191562323063,-0.5933785865535376,-0.6653079952307105,-0.14430868859639767,0.41654616929431065,-0.5940898585861798,-0.5940898585861829,-0.5614544092448944,-0.8583736595266596,0.536315579667683,-1.078575085861544,0.019524709132490912,-0.27689622264288083,-0.3427415923530251,-0.17819775049910838,-0.6808062063282225,-0.4674167803994164,-0.46773192628098215,-0.05773781715899264,0.5034726499940244,-0.3529971965317751,-0.6664420489494027,-0.6664420489494008
wgsw_mix_wheat_0281.jpg,flowering,-0.43379879730894555,-0.8102433002160406,-0.01614887874950153,-0.8070518663303199,-0.32749034473127964,-0.555342265370784,-0.5627980796731321,0.7711709384660103,-0.38284726820207565,-0.6207973556628048,0.02610934399410723,-0.8330298277520249,-0.40773898032871003,-0.5237620776131731,-0.42642275297596105,0.6377349152718375,-0.5200256686102086,-0.7260343453215793,-0.1714166438036455,-0.19796466942350374,-0.5009527895849842,-0.6258595092438466,-0.11196692654202381,0.36372985023129717,-0.48646643758290425,-0.4864664375829042,-0.47712263354818485,-0.8064647785117474,-0.08012295249559705,-0.21636820420386765,-0.017609929560558044,-0.3004599726323528,-0.2423029602431885,-0.15225317535830826,-0.6273875654108678,-0.4542095455834303,-0.4461878539230363,-0.038760538424779646,0.4771370592645003,-0.3980313900285071,-0.5702205203449133,-0.5702205203449152
wgsw_mix_wheat_0282.jpg,flowering,-0.43154746293519347,-0.814544450341444,0.04564306271731891,-0.8504115623912955,-0.34756591463253067,-0.3978193667227703,-0.5495587414252053,0.7432155902247514,-0.38440251709148854,-0.6235166645544272,0.0927981587984018,-0.9094830436319132,-0.3743710394598504,-0.42412130557520417,-0.41091888867900966,0.6093212061234454,-0.5198595428608855,-0.7425131510101568,-0.17446843755278027,-0.14468732569644635,-0.37794062336756185,-0.5585895121177724,-0.10316628729448367,0.33632976289447053,-0.2532360092932908,-0.2532360092932894,-0.2592730549777087,-0.7139725905215403,0.19851943754409276,-0.0008164837894485803,-0.10652385319183864,-0.03784604171507527,-0.40709448837550066,0.012062467200067624,-0.4637560182096833,-0.2682243817461622,-0.3184264945909903,0.17982959810639457,0.25020204094934473,-0.026763578853607427,-0.691703613933079,-0.6917036139330777
wgsw_mix_wheat_0283.jpg,flowering,-0.43562800648761907,-0.8132210037354293,0.048698382436159766,-0.8917434359695446,-0.45741336592824156,-0.5371888375087188,-0.5702339877418308,0.7944925107754683,-0.3849680606150478,-0.6119724486742261,0.0752923998918634,-0.9200779251062302,-0.5442386054216487,-0.5300884622022254,-0.43939806310335483,0.6665816363221713,-0.5231820493882221,-0.7483743833951926,-0.18024893616164986,-0.3606668664411065,-0.49850887922140324,-0.6290305247517582,-0.15230382764384653,0.40932783671382483,-0.5019471536100766,-0.5019471536100769,-0.22320459255632125,-0.9039421550749485,0.3940128019845231,-0.4319199246182867,-0.2916740235769614,-0.2560951192038754,-0.503924546876608,-0.06292501791151488,-0.6211044688085022,-0.28024738122150544,-0.4767503751750094,0.08629872434489531,0.3728063877069617,-0.2897801831255798,-0.7344434509054609,-0.734443450905461
wgsw_mix_wheat_0284.jpg,flowering,-0.43436163090238356,-0.7673263235275557,0.07008584936522369,-0.6586627053817893,-0.4457251693682699,-0.5747188213260375,-0.5765956195952117,0.7618650822605422,-0.3849680606150478,-0.578212220424495,0.11738968674727651,-0.8181838895770834,-0.39373581411985736,-0.573160702750573,-0.437259254386833,0.6325382706966217,-0.5137129014147968,-0.7204613523002802,-0.08255596677030318,-0.2795848277108754,-0.5218374509374973,-0.6491511036763373,-0.14741789843307332,0.38602739875522424,-0.5315181021889266,-0.5315181021889301,-0.2763156367486529,-0.7423349255096414,0.4026665931324833,-1.9407819675192202,-0.22734218471433912,-0.18410380027048714,-0.5700817297034483,0.04851623733460573,-0.6493168045328459,-0.21987145063414198,-0.37203616301659626,0.15944659502149539,0.3181987657530958,-0.2400945705822349,-0.5663061156807762,-0.5663061156807756
wgsw_mix_wheat_0285.jpg,flowering,-0.43492446449582156,-0.797576186925779,0.08636341538003905,-0.7708492193798901,-0.6255935830571584,-0.6694127535552975,-0.5914780075606613,0.8254445178715019,-0.3858163795000793,-0.605918182479076,0.12096219556301485,-0.8098780359014086,-0.7180169908593365,-0.6573017838663374,-0.4549779682416618,0.6972035556448923,-0.5225175492106318,-0.7489989281110775,-0.09695331314216749,-0.6922599763971993,-0.6138929365160982,-0.6893545757809892,-0.1845778104416176,0.45994824246379523,-0.6485968108255649,-0.6485968108255629,-0.32033378664019374,-0.8503876778320577,-0.2517990643377389,-0.0008164837894485803,-0.31102587754379063,-0.37261380018635815,-0.5670745850295075,-0.08000245977634601,-0.7390295681768013,-0.33494299653086934,-0.5266858607178717,0.06541367684903324,0.45829430767410845,-0.4397884473787584,-0.7648028452191763,-0.764802845219177
wgsw_mix_wheat_0286.jpg,flowering,-0.43464304769910256,-0.8108104989534969,0.11354541472462223,-0.5842891622361013,-0.5353346959219334,-0.5966703028228557,-0.5759741928974597,0.7678122248730471,-0.3825644952403985,-0.6118185644387326,0.14650661675988508,-0.7058257827889213,-0.516989152757437,-0.6106973353074614,-0.43812428607641846,0.6411122074062179,-0.5213546717850721,-0.7502000037433496,-0.032327266932141094,-0.43484250164261373,-0.5450179946376252,-0.6481696340254197,-0.15161118383143776,0.3965824513109294,-0.4708003237589994,-0.47080032375899955,-0.3381329493314879,-0.6709692890933356,-0.007976548642363279,-0.21636820420386765,-0.13895128416324137,-0.1870289554416083,-0.5315902778769345,-0.011637956926442624,-0.643994652116725,-0.23333961866077782,-0.43733641334186135,0.12816922821880417,0.3356741532389834,-0.22508317274999887,-0.5945717586625112,-0.5945717586625101
wgsw_mix_wheat_0287.jpg,flowering,-0.4368943820728546,-0.7884539758923675,0.06613485493407932,-0.8268529869446395,-0.5740248185021396,-0.5739463156919772,-0.5917939724994449,0.8159193299550722,-0.3798781593038837,-0.624491469074091,0.1360268608516157,-0.9385862828935136,-0.6090822192549229,-0.5510182707847243,-0.45804830824287135,0.6872076540104953,-0.5176999109394065,-0.7613459897859478,-0.1279377092425538,-0.36775254572306315,-0.6037468227718,-0.6781806500142794,-0.18135567879326572,0.4405234380399047,-0.7218289405349426,-0.7218289405349396,-0.2606765617117865,-0.774303052232578,-0.14445363391485738,-0.21636820420386765,-0.5437711482256816,-0.3965025674170828,-0.8581661894675479,-0.16473284441337438,-0.6734143279725009,-0.3664155560923671,-0.6644677188210375,0.0016038322162583508,0.49228081431785237,-0.5111454441165296,-0.6351723279696089,-0.6351723279696083
wgsw_mix_wheat_0288.jpg,flowering,-0.43562800648761907,-0.7786227536010945,0.08178043580178139,-0.9343874433166536,-0.6537859544922278,-0.6891755972920919,-0.6112790643816038,0.8642457667480598,-0.38298865468291426,-0.6116646244682735,0.14620882144942118,-0.9560482122416185,-0.8084700827035394,-0.6461778799872848,-0.48123279316597145,0.7396974270091485,-0.5190289141142699,-0.750776534659737,-0.14100650661290742,-0.6636480533420708,-0.6889148222075607,-0.7218193479118276,-0.22700755965103697,0.5082985944258223,-0.8466016577359838,-0.846601657735981,2.9635816808496016,-1.0006693333577474,-0.6530086947851493,-1.725230247104801,-0.6828952875546456,-0.6352277311036357,-0.979654834295041,-0.2681279972424169,-0.7971543716473012,-0.4067197012450993,-0.8338141480533076,-0.10804266713699856,0.6214532510803417,-0.7531249486095091,-0.7427729399000785,-0.7427729399000771
wgsw_mix_wheat_0289.jpg,flowering,-0.43478375579892536,-0.8195073237698576,0.09326420792450467,-0.8969919386506177,-0.5362004904368055,-0.6661940616638529,-0.6061181359079963,0.8415580525889376,-0.38072647578910357,-0.6249532332505026,0.1326328739856826,-0.9289070018820157,-0.6404317455937529,-0.6441217921102137,-0.4792841072048896,0.7191145599854445,-0.5195272913622393,-0.7695133458365336,-0.1178130613269443,-0.5021119281803411,-0.6644012620886601,-0.725367835974961,-0.20692193587508617,0.4798665195109472,-0.8098001950845624,-0.8098001950845601,2.9635816808496016,-0.9954421453394626,-0.6583726621221785,-1.725230247104801,-0.6033957793666574,-0.5239093259809091,-0.9273305169683288,-0.20753591985663034,-0.7600964214906105,-0.35712231943613215,-0.7721880806108057,-0.019582441926177738,0.5429049015395219,-0.5627339099062112,-0.6594780499539028,-0.6594780499539048
wgsw_mix_wheat_0290.jpg,flowering,-0.43464304769910256,-0.810715974387943,0.0851518625427719,-0.8124196450646395,-0.422889861081606,-0.5239278520904065,-0.5748998937993965,0.7757522426966245,-0.3866646959852992,-0.6000178562543849,0.11203066479621203,-0.892217302965159,-0.46993337798332735,-0.5198607679824705,-0.44073838102948976,0.648574763625894,-0.5235143008868489,-0.7533708455001042,-0.12973287285932614,-0.2522286143882469,-0.46014629258382084,-0.6454138998392653,-0.15731013700148164,0.39826815060315285,-0.5109389467516078,-0.5109389467516109,-0.3911952620194613,-0.7852656271042588,-0.02447202248708016,-0.4319199246182867,-0.10390873779092409,-0.28112144677891737,-0.38243590204911504,-0.0599145714289329,-0.6406190276676099,-0.34885274383706616,-0.4037677424585528,0.04387597161893323,0.4102784872413782,-0.35162291363164305,-0.6161009843152659,-0.6161009843152678
wgsw_mix_wheat_0291.jpg,flowering,-0.43492446449582156,-0.7889265987201263,0.05386070080737331,-0.8493976511499323,-0.3637995177001799,-0.5634533997059816,-0.5848004107684958,0.7849374139893631,-0.3810092487507808,-0.6210025718001044,0.12137900550668017,-0.9107910569795566,-0.42470683206122956,-0.5445864531339615,-0.4537516909255137,0.6602450113979268,-0.5201917915398295,-0.736267547284556,-0.16093286956094555,-0.2136608462147311,-0.49606488840780266,-0.658626300426201,-0.1722313216290545,0.41478035045663036,-0.5243802870147214,-0.5243802870147183,-0.38841139698536153,-0.735220141818087,0.2592078705826455,0.2147352366249705,-0.12326059175775354,-0.27689622264288083,-0.38905162033178503,-0.07102585571919223,-0.6773813026900725,-0.3238031556146503,-0.4243097649393865,0.018070888895686043,0.4163091162109534,-0.31536298788193234,-0.5861057206679818,-0.5861057206679825
wgsw_mix_wheat_0292.jpg,flowering,-0.43562800648761907,-0.8314654771464065,0.09273751548571259,-0.9076678418954609,-0.2733782757241583,-0.3981412498977176,-0.5582269768268491,0.7425360816943831,-0.38383697116815063,-0.6253637212600675,0.1238203578520812,-0.9333542295029404,-0.3582231750539687,-0.3993428752581309,-0.4204246134100011,0.6104034850023429,-0.5260061814872722,-0.7535630572648409,-0.17120119920863613,-0.0959843392188333,-0.31839715844552086,-0.5823340736165354,-0.0974372390877241,0.32885911353650127,-0.3314738795144489,-0.33147387951444696,-0.4221516061080083,-0.5920532699839517,0.20365584458901204,-0.4319199246182867,0.1481883868577964,-0.1195878778854898,-0.14727718854644542,0.03767862999730767,-0.5872743055338125,-0.26693978747834624,-0.3008906217415116,0.10080780782158442,0.3003756093620158,-0.11281483121590413,-0.6182402519805502,-0.6182402519805477
wgsw_mix_wheat_0293.jpg,flowering,-0.43408021410566455,-0.791573491932156,0.049014489458315394,-0.8956201668551347,-0.4071432637547157,-0.449318506914882,-0.5738676989515771,0.7766883378457959,-0.3832714276445915,-0.6000178562543849,0.08964245992632829,-0.9068670169366267,-0.5200168773335444,-0.43487616510353055,-0.44260148490296153,0.6482426038587034,-0.5228497978895759,-0.7094114460455906,-0.20049838799908853,-0.29196235698515843,-0.37401554789421687,-0.617403590911436,-0.15914704644900984,0.3973162825705613,-0.45837867137791505,-0.4583786713779195,-0.3811868309262587,-0.7134401917419001,-0.13712578236368322,0.2147352366249705,-0.13842826108305825,-0.26925831747387313,-0.4119059198538061,-0.07157320962511522,-0.637341961596574,-0.3566205248002676,-0.43716940502900936,0.025350532854575756,0.41801634538189486,-0.3411572207767672,-0.6769563219426085,-0.6769563219426113
wgsw_mix_wheat_0294.jpg,flowering,-0.43422092220548736,-0.7940312846689342,0.08325544930704122,-0.8778468687235413,-0.3365270198724968,-0.3976906274385897,-0.5617342837548851,0.7453364963867194,-0.3831300411637529,-0.6096123516253278,0.13042980963414838,-0.9277951949767883,-0.3928527192200681,-0.3939127003283824,-0.42589992572452684,0.614113438655828,-0.5256739299886258,-0.7383333931969526,-0.1282609541381778,-0.1441492061392951,-0.36357321721796476,-0.617969820247941,-0.10900079897773224,0.34096832583218734,-0.4340915600059442,-0.43409156000594507,-0.3269504746610919,-0.624190796318592,-0.09657221982820435,-0.21636820420386765,-0.010810629518179852,-0.21254280887850055,-0.2783886963305495,0.008176254468009212,-0.6119878188364459,-0.31760097391534875,-0.35483430679280226,0.05903771282986677,0.35749665203976794,-0.2092260623638236,-0.575045251675129,-0.5750452516751314
wgsw_mix_wheat_0295.jpg,flowering,-0.43450233900220636,-0.8310400909293503,0.08599466200372602,-0.8363360810654223,-0.4843611540743318,-0.4586526994142683,-0.5677378006537481,0.7776842507343202,-0.38440251709148854,-0.636856549503497,0.12000956104247607,-0.8790063947955554,-0.5316231206149095,-0.44035902792941345,-0.44197411698369965,0.6483294069398574,-0.5200256686102086,-0.763700127250995,-0.1647386413894996,-0.26523399852876434,-0.39971401596592193,-0.6021149477450837,-0.1546225193747958,0.392500340539669,-0.4384484082291603,-0.438448408229163,-0.23249185505193942,-0.7915334127372948,-0.06876780323490074,-0.21636820420386765,-0.1399973303236071,-0.19954211922911957,-0.3295101557876851,-0.00950327669333707,-0.5923993411937782,-0.29768976276419906,-0.3406386002003633,0.08725260872571376,0.33983157242377654,-0.16947757232914984,-0.6683537349481674,-0.6683537349481667
wgsw_mix_wheat_0296.jpg,flowering,-0.43590942328433807,-0.800506653834465,0.06508124115929677,-0.8995565357673477,-0.5536245389192958,-0.5047444400259123,-0.5764797642588084,0.8052098557428597,-0.3831300411637529,-0.6312640474847586,0.12614269556428082,-0.9497043697068833,-0.6266177650629181,-0.4817442249514223,-0.443704139058773,0.6723838954578086,-0.5221852977119855,-0.7602409939415898,-0.16908294670246354,-0.430268241825636,-0.48406737861381655,-0.6282000031155882,-0.17087619446494648,0.4262761101132216,-0.5812047117132639,-0.5812047117132615,-0.3013796107199648,-0.9338532865129118,-0.03367583941520049,-0.21636820420386765,-0.31625610834561996,-0.31086052435184613,-0.5225688438550419,-0.03944353534738039,-0.6765928356654608,-0.30792637333585915,-0.44401674585596035,0.04181758953400345,0.41101354424553327,-0.3454914976156575,-0.7170562115833631,-0.7170562115833621
wgsw_mix_wheat_0297.jpg,flowering,-0.4326731301220695,-0.7964417894508721,0.08362420268335467,-0.8785029194107916,-0.5228889218137416,-0.5886235730942444,-0.590382633454731,0.8145760544046936,-0.383695584687312,-0.6219774320547338,0.150317413569483,-0.9406136902615602,-0.5930605699953296,-0.5622476649949476,-0.4636281612252259,0.6894810919336684,-0.5241788010644393,-0.7576947490896339,-0.13716485335289103,-0.4912591197009054,-0.5173939556082405,-0.6633450149215351,-0.20235979000497706,0.4567378801796695,-0.5882498279891029,-0.5882498279891075,-0.30391077550248846,-0.7329937469214102,0.026947858916561315,-0.4319199246182867,-0.31050285446360776,-0.33263667951455245,-0.5412131408335455,-0.04371289581358485,-0.7063081866554677,-0.32617162629593616,-0.4378374382804172,0.038704914186063616,0.43106558316534177,-0.36293431904044665,-0.6848306476041869,-0.6848306476041891
wgsw_mix_wheat_0298.jpg,flowering,-0.43408021410566455,-0.8117557959531579,0.10037581478280472,-0.8266144348381395,-0.4485389868461969,-0.5658352512857715,-0.580745405346123,0.7881827887077629,-0.3812920217124579,-0.6120237805760322,0.13733679799921547,-0.9198163224367002,-0.4872796695925938,-0.5338842815017636,-0.4505197692994338,0.6612986904177156,-0.5165370335138467,-0.769897664988179,-0.0973122834630339,-0.3031739118360352,-0.5272437719705909,-0.6551155801222585,-0.14585204058796336,0.39602081728332406,-0.5597912661906485,-0.5597912661906473,-0.3176197270295572,-0.7741820525099326,0.11180632731353073,-0.6474716450327058,-0.16144127661116822,-0.24634460196684912,-0.4522016584846844,-0.10162293906034287,-0.647173159809685,-0.3221371974235747,-0.4523671614985794,0.03514039886826216,0.41185925499224946,-0.3543714794319071,-0.6013992086580994,-0.6013992086581001
wgsw_mix_wheat_0299.jpg,flowering,-0.43379879730894555,-0.8356248147514099,0.12365969494760573,-0.8120021464838963,-0.4098488642659906,-0.5091861900815532,-0.5802925100630678,0.7744315299777542,-0.3851094470958863,-0.6315719274256765,0.15764121187822264,-0.9134070659137776,-0.4274822633861675,-0.502304989183195,-0.4450634568692231,0.6457674616660278,-0.523015923638899,-0.7694652798481167,-0.10743693137863933,-0.20899685108865992,-0.4609609293716782,-0.6405819230736941,-0.16201536514397497,0.3967602290088087,-0.47951402020543166,-0.47951402020543543,-0.23915181327394894,-0.7445371204617892,-0.07461870610218499,-0.4319199246182867,-0.12012245327659477,-0.1971044899198678,-0.3896530492665731,-0.08191819844708245,-0.622927798802913,-0.344978889248184,-0.3952503185030814,0.030019545876488144,0.3968814805527389,-0.25256883075268827,-0.6159189189820502,-0.6159189189820525
wgsw_mix_wheat_0300.jpg,flowering,-0.43281383822189234,-0.8285350102377206,0.10690808284814887,-0.8719423153552249,-0.4023814233137277,-0.6227417211293518,-0.5935107733031272,0.8049758319555669,-0.38553360653840213,-0.6407559347870545,0.1583555584048951,-0.9360356524253414,-0.4491178143480701,-0.5936160339206349,-0.4641794883031322,0.678980427873601,-0.5246771783124087,-0.7654777337996548,-0.12556813070990944,-0.2903479008812279,-0.5562749621017349,-0.6664027271518694,-0.18883135133740642,0.4361603109524897,-0.6210652380107734,-0.6210652380107745,-0.2698834365318772,-0.7345425433712723,-0.228436304260269,-0.0008164837894485803,-0.27859844657238814,-0.3490500501968862,-0.45581023209341326,-0.08618755891328692,-0.7070227348965195,-0.3352039297415191,-0.5258508191536115,-0.001860274219351498,0.453891869487931,-0.4052199467369022,-0.6089094036532463,-0.6089094036532473
wgsw_mix_wheat_0301.jpg,flowering,-0.4326731301220695,-0.7964417894508721,0.08362420268335467,-0.8785029194107916,-0.5228889218137416,-0.5886235730942444,-0.590382633454731,0.8145760544046936,-0.383695584687312,-0.6219774320547338,0.150317413569483,-0.9406136902615602,-0.5930605699953296,-0.5622476649949476,-0.4636281612252259,0.6894810919336684,-0.5241788010644393,-0.7576947490896339,-0.13716485335289103,-0.4912591197009054,-0.5173939556082405,-0.6633450149215351,-0.20235979000497706,0.4567378801796695,-0.5882498279891029,-0.5882498279891075,-0.30391077550248846,-0.7329937469214102,0.026947858916561315,-0.4319199246182867,-0.31050285446360776,-0.33263667951455245,-0.5412131408335455,-0.04371289581358485,-0.7063081866554677,-0.32617162629593616,-0.4378374382804172,0.038704914186063616,0.43106558316534177,-0.36293431904044665,-0.6848306476041869,-0.6848306476041891
wgsw_mix_wheat_0302.jpg,flowering,-0.43408021410566455,-0.8117557959531579,0.10037581478280472,-0.8266144348381395,-0.4485389868461969,-0.5658352512857715,-0.580745405346123,0.7881827887077629,-0.3812920217124579,-0.6120237805760322,0.13733679799921547,-0.9198163224367002,-0.4872796695925938,-0.5338842815017636,-0.4505197692994338,0.6612986904177156,-0.5165370335138467,-0.769897664988179,-0.0973122834630339,-0.3031739118360352,-0.5272437719705909,-0.6551155801222585,-0.14585204058796336,0.39602081728332406,-0.5597912661906485,-0.5597912661906473,-0.3176197270295572,-0.7741820525099326,0.11180632731353073,-0.6474716450327058,-0.16144127661116822,-0.24634460196684912,-0.4522016584846844,-0.10162293906034287,-0.647173159809685,-0.3221371974235747,-0.4523671614985794,0.03514039886826216,0.41185925499224946,-0.3543714794319071,-0.6013992086580994,-0.6013992086581001
wgsw_mix_wheat_0303.jpg,flowering,-0.43379879730894555,-0.8356248147514099,0.12365969494760573,-0.8120021464838963,-0.4098488642659906,-0.5091861900815532,-0.5802925100630678,0.7744315299777542,-0.3851094470958863,-0.6315719274256765,0.15764121187822264,-0.9134070659137776,-0.4274822633861675,-0.502304989183195,-0.4450634568692231,0.6457674616660278,-0.523015923638899,-0.7694652798481167,-0.10743693137863933,-0.20899685108865992,-0.4609609293716782,-0.6405819230736941,-0.16201536514397497,0.3967602290088087,-0.47951402020543166,-0.47951402020543543,-0.23915181327394894,-0.7445371204617892,-0.07461870610218499,-0.4319199246182867,-0.12012245327659477,-0.1971044899198678,-0.3896530492665731,-0.08191819844708245,-0.622927798802913,-0.344978889248184,-0.3952503185030814,0.030019545876488144,0.3968814805527389,-0.25256883075268827,-0.6159189189820502,-0.6159189189820525
wgsw_mix_wheat_0304.jpg,flowering,-0.43281383822189234,-0.8285350102377206,0.10690808284814887,-0.8719423153552249,-0.4023814233137277,-0.6227417211293518,-0.5935107733031272,0.8049758319555669,-0.38553360653840213,-0.6407559347870545,0.1583555584048951,-0.9360356524253414,-0.4491178143480701,-0.5936160339206349,-0.4641794883031322,0.678980427873601,-0.5246771783124087,-0.7654777337996548,-0.12556813070990944,-0.2903479008812279,-0.5562749621017349,-0.6664027271518694,-0.18883135133740642,0.4361603109524897,-0.6210652380107734,-0.6210652380107745,-0.2698834365318772,-0.7345425433712723,-0.228436304260269,-0.0008164837894485803,-0.27859844657238814,-0.3490500501968862,-0.45581023209341326,-0.08618755891328692,-0.7070227348965195,-0.3352039297415191,-0.5258508191536115,-0.001860274219351498,0.453891869487931,-0.4052199467369022,-0.6089094036532463,-0.6089094036532473
wgsw_mix_wheat_0305.jpg,flowering,-0.43492446449582156,-0.7889265987201263,0.05386070080737331,-0.8493976511499323,-0.3637995177001799,-0.5634533997059816,-0.5848004107684958,0.7849374139893631,-0.3810092487507808,-0.6210025718001044,0.12137900550668017,-0.9107910569795566,-0.42470683206122956,-0.5445864531339615,-0.4537516909255137,0.6602450113979268,-0.5201917915398295,-0.736267547284556,-0.16093286956094555,-0.2136608462147311,-0.49606488840780266,-0.658626300426201,-0.1722313216290545,0.41478035045663036,-0.5243802870147214,-0.5243802870147183,-0.38841139698536153,-0.735220141818087,0.2592078705826455,0.2147352366249705,-0.12326059175775354,-0.27689622264288083,-0.38905162033178503,-0.07102585571919223,-0.6773813026900725,-0.3238031556146503,-0.4243097649393865,0.018070888895686043,0.4163091162109534,-0.31536298788193234,-0.5861057206679818,-0.5861057206679825
wgsw_mix_wheat_0306.jpg,flowering,-0.43562800648761907,-0.8314654771464065,0.09273751548571259,-0.9076678418954609,-0.2733782757241583,-0.3981412498977176,-0.5582269768268491,0.7425360816943831,-0.38383697116815063,-0.6253637212600675,0.1238203578520812,-0.9333542295029404,-0.3582231750539687,-0.3993428752581309,-0.4204246134100011,0.6104034850023429,-0.5260061814872722,-0.7535630572648409,-0.17120119920863613,-0.0959843392188333,-0.31839715844552086,-0.5823340736165354,-0.0974372390877241,0.32885911353650127,-0.3314738795144489,-0.33147387951444696,-0.4221516061080083,-0.5920532699839517,0.20365584458901204,-0.4319199246182867,0.1481883868577964,-0.1195878778854898,-0.14727718854644542,0.03767862999730767,-0.5872743055338125,-0.26693978747834624,-0.3008906217415116,0.10080780782158442,0.3003756093620158,-0.11281483121590413,-0.6182402519805502,-0.6182402519805477
wgsw_mix_wheat_0307.jpg,flowering,-0.43408021410566455,-0.791573491932156,0.049014489458315394,-0.8956201668551347,-0.4071432637547157,-0.449318506914882,-0.5738676989515771,0.7766883378457959,-0.3832714276445915,-0.6000178562543849,0.08964245992632829,-0.9068670169366267,-0.5200168773335444,-0.43487616510353055,-0.44260148490296153,0.6482426038587034,-0.5228497978895759,-0.7094114460455906,-0.20049838799908853,-0.29196235698515843,-0.37401554789421687,-0.617403590911436,-0.15914704644900984,0.3973162825705613,-0.45837867137791505,-0.4583786713779195,-0.3811868309262587,-0.7134401917419001,-0.13712578236368322,0.2147352366249705,-0.13842826108305825,-0.26925831747387313,-0.4119059198538061,-0.07157320962511522,-0.637341961596574,-0.3566205248002676,-0.43716940502900936,0.025350532854575756,0.41801634538189486,-0.3411572207767672,-0.6769563219426085,-0.6769563219426113
wgsw_mix_wheat_0308.jpg,flowering,-0.43422092220548736,-0.7940312846689342,0.08325544930704122,-0.8778468687235413,-0.3365270198724968,-0.3976906274385897,-0.5617342837548851,0.7453364963867194,-0.3831300411637529,-0.6096123516253278,0.13042980963414838,-0.9277951949767883,-0.3928527192200681,-0.3939127003283824,-0.42589992572452684,0.614113438655828,-0.5256739299886258,-0.7383333931969526,-0.1282609541381778,-0.1441492061392951,-0.36357321721796476,-0.617969820247941,-0.10900079897773224,0.34096832583218734,-0.4340915600059442,-0.43409156000594507,-0.3269504746610919,-0.624190796318592,-0.09657221982820435,-0.21636820420386765,-0.010810629518179852,-0.21254280887850055,-0.2783886963305495,0.008176254468009212,-0.6119878188364459,-0.31760097391534875,-0.35483430679280226,0.05903771282986677,0.35749665203976794,-0.2092260623638236,-0.575045251675129,-0.5750452516751314
wgsw_mix_wheat_0309.jpg,flowering,-0.43450233900220636,-0.8310400909293503,0.08599466200372602,-0.8363360810654223,-0.4843611540743318,-0.4586526994142683,-0.5677378006537481,0.7776842507343202,-0.38440251709148854,-0.636856549503497,0.12000956104247607,-0.8790063947955554,-0.5316231206149095,-0.44035902792941345,-0.44197411698369965,0.6483294069398574,-0.5200256686102086,-0.763700127250995,-0.1647386413894996,-0.26523399852876434,-0.39971401596592193,-0.6021149477450837,-0.1546225193747958,0.392500340539669,-0.4384484082291603,-0.438448408229163,-0.23249185505193942,-0.7915334127372948,-0.06876780323490074,-0.21636820420386765,-0.1399973303236071,-0.19954211922911957,-0.3295101557876851,-0.00950327669333707,-0.5923993411937782,-0.29768976276419906,-0.3406386002003633,0.08725260872571376,0.33983157242377654,-0.16947757232914984,-0.6683537349481674,-0.6683537349481667
wgsw_mix_wheat_0310.jpg,flowering,-0.43590942328433807,-0.800506653834465,0.06508124115929677,-0.8995565357673477,-0.5536245389192958,-0.5047444400259123,-0.5764797642588084,0.8052098557428597,-0.3831300411637529,-0.6312640474847586,0.12614269556428082,-0.9497043697068833,-0.6266177650629181,-0.4817442249514223,-0.443704139058773,0.6723838954578086,-0.5221852977119855,-0.7602409939415898,-0.16908294670246354,-0.430268241825636,-0.48406737861381655,-0.6282000031155882,-0.17087619446494648,0.4262761101132216,-0.5812047117132639,-0.5812047117132615,-0.3013796107199648,-0.9338532865129118,-0.03367583941520049,-0.21636820420386765,-0.31625610834561996,-0.31086052435184613,-0.5225688438550419,-0.03944353534738039,-0.6765928356654608,-0.30792637333585915,-0.44401674585596035,0.04181758953400345,0.41101354424553327,-0.3454914976156575,-0.7170562115833631,-0.7170562115833621
wgsw_mix_wheat_0311.jpg,flowering,-0.4326731301220695,-0.7964417894508721,0.08362420268335467,-0.8785029194107916,-0.5228889218137416,-0.5886235730942444,-0.590382633454731,0.8145760544046936,-0.383695584687312,-0.6219774320547338,0.150317413569483,-0.9406136902615602,-0.5930605699953296,-0.5622476649949476,-0.4636281612252259,0.6894810919336684,-0.5241788010644393,-0.7576947490896339,-0.13716485335289103,-0.4912591197009054,-0.5173939556082405,-0.6633450149215351,-0.20235979000497706,0.4567378801796695,-0.5882498279891029,-0.5882498279891075,-0.30391077550248846,-0.7329937469214102,0.026947858916561315,-0.4319199246182867,-0.31050285446360776,-0.33263667951455245,-0.5412131408335455,-0.04371289581358485,-0.7063081866554677,-0.32617162629593616,-0.4378374382804172,0.038704914186063616,0.43106558316534177,-0.36293431904044665,-0.6848306476041869,-0.6848306476041891
wgsw_mix_wheat_0312.jpg,flowering,-0.43408021410566455,-0.8117557959531579,0.10037581478280472,-0.8266144348381395,-0.4485389868461969,-0.5658352512857715,-0.580745405346123,0.7881827887077629,-0.3812920217124579,-0.6120237805760322,0.13733679799921547,-0.9198163224367002,-0.4872796695925938,-0.5338842815017636,-0.4505197692994338,0.6612986904177156,-0.5165370335138467,-0.769897664988179,-0.0973122834630339,-0.3031739118360352,-0.5272437719705909,-0.6551155801222585,-0.14585204058796336,0.39602081728332406,-0.5597912661906485,-0.5597912661906473,-0.3176197270295572,-0.7741820525099326,0.11180632731353073,-0.6474716450327058,-0.16144127661116822,-0.24634460196684912,-0.4522016584846844,-0.10162293906034287,-0.647173159809685,-0.3221371974235747,-0.4523671614985794,0.03514039886826216,0.41185925499224946,-0.3543714794319071,-0.6013992086580994,-0.6013992086581001
wgsw_mix_wheat_0313.jpg,flowering,-0.43379879730894555,-0.8356248147514099,0.12365969494760573,-0.8120021464838963,-0.4098488642659906,-0.5091861900815532,-0.5802925100630678,0.7744315299777542,-0.3851094470958863,-0.6315719274256765,0.15764121187822264,-0.9134070659137776,-0.4274822633861675,-0.502304989183195,-0.4450634568692231,0.6457674616660278,-0.523015923638899,-0.7694652798481167,-0.10743693137863933,-0.20899685108865992,-0.4609609293716782,-0.6405819230736941,-0.16201536514397497,0.3967602290088087,-0.47951402020543166,-0.47951402020543543,-0.23915181327394894,-0.7445371204617892,-0.07461870610218499,-0.4319199246182867,-0.12012245327659477,-0.1971044899198678,-0.3896530492665731,-0.08191819844708245,-0.622927798802913,-0.344978889248184,-0.3952503185030814,0.030019545876488144,0.3968814805527389,-0.25256883075268827,-0.6159189189820502,-0.6159189189820525
wgsw_mix_wheat_0314.jpg,flowering,-0.43281383822189234,-0.8285350102377206,0.10690808284814887,-0.8719423153552249,-0.4023814233137277,-0.6227417211293518,-0.5935107733031272,0.8049758319555669,-0.38553360653840213,-0.6407559347870545,0.1583555584048951,-0.9360356524253414,-0.4491178143480701,-0.5936160339206349,-0.4641794883031322,0.678980427873601,-0.5246771783124087,-0.7654777337996548,-0.12556813070990944,-0.2903479008812279,-0.5562749621017349,-0.6664027271518694,-0.18883135133740642,0.4361603109524897,-0.6210652380107734,-0.6210652380107745,-0.2698834365318772,-0.7345425433712723,-0.228436304260269,-0.0008164837894485803,-0.27859844657238814,-0.3490500501968862,-0.45581023209341326,-0.08618755891328692,-0.7070227348965195,-0.3352039297415191,-0.5258508191536115,-0.001860274219351498,0.453891869487931,-0.4052199467369022,-0.6089094036532463,-0.6089094036532473
cosegppb_buckwheat_0001.jpg,fruiting,3.117118211141175,-0.2549694964777151,-1.6399088208102615,-0.5810089087998639,-0.5546526882749643,-0.6138581510890858,-0.7052076742786896,0.8366671653213216,3.297859111309287,-0.39258196254300315,-1.575076856473339,-0.5125672502610114,-0.6910198999669978,-0.7228855007312659,-0.7711765625619184,0.8978817424828223,2.0130544419082566,-0.22893286620370548,-1.233579714041895,-0.7351329933253451,-0.5102101720834353,-0.80211307085823,-1.0087130862514186,1.1313679706036586,1.0521498775009608,1.0521498775009606,-0.49028250207934476,-0.16744104327642306,3.1761066553501984,0.2147352366249705,-0.34397633159537616,-0.6890180845279059,-0.07209857169778257,-1.3967717512576687,-0.3574854470489087,-1.1440366674007456,-1.2017334612670239,-1.1867352885216453,1.0232369903194263,0.36099562712290145,-0.9222893584507436,-0.9222893584507458
cosegppb_buckwheat_0002.jpg,fruiting,3.1040323500957125,-0.24121522232325435,-1.6416471805349202,-0.5934740662237538,-0.5558972715639433,-0.6122488051433637,-0.7037120695266272,0.8359126222582564,3.268875084320566,-0.3707250505462725,-1.5722187588661405,-0.5314680031720533,-0.6930383144970275,-0.7171390266163733,-0.7716233386459715,0.8978094902071796,2.039634381338667,-0.22874070662788287,-1.2329334582599805,-0.715041881186622,-0.5290952484702812,-0.8049442995554306,-1.008547465413493,1.1308059379713502,1.0115477600165208,1.0115477600165188,-0.49028250207934476,-0.1819852099384101,3.2227344286607513,0.2147352366249705,-0.3309007545908029,-0.6695170500538533,-0.108785736719932,-1.4191037906193655,-0.3692878128235475,-1.1392595824673049,-1.2461576724857317,-1.2124399623627011,1.0333222885699884,0.3680784697620554,-0.9309829781117925,-0.9309829781117925
cosegppb_buckwheat_0003.jpg,fruiting,2.6608011585726263,-0.38735985336557993,-1.6665114241375951,-0.6260385667894599,-0.594749690203322,-0.6612372845425131,-0.7091152232942314,0.9057414374805567,2.9961410331450287,-0.5889354602855607,-1.6252125145506933,-0.5491261212015163,-0.7361202307428073,-0.7608966107005973,-0.7759389351955955,0.9649930680127455,1.7175172188536127,-0.4166850883676547,-1.2629845081251851,-0.7904732748368678,-0.5640511794904395,-0.8228376468785095,-1.0121384820675867,1.1821318740469853,0.8578529865251937,0.8578529865251978,-0.49028250207934476,-0.2119689412099608,3.3211475199784397,0.2147352366249705,-0.6096720563288526,-0.8627397999676112,-0.36439303400546963,-1.5094171850968197,-0.4553539164786788,-1.2322923079568089,-1.381100389270433,-1.2811698422228732,1.1605661886764143,0.15696747348750006,-0.9084523931263515,-0.9084523931263505
cosegppb_buckwheat_0004.jpg,fruiting,2.8275405727144727,-0.4340580693968636,-1.7326228272903759,-0.6367741242581131,-0.5889056213141514,-0.6690265357027633,-0.7133282111859965,0.9182018923613715,3.099635668340881,-0.6010953245776669,-1.7002374312055184,-0.5821533827449811,-0.7319571180157558,-0.768224695280118,-0.7779161313091749,0.9761866514663026,1.8268277588887618,-0.447480721855585,-1.300108509660753,-0.8241079393894981,-0.5542012826780781,-0.8261218836493179,-1.0156542202398964,1.192526288907073,0.7914805752949221,0.7914805752949237,-0.49028250207934476,-0.18239660899540475,3.2231113426932705,0.2147352366249705,-0.6619743643472675,-0.9444816361380257,-0.41010163304944147,-1.5473488107773559,-0.47440032304192503,-1.242047195678037,-1.4443965398414742,-1.3096357603241988,1.1996506713167194,0.012350626765608465,-0.9449109761027924,-0.9449109761027901
cosegppb_buckwheat_0005.jpg,fruiting,2.8206457796943525,-0.42517214410525705,-1.7143960872370727,-0.6325395328184031,-0.599403372459282,-0.6752707755948931,-0.7093469454084119,0.91334878471861,3.108118895587903,-0.6024292852050954,-1.6806475902397136,-0.564822281373228,-0.7494296247713179,-0.77107155975477,-0.7760149760369521,0.972600128783706,1.8233392647776654,-0.43888103285385666,-1.2930355774911684,-0.8077839077320154,-0.5661248589140964,-0.8257444110940961,-1.013960343996758,1.1890233507703827,0.7864748347831418,0.7864748347831433,-0.49028250207934476,-0.1763950227521888,3.2027089868882834,0.2147352366249705,-0.6117641486495845,-0.9387938344164192,-0.39085590713621987,-1.5339933754728066,-0.4833691354468701,-1.2274550076670618,-1.4814723852946943,-1.306874516063929,1.192655774019112,0.04216199429161025,-0.9345332521094983,-0.9345332521094963
cosegppb_buckwheat_0006.jpg,fruiting,2.851179557367644,-0.4434638541269369,-1.7208228623090533,-0.6364759017306165,-0.6026500578038362,-0.6911067564837546,-0.7165932813786633,0.9235529564483942,3.091859555882667,-0.6097149596939806,-1.687018754027914,-0.5728665146183073,-0.746906486697542,-0.7860440280989491,-0.7822222279166419,0.9825885041393911,1.8294857708779124,-0.45122809452872714,-1.2953692745923506,-0.8264399369525285,-0.5736788733788343,-0.8338983513823266,-1.01994537175358,1.1982311194273618,0.7389202999212294,0.7389202999212322,-0.49028250207934476,-0.19362538325690556,3.258926038666617,0.4302869570393896,-0.7707631650255604,-1.0200481447249834,-0.487685965637257,-1.566615668265878,-0.5040171156538529,-1.2539899080116417,-1.532576929027501,-1.3363445229871689,1.2385296541494115,-0.08363774810534737,-0.9277513184472141,-0.9277513184472155
cosegppb_buckwheat_0007.jpg,fruiting,4.228996060359471,-0.6009994398083607,-1.6008740670694432,-0.518921608998189,-0.3917754552019387,-0.5153660952960811,-0.6353141612194345,0.7344832497132543,4.36320402700816,-0.7609178975420995,-1.5257152139439234,-0.44540088474673123,-0.540012453642164,-0.693414984185903,-0.7370985146188548,0.8347322500673041,3.307835802649763,-0.6258166029150067,-1.2498079884573268,-0.6074109059019663,-0.4570357734483312,-0.7822944289704865,-1.0103166201384164,1.1225671773492252,0.9471220256519416,0.9471220256519438,-0.4909780459710581,0.5216765771341312,1.8079283187324842,0.8613903978682277,-0.6462836719417187,-0.8323506879122153,-0.3319158715268378,-1.4495914031793318,-0.2867205315901235,-0.98229822036851,-1.362896483169527,-1.2445708046640251,1.0002289157054873,0.039096286283623674,-0.9276602857806062,-0.9276602857806079
cosegppb_buckwheat_0008.jpg,fruiting,4.354226705065327,-0.6151317608808936,-1.57695808730893,-0.49297735051467967,-0.3730526855563314,-0.47925238346271726,-0.6284469808874503,0.7115462949734951,4.458498342307329,-0.7620979739340343,-1.5076139937801791,-0.4164284734614904,-0.5156014713553236,-0.6624683475070764,-0.7339140927035632,0.8151955357846771,3.480273992081452,-0.661848871883174,-1.2350876702007292,-0.5488417121825929,-0.42970795135090045,-0.7566246139144035,-1.0080355390253628,1.1070694264668304,1.0527987697895247,1.0527987697895236,-0.4909780459710581,0.6099821747208046,1.9198862229618527,1.0769421182826469,-0.482577447844157,-0.774010093110656,-0.2537301100041639,-1.4132471038259784,-0.2373181445793756,-0.9354908167349555,-1.3366761780517058,-1.2228322816695365,0.9407446252401813,0.15887032673383644,-0.9334863764435082,-0.9334863764435083
cosegppb_buckwheat_0009.jpg,fruiting,4.355492920933452,-0.6226942395664854,-1.585070547139262,-0.5028183051895824,-0.3743513479378309,-0.5083493497698911,-0.6281204898861039,0.7184526202836937,4.449590907621838,-0.764560734786545,-1.5075544217817143,-0.43624484459641694,-0.5245584299373427,-0.6761228739450907,-0.7369559328782995,0.8233796112569514,3.419804354674062,-0.6527206135756473,-1.23799582121934,-0.5597841585386555,-0.44925955605963525,-0.7629665629155464,-1.0096164852788256,1.1129121742146229,0.9651983108333703,0.9651983108333675,-0.4909780459710581,0.6115309711706668,1.9176611009590523,1.292493838697066,-0.56312300219245,-0.8373884551513356,-0.31868443496142757,-1.431473988893247,-0.2504017692690065,-0.964594905615167,-1.3406843775601731,-1.2489385910393578,0.974802266432715,0.07440478541016599,-0.9409510551053513,-0.9409510551053517
cosegppb_buckwheat_0010.jpg,fruiting,4.307792777770549,-0.6040716678933031,-1.5911285402227797,-0.5106313725930194,-0.37083409078582186,-0.4939939755425713,-0.6281204898861039,0.7177201153351268,4.418203243264546,-0.75306785080815,-1.5154141740310487,-0.4391224206780451,-0.5162322044832324,-0.6741194739641543,-0.7339996541391256,0.8211638748039096,3.3915629096163937,-0.6331190843076404,-1.247905141544607,-0.5782608632896866,-0.4361511120958268,-0.7578326081057952,-1.008396892093926,1.1115876107840093,1.0524279741960596,1.0524279741960592,-0.4909780459710581,0.593308412940257,1.9444116193506584,1.0769421182826469,-0.5092516249335475,-0.7553216017396877,-0.26696154656957416,-1.4161480795273758,-0.25306284547706676,-0.9389230920442767,-1.2762191687991682,-1.217611019795571,0.9430841615114719,0.1651074568190631,-0.9339870561098513,-0.9339870561098503
cosegppb_buckwheat_0011.jpg,fruiting,4.3592921799409,-0.564368731810155,-1.5483536635889514,-0.4645877709676939,-0.29848625787385225,-0.3484446694710867,-0.5933001147554414,0.6445556740683854,4.449025400095255,-0.7195641148625653,-1.4535484272372239,-0.39419226431263527,-0.449559361797961,-0.5720535696983939,-0.7073455838196221,0.7605838539409346,3.464325920146528,-0.613805742214462,-1.2098117368353931,-0.5240865562015704,-0.35957396683662807,-0.7134389240904588,-0.9910817045416234,1.0713675989646838,1.281023457567358,1.281023457567358,-0.4909780459710581,0.5817166395108198,1.9618106144104877,1.292493838697066,-0.22054288467196118,-0.4839322053090847,0.011500050237914564,-1.2762444211732034,-0.1423817868973781,-0.8628911688179051,-1.0718009938679018,-1.1213691062148976,0.7915438610741468,0.430555484683577,-0.9308464291118808,-0.9308464291118811
cosegppb_buckwheat_0012.jpg,fruiting,4.28218385225449,-0.6256719430858739,-1.5387135438992021,-0.4541504360265374,-0.2975122463923217,-0.3621562773485193,-0.5882129373679933,0.6536049436550505,4.431635045336839,-0.7929337328898025,-1.4603364009690964,-0.3828779710568497,-0.43997160156732196,-0.5813849969893912,-0.7060813273868926,0.7705867801021302,3.4041883312190127,-0.6861586238923557,-1.2016616986954323,-0.5019325549946311,-0.3555747969053022,-0.7187238679222979,-0.9937166231420608,1.081859671977194,1.2336543205021782,1.233654320502179,-0.4909780459710581,0.6218159475955328,1.902896488201887,1.292493838697066,-0.4083081704579982,-0.6402654983427748,-0.0137599650231889,-1.3084288308415368,-0.15184339119270382,-0.8896067152313938,-1.1588123248639648,-1.1744854048942692,0.8444126385020538,0.277904368699363,-0.9484612501004982,-0.9484612501004991
cosegppb_buckwheat_0013.jpg,fruiting,4.3301655465556115,-0.608561867149809,-1.549249223852656,-0.46273889495920356,-0.30292344741487137,-0.3542382869040886,-0.5772170234102196,0.6428424730246385,4.481120179241356,-0.785083686155853,-1.4569424141031637,-0.39327664608875074,-0.4494332151723763,-0.5703665261720491,-0.7021839761167754,0.764307856648017,3.377442187087559,-0.6477722696480551,-1.206616339357287,-0.5017531818089106,-0.3675723871492992,-0.7140051534269638,-0.9908257413475579,1.0769919113348123,1.3289487880227355,1.328948788022733,-0.4909780459710581,0.6233163441563369,1.9008077110457724,1.0769421182826469,-0.33299284691153463,-0.5183840328799194,-0.008948533544883506,-1.2987954020972756,-0.15068533025030678,-0.8490215650825751,-1.0980212989857228,-1.1213691062148976,0.7992975268921736,0.39831269356502125,-0.9446833944362728,-0.9446833944362709
cosegppb_buckwheat_0014.jpg,fruiting,4.335090398712845,-0.6197637726577993,-1.550250076824682,-0.4735341228488393,-0.3096333696005445,-0.3677568208197538,-0.5919835560392648,0.6589790952905963,4.435310997846703,-0.7755917988535631,-1.4702206309382992,-0.3974622888012107,-0.45883172120428645,-0.5866569936918407,-0.7076687883734595,0.7748521731246184,3.4126609812896715,-0.6595427482176298,-1.2207263222649938,-0.5221133537262092,-0.3741636563601939,-0.7226498695479975,-0.9938747202208071,1.0848810956317343,1.1940718908997676,1.1940718908997645,-0.4909780459710581,0.6067635820984347,1.9247515613740909,1.0769421182826469,-0.37954190104787633,-0.6828427569444491,-0.07570714530651176,-1.308647772403906,-0.18037604164579177,-0.8818790778390615,-1.1796883639705027,-1.1849279286421999,0.8545611674626518,0.2922814821161656,-0.938766271106763,-0.9387662711067628
cosegppf_sunflower_0001.jpg,fruiting,5.460897845286599,0.4518844859032517,-1.3615559870560716,-0.2989024484949436,-0.14074965401592787,0.048227218526655284,-0.18833695089462152,0.016762727672754038,4.890433052549799,0.4690746723766842,-1.0296576950318088,-0.21074380525045186,-0.28423334843996095,-0.39022225682110706,-0.5596265223701806,0.343270765890158,4.539655538234675,0.44487087663451935,-0.9641614117908477,-0.4115225260122679,-0.26463024549651504,-0.7415247275293342,-0.9948383502116412,0.861265849842921,1.193886493103035,1.1938864931030322,-0.4913241539363125,2.4082558527334426,0.4955711322063294,0.6458386774538086,0.44944968104377314,-0.07652309342196557,1.3917794555796648,-0.7605275710116279,0.13937197642825494,-0.5298199613156779,-0.27450330831083836,-0.8506667598262724,0.36098224493044057,0.5124838883454652,-0.5639392663489723,-0.5639392663489712
cosegppf_sunflower_0002.jpg,fruiting,5.002751474573472,-0.28673180426892314,-1.4990993369168288,-0.34065185304830214,-0.20833558770527918,-0.1376846153300575,-0.32991450602023037,0.3169454594069096,4.806167209128466,-0.30376885482194405,-1.3582191290443255,-0.2743784903234376,-0.3719740480116592,-0.5018832569363341,-0.6267560049418507,0.5794208060533228,4.1686974731218625,-0.2717392560143582,-1.1525818676905752,-0.49188697456715014,-0.3306168711634737,-0.7614565906799745,-1.0052575790425362,1.01088571284356,1.0102499754393925,1.0102499754393934,-0.4913241539363125,1.0493805675356112,1.3935351675045566,0.8613903978682277,-0.18706940754019274,-0.5304096708055804,0.505874634634851,-1.095453426046518,-0.03879693153918296,-0.7005706400080618,-0.9356892188932365,-1.0490747110369243,0.6714292235241529,0.08677333151137866,-0.862526412822695,-0.8625264128226942
cosegppf_sunflower_0003.jpg,fruiting,5.534207525368683,0.454294990685184,-1.3785184134693627,-0.2533360158713578,-0.11077161445858752,0.2217791020963064,-0.06511753535756022,-0.10371649598809354,5.002552215080787,0.5442399594727899,-1.1209975451015752,-0.1760815314626993,-0.25181147300262025,-0.3187867473184771,-0.5019457648765566,0.2769386610829642,4.703787462757884,0.4996880227678945,-1.0271716625398684,-0.3872158517117696,-0.2503368533549054,-0.7278970866279814,-0.9951394804947774,0.8546207108264497,1.2229012482916872,1.222901248291689,-0.4913241539363125,2.3300416320154027,0.5303186545531811,0.8613903978682277,0.5085512891045656,-0.05312185205309127,1.3893737398405117,-0.7248948317359806,0.16770751012519353,-0.4673565650431125,-0.2594725601541203,-0.8110554558016759,0.3107691573239981,0.5450438216717315,-0.6726777866120399,-0.672677786612041
cosegppf_sunflower_0004.jpg,fruiting,4.714861920169884,-0.23587430197677398,-1.5220671672837733,-0.4414467264961403,-0.2854993989323812,-0.3732285550778159,-0.5258501355887197,0.5190953118138808,4.632544725850075,-0.28935144581462674,-1.3963270324584736,-0.3482156972691048,-0.43063613458785227,-0.5924034678067331,-0.7028588850509221,0.6759056921434743,3.915854827055866,-0.19448599201945574,-1.1433188421487757,-0.5210370171794297,-0.3761632413258612,-0.7876549083207119,-1.0071622513906695,1.0197323456389271,1.0213738432433488,1.021373843243348,-0.4909780459710581,1.3296643250716078,1.1357008597825164,1.0769421182826469,-0.3199172699069005,-0.7031563345215851,0.3272502410024108,-1.2212900890184415,-0.1361726090785696,-0.8209210654740949,-1.1472887512771581,-1.13502471419296,0.8083237107496517,0.0360305782756247,-0.8552437994940677,-0.8552437994940659
cosegppf_sunflower_0005.jpg,fruiting,5.135017535017805,0.5585151786493937,-1.3981674634494683,-0.30850478627461375,-0.1831193885889332,-0.10787947806640294,-0.38577874560185266,0.1893720617456149,4.875163427809614,0.5450095478551539,-1.1441004199074483,-0.22192730605199362,-0.340750736819125,-0.48696347648828947,-0.629037374746879,0.4208832572320627,4.38133807133184,0.6015392781357155,-1.042717799741928,-0.44121068818169873,-0.29795682249093886,-0.7654580458093759,-0.996283795197892,0.869791605851757,1.201302404972339,1.2013024049723424,-0.4913241539363125,2.363510155299143,0.5146502791594616,1.292493838697066,0.2972499647102359,-0.14510173132238238,1.2847251051871582,-0.8367739701068396,0.09134940671057525,-0.5953744125451743,-0.38088760359777124,-0.9070463471768707,0.43177692865323464,0.5444095372562856,-0.6042212213229424,-0.6042212213229426
cosegppf_sunflower_0006.jpg,fruiting,4.634658364172356,-0.2803037230582385,-1.4844020771155941,-0.41466747085114475,-0.2829020153877584,-0.35449576547244216,-0.5318220514171563,0.523427375463858,4.628161658551386,-0.36292627997916366,-1.3443455156338515,-0.3173466177868649,-0.42073297353290695,-0.5764293567415396,-0.7062239091274479,0.6760070460301397,3.9210044658719694,-0.24594008463133965,-1.115781013546739,-0.4924250941243012,-0.3881608315698582,-0.7842951770388572,-1.006680436395252,1.01951988933182,1.0600292838620962,1.0600292838621015,-0.4909780459710581,1.4005701625418607,1.079086948727266,0.6458386774538086,-0.3000423928599493,-0.7455710845026613,0.30980880189348353,-1.2652973430547272,-0.13814377664009728,-0.8371792116761454,-1.156975233422593,-1.1897977594284896,0.8356551851622244,-0.002343628858904621,-0.8400868605038619,-0.8400868605038598
cosegppf_sunflower_0007.jpg,fruiting,4.990369338522787,0.4703178544129012,-1.322257829871561,-0.2646679536062647,-0.19253491128588113,-0.13002403352498101,-0.40084016816181534,0.2094933849996937,4.808994439587295,0.42351368020763996,-1.0741963342326226,-0.19655186486879156,-0.3366506631445067,-0.4863308781180014,-0.6349974732401125,0.4340472204526249,4.2941222897929965,0.5082396979701256,-1.0115178420418651,-0.41331635530191896,-0.3071401105314003,-0.7650428054949588,-0.9958320915951887,0.8774743129121294,1.206215446585753,1.2062154465857569,-0.4913241539363125,2.37135093732657,0.5108443984400717,0.8613903978682277,0.317124841757248,-0.2273310933546472,1.2143579198168009,-0.8587228617343903,0.07294362960482643,-0.6265659671105878,-0.3970874099444534,-0.9222080883878041,0.46545518558555754,0.4836239474426314,-0.536356368366796,-0.536356368366794
wgsm_maize_0001.jpg,fruiting,0.6535957338728141,1.42961640161912,-0.2545713984991624,1.854231546487709,2.488229835532256,1.7223986035429442,0.6469832281622482,-1.4741209653161786,0.3242250201938255,0.4238214486786332,0.4661364553237381,1.2493884842229663,2.5490800233210265,1.564371666001144,-0.193456291008923,-0.6294686456138339,0.9139687401576807,0.2934393193692106,-0.09598389046774293,1.7266569023520475,3.2714696772381515,0.8500797515397929,-0.7269196820050083,0.009621389547318369,1.7000224781830389,1.7000224781830429,-0.583032757169864,4.2397560545845305,0.22317119517293865,1.508045559111485,-0.3204402929870834,0.3997896736068417,0.0421729259121821,0.1586438432065117,1.823783936941321,2.0842691583340436,0.8280855731403082,-0.1401735094383227,-1.5203210707371049,0.7940004547346242,-0.07432006899869227,-0.07432006899869034
wgsm_maize_0002.jpg,fruiting,0.23484749258905663,0.9312972683879823,-0.05702739937189272,0.9877532815876072,1.7485722175639202,1.88777508802881,-0.3399203522631726,-0.4997660752244449,0.061529495550471665,-0.3454305174423961,0.9034244189974968,0.9546936897557324,1.0277777566680408,1.9021487283864593,-0.41801018245862304,-0.23002495023484787,0.5888613367424668,0.11894683858193111,-0.031142555668926587,1.1954082833087667,1.5143436605240164,1.330596204245622,-0.7840974385329007,0.17186625933031563,1.3991218540860255,1.3991218540860284,0.5975763927029396,-0.16470644954463515,-0.7246879738266775,0.8613903978682277,-0.6577901797058039,-0.20799256750121176,-0.06608428234990098,-0.43238890441020683,1.739639721658676,1.2046030898760127,0.23503905420165927,-0.6784153224265375,-0.8763795197419689,0.30813859250232845,1.6689099802081844,1.6689099802081866
wgsm_maize_0003.jpg,fruiting,0.4502720967506414,1.3590017761464566,-0.18398225125213968,1.3967777555093857,2.593098836108796,1.2319982929827777,0.31648463444147557,-1.1244647654010944,0.21309549583436072,0.1696958740430499,0.7237814030968289,1.1000790580873518,1.939688629570537,2.006586905175533,-0.3847116047695836,-0.44840644986097317,0.8285803080249073,0.42791177638421046,-0.10075892896449777,1.5633267530357224,2.7506862000692593,1.0373938946359775,-0.7929131252987986,0.06985135749566261,1.6352259482249942,1.6352259482249925,-0.49352630085913146,0.28797771281664547,1.2212359280127123,-0.6474716450327058,-0.4276600244248277,0.1859283288746952,0.049991502064498566,-0.09576625226695584,1.7498897929786106,1.840979047080911,0.5161140447321454,-0.34304965590650444,-1.3023173902143754,0.7520319692458911,1.007512140968906,1.0075121409689034
wgsm_maize_0004.jpg,fruiting,0.4219896582276864,1.2198525790846917,-0.3228426183313782,1.2863806090706098,2.4799505615943866,1.231419001168476,0.1803945445563113,-0.9534935978392834,0.19103924322044408,0.19032148921597628,0.4437479917263976,0.9973347295172035,1.699994418242486,2.0650008302271474,-0.4118219201372253,-0.3648908472486799,0.5262321209879983,0.19509515892138396,-0.09321930417654198,1.4111187155586127,2.43726809086567,1.1338444681294173,-0.8056360310542805,0.13590055551427643,1.5035935125448467,1.5035935125448487,-0.2888582953099424,0.4827388663868148,-0.016032587975679864,0.8613903978682277,-0.23780264631799783,0.2705953202162122,0.29357022065420246,0.05371609944088543,2.065424440389898,1.2060081148564359,0.9516717246510353,-0.3231184927914669,-1.2005317547357404,0.6384950588809051,0.5330498826088318,0.5330498826088339
wgsm_maize_0005.jpg,fruiting,0.2819848391770588,1.2352609561201064,-0.015727479019024264,1.0286080185584832,1.871893709886733,1.852948769037222,-0.298411877160528,-0.6047808391115368,0.07043681504567859,-0.11757428043035324,1.1102788371422385,0.9873939346414874,1.0774199141304852,2.0048472882919675,-0.4289797656678933,-0.3026214276906435,1.2297731918414057,0.2035988203241178,0.010182244954522001,1.2737096966467063,1.634393416071935,1.3321817119995802,-0.7886596171150062,0.12197968483997713,1.5518896385936898,1.5518896385936882,-0.4953146891984452,-0.02502436972268969,1.3164868236717988,0.4302869570393896,-0.389479339571413,0.047796001350141955,0.3236416673936816,-0.2274596020322665,2.101324329604192,1.0954727924679373,0.6862955155286755,-0.5316175366623799,-1.0568873892140196,0.46575826974087864,1.8838381060693001,1.883838106069301
wgsm_maize_0006.jpg,fruiting,0.22387227155019745,0.6296496122163854,-0.21622150515681318,0.7767997490187609,1.3952206026902232,2.0868833628392505,-0.39091857618485015,-0.33902164222392944,0.041028503824960295,-0.39176109799379827,0.5335396166546974,0.6825619790065705,0.8431502132646,1.6064949517246114,-0.38235417347115086,-0.1130720983093406,0.2330207712120637,-0.2193722749450248,-0.08061727742767377,0.9406816012048808,1.2681709782731616,1.028786946274139,-0.7359762599126168,0.2769544034309991,1.2599808076382077,1.259980807638208,0.6127573709923415,-0.18046061343307704,-0.7240735265145286,0.2147352366249705,-0.8973347504300732,-0.5518608087270532,-0.4906931103111981,-0.8358982038573631,1.281565019954535,1.248620515334153,-0.38589785298335055,-0.9344579720151865,-0.5721686699254458,0.031062017021301333,1.090624965581866,1.0906249655818658
wgsm_maize_0007.jpg,fruiting,0.3448814833920445,0.8911217094770754,-0.17808242612829922,1.1447309338631633,2.25219317168815,1.435870410810797,-0.013603168246484264,-0.752868573068799,0.1506028056927756,-0.10136109088423648,0.4958487172298105,0.9291873850740479,1.3737577289839888,2.1980659445289676,-0.4518695871677269,-0.2710757830939076,0.3508036906261687,-0.02489405011591558,-0.06166033715405992,1.2674313428491923,1.935369448733591,1.3069270962505695,-0.8026472667884608,0.18264532772953684,1.508877349751726,1.5088773497517276,-0.49228471967072907,0.21758007418150355,1.2284322080272663,0.2147352366249705,-0.3350849392322663,0.114587044423774,0.15704585245700514,-0.11913826404991221,2.035265576698549,1.1579361887405002,0.7629523311278951,-0.4251339170981584,-1.1055592282633622,0.5640723541351345,0.35153074539279416,0.3515307453927916
wgsm_maize_0008.jpg,fruiting,0.344037212104318,0.8681507510677821,-0.10048696473129766,1.223637129004227,2.4081981865163304,1.2972733757299164,0.09337521924145371,-0.85242628003247,0.1368883266507115,-0.11557328375425412,0.5244295639380888,1.0323240199626582,1.4895678685465434,2.230225261860591,-0.45384677295528075,-0.29937408930203707,0.30179667352791456,0.019209442926009592,-0.02658280576095764,1.3182870024203535,2.0979293106664185,1.2882787628097025,-0.8096636956147212,0.1658118524848245,1.4914499568588613,1.491449956858856,-0.4913440206081908,0.12075609612058812,1.428110775037222,0.2147352366249705,-0.4501500168727545,0.13262550131227535,0.16065442606573405,-0.14130609723983206,2.065547638362493,1.1613684640498214,0.7520967907924966,-0.4324637654981437,-1.1056777858446774,0.49366678402054404,0.4017352610270192,0.4017352610270184
wgsm_maize_0009.jpg,fruiting,0.3545903357120101,1.0220468072385198,-0.17565909155657208,1.240515889130795,2.4090098431570643,1.268884720237207,0.026251708193333056,-0.817617602899211,0.15187527442112575,-0.031223877826845388,0.5809364181445774,0.972482600239424,1.4968850580374127,2.2140929152986506,-0.4555577951460402,-0.30957871973273504,0.3594421844756392,0.05999800062376299,-0.022274381879460136,1.3490515011365638,2.079192181845528,1.2949226078403455,-0.8098669679605366,0.15689626107570603,1.562735409702547,1.5627354097025445,-0.4909225347724371,0.16661499100322613,1.3563282356570088,-0.0008164837894485803,-0.4177225859013521,0.18316568232420988,0.05961436502110935,-0.09806513867183834,2.066952095250081,1.1907937014969863,0.7746429130275538,-0.41187994464886213,-1.1309700698586262,0.5081496115065749,0.4477522739972835,0.4477522739972826
wgsm_maize_0010.jpg,fruiting,0.3382681650847502,0.907428198245587,-0.120504710863417,1.2068182336648385,2.24813465335799,1.4463633967257838,-0.034752407736776104,-0.7567325891441904,0.13151565957725572,-0.07175679595716879,0.6207116260152544,1.005575293532126,1.3683330814804082,2.1704407642761376,-0.45182204615284227,-0.29346295000102157,0.33751363068041534,0.051878762750508116,-0.01398077901208508,1.3562268182951471,1.9746950219750317,1.2643831302741761,-0.80705134829182,0.16742301269744383,1.5222259911164733,1.5222259911164686,-0.4920356399703655,0.25070979824183676,1.1845553200157113,-0.0008164837894485803,-0.5144818557353766,0.01968200998338081,0.04758578632527559,-0.2235733893002081,2.07656153711252,1.0802985226793567,0.5399962334700191,-0.507670018259674,-1.032164181590385,0.4479983061083661,0.2966380474282652,0.2966380474282654
wgsm_maize_0011.jpg,fruiting,0.35895231486896734,1.1789680602600665,-0.21527341298753785,1.2006153605859269,2.2672904084334724,1.3906157202977973,0.017794154222119368,-0.820628953830318,0.13095011365391784,0.04455716915109655,0.7038937991614871,0.9787610643081025,1.3719915391844173,2.1513560629083743,-0.44161287135713584,-0.3224757509349507,0.8192772660628702,0.09353209072839136,-0.023889982332685213,1.3667208804031523,1.9621049174171332,1.2582676237988268,-0.8114479060360009,0.15198863996294767,1.5456788124031475,1.5456788124031484,-0.49185673748716785,0.19117793470025918,1.2627147381816917,-0.0008164837894485803,-0.2733682157705588,0.2597072426348682,0.2340287561100323,-0.10173240984152765,2.1115744009241264,1.1577153991007196,0.8993981227282648,-0.4045500962488707,-1.1570211223929936,0.6424064794428314,0.6237184185502427,0.623718418550242
wgsm_maize_0012.jpg,fruiting,0.474192479691263,1.3354163310448608,-0.24951437283626965,1.4082290340862718,2.4991603957623894,1.326177268075323,0.21337169171883716,-1.0380921475116272,0.21083331214095966,0.2621518190085545,0.5490210918869636,1.0845136903698762,1.7918351914888029,2.044861683703328,-0.3715366306404965,-0.4367221530353431,0.7936940134554875,0.2786901064297955,-0.05268451907019849,1.512381455587934,2.6118993157004504,1.0996810900037444,-0.7881551981300562,0.08210366888000037,1.6655384879907749,1.665538487990775,-0.2888582953099424,0.47090509351208654,-0.009038859606033192,1.0769421182826469,-0.2765063542516565,0.1805655443943413,0.0012757583465156815,-0.12778645576350592,1.7616921587532492,1.865406409954855,0.5127738784750857,-0.3301973189859734,-1.3154772817403824,0.7671490811473799,0.8869848903801227,0.8869848903801214
wgsm_maize_0013.jpg,fruiting,0.24708915877220186,0.5813444272265684,-0.09421815733394533,0.9590058738808609,1.7545787588571413,2.0377660742269286,-0.3366974092034936,-0.4563084875845758,0.050925538285218126,-0.4071020353539388,0.5741484444127117,0.840177329862099,1.0757798024357879,1.8066200748331729,-0.3728199076095899,-0.19498610881155484,0.21574369328257462,-0.3185812056729758,0.012444023186551674,1.1882327712852285,1.5749238042578682,1.1365247078045257,-0.7290727856100293,0.2133362955006498,1.6339281636478662,1.6339281636478669,0.6127573709923415,-0.17317643012981895,-0.7237130898928917,-0.0008164837894485803,-0.22786520779452196,0.12807525993500526,0.20636302510970586,-0.21552728688312292,2.0597573336505106,1.06964040461357,0.7287156269931594,-0.48126248224327833,-1.0672809371760017,0.6989635064868364,0.6783380185149481,0.6783380185149454
wgsm_maize_0014.jpg,fruiting,0.5104952279587305,1.8611020973762493,-0.00945867162167236,1.6662996527597045,2.651431601942002,1.4204851922390467,0.5166332290189872,-1.4406408716569679,0.23416203348322648,0.3472195371514806,1.1512447087998503,1.406088216854618,2.314873498548996,1.8809024488104609,-0.2687987214003341,-0.6737597923347015,1.663858725889624,0.7747346556917227,-0.004502308875280479,1.773296853612728,3.149864662122488,0.9678588981492079,-0.7497832412297886,-0.08234827514774534,1.8822685123711866,1.88226851237119,-0.4967634546602857,0.8763509641525706,0.6528923112124276,-1.078575085861544,-0.10809292243238748,0.5390595614757127,0.43971745180801086,0.28278370907006756,2.085727466273615,2.146672339250303,1.0991400648996552,-0.0616035591233738,-1.7063853388534707,1.0499342163674301,1.8719583430769768,1.8719583430769755
wgsm_maize_0015.jpg,fruiting,0.4452065454496908,1.2333232281983582,-0.24171790557949455,1.4175332141271777,2.5882829753569117,1.3322286437926758,0.2937028484134782,-1.0932336088547474,0.2138024186393565,0.18626821969692545,0.4987663868354807,1.0880452997669166,1.8840544731325768,2.0996905410399305,-0.39147015274910635,-0.4234212115422084,0.5632780841350841,0.24890338899831488,-0.06819465783612065,1.5524739445562763,2.704399126676982,1.1298052452408212,-0.7861903193524936,0.08029201050138708,1.7932775699395376,1.7932775699395425,-0.2888582953099424,0.5048576156864091,-0.028707993476571263,1.723597279525904,-0.14313546880470474,0.3726507339637818,0.11374296915211575,-0.018753557703452124,1.8454667801181055,1.9095442661256026,0.761449256312227,-0.2569490394271817,-1.4343352089284331,1.0710770302156642,0.686439925843046,0.6864399258430477
wgsm_maize_0016.jpg,fruiting,0.3184282865882596,0.927185218737825,0.16269444868842362,1.188209873583033,2.12584136917247,1.829130393097328,-0.2604738882440295,-0.6631146787548582,0.08457546312943928,-0.25466768921207866,0.7771920657478488,1.2069435265764763,1.3166095389562045,2.3036114834480297,-0.4336185874234032,-0.3326593077852529,0.7197682016318303,0.2722522909394585,0.05466632761528095,1.381520093833321,1.8014707068919962,1.4567557746764017,-0.7770283106803909,0.07667985467586594,1.8150618110556185,1.8150618110556207,-0.49506210837779535,0.07867239258448916,1.3764303987511994,0.6458386774538086,-0.24721706176135141,0.16138952716150354,0.28695450237153247,-0.22258815226954023,1.841869399318322,1.7562359689759097,0.46233736799368713,-0.45329860855290977,-1.2763216645512887,0.905000227437828,2.413557193060335,2.413557193060333
wgsm_maize_0017.jpg,fruiting,0.24990329449742296,0.8512297756069628,0.02051541567095143,1.0579518713202085,1.872867603805022,1.911786468001464,-0.3260912112706654,-0.5378432146246258,0.0698712691223242,-0.31700613170236686,0.7676652030875749,1.0752267867210867,1.1350726906606008,1.9989952665764568,-0.41274399278385127,-0.2608275002466755,0.4763944413066632,0.09747162297735608,0.014454631398333372,1.3332654916037654,1.6359486756396797,1.342147643574898,-0.7791287152591633,0.1472639784092176,1.5618084207188838,1.5618084207188836,0.5975763927029396,-0.16277045398230744,-0.7250236953771405,0.4302869570393896,-0.41301537817964473,0.053646311692365216,0.15524156565264055,-0.23501308593401465,2.089300207478882,1.0827874240732525,0.6720998089362173,-0.538947385062365,-1.0485883585219424,0.542718112148431,1.900724665725055,1.9007246657250527
wgsm_maize_0018.jpg,fruiting,0.22133953411241017,0.6848556552770653,-0.06556114448409635,0.9792840987081878,1.7372628685596794,2.0201920780371556,-0.35267519415761656,-0.4622031584958941,0.045694248093403764,-0.3348611618168242,0.5877838991930474,0.9271600665113054,1.0428534090168262,1.9109001879338554,-0.3922686435394932,-0.2118740747391993,0.25877022852052844,-0.0671719749985976,-0.011503400178826364,1.1901163358839735,1.529081136713524,1.3037938074945132,-0.7646215990824008,0.19076929019697741,1.5626427108041805,1.5626427108041785,-0.49506210837779535,1.237268936859517,0.29479206399011876,0.6458386774538086,-0.29847332361933937,0.08923569960751726,0.17990015197895592,-0.26281866435495244,2.049408703952498,1.0215684784976335,0.7176930783449078,-0.5305130389582683,-1.020766846106599,0.6206293811791519,1.5765118236012245,1.5765118236012223
wgsm_maize_0019.jpg,fruiting,0.4042604197377996,1.0222359590579095,-0.32205246522458764,1.463934643912257,2.7033251937418554,1.317165098608875,0.22305100119494495,-1.015344615613152,0.19697745621725415,0.14127159977295167,0.33329465029202293,1.362858362394233,2.000810746647354,1.9944086706793314,-0.37970207874945044,-0.43438398911524023,0.33435727527976056,0.23016652563260456,0.09846835106576886,1.5654794261292813,2.7156563354911247,1.0195383150720896,-0.8008404850896439,0.09001597224974156,1.4926550425376233,1.4926550425376262,-0.2883941431007777,0.5160379900588516,-0.034030699614852514,1.939148999940323,-0.3784958548875103,0.2397186822989657,0.2274130378273623,0.08371109348551471,2.1571083715953785,1.2501660428126187,0.9887475701042555,-0.3174955953887357,-1.244342732951152,0.5654466370352789,0.2464790481273441,0.24647904812734237
wgsm_maize_0020.jpg,fruiting,0.40454181802524974,1.0150516813228094,-0.23987413869792126,1.4808730096710891,2.598997219216977,1.3888132304613088,0.306152251431699,-1.0815276970369978,0.20136044672239836,0.10951225672939491,0.3545516986915616,1.3947083497611095,2.0338004532015854,2.040011419247739,-0.3781621381257184,-0.4474179985900284,0.3094384805543768,0.32548393791108804,0.02838520714872066,1.6461129831789671,2.729060915936867,1.0678201919465902,-0.795713664737161,0.07326261655048603,1.5244507646772645,1.5244507646772663,-0.2888582953099424,0.5142713941082276,-0.03345973490231131,1.723597279525904,-0.3701274856045836,0.31252254433543747,0.24244876119706688,0.11803018338695347,2.2445296529490593,1.2519524317163016,1.018809066417672,-0.30248446750108365,-1.2890310372682974,0.6100579742550348,0.4731959043141754,0.4731959043141746
wgsm_maize_0021.jpg,fruiting,0.4485835541751883,1.3175974492275084,-0.3422810256705478,1.2284086894441235,2.4051678763234623,1.1548140222656962,0.19860518197253615,-0.9540445507017442,0.19853271710565942,0.30324910938394234,0.4523817271827303,0.9142760506719845,1.622598358654913,1.9767474588183458,-0.4124207882300151,-0.3516471054737623,0.7478433517578882,0.21844406086253265,-0.10653942757336707,1.323220008608762,2.388018848153913,1.0551362939443043,-0.810514403793879,0.1526937716839085,1.32783640124234,1.3278364012423398,-0.28730596403262504,0.35501155916224303,0.06395280764174227,0.8613903978682277,-0.5301725481408647,0.10922425994342011,0.08126580667348392,-0.08607808813210258,1.9913085400765171,1.114300127205617,0.6989881473054461,-0.4397434094570391,-1.0570217544728437,0.3969384106648892,0.5778834709131941,0.5778834709131933
wgsm_maize_0022.jpg,fruiting,0.4366233627048856,1.293397517433616,-0.1485823849203101,1.4126424424227664,2.5787050978191672,1.2240160377897518,0.2800949377967068,-1.0913168176103958,0.2167715251377533,0.14506837698785027,0.6769206849112795,1.2382703441264158,1.8923805615452576,1.9899801384705977,-0.39318117493986576,-0.440583134014998,0.7521625986826137,0.44487087663451935,-0.07451368992939986,1.5395582957248524,2.712397788339677,1.0191231567723527,-0.8040550602668208,0.08201757026398707,1.47068540362481,1.4706854036248151,-0.2888582953099424,0.5056562138558692,-0.028679649465403374,1.723597279525904,-0.35234470087830294,0.2549944926369817,0.2346301850448207,0.09471290699458926,2.202519144294036,1.2799124288267396,0.9752198967632248,-0.3043922362627266,-1.2718243803000584,0.5247467203774372,0.9247179306890734,0.924717930689073
wgsm_maize_0023.jpg,fruiting,0.4131250771954474,1.0215742357549047,-0.2751687123214356,1.3844318741387494,2.5379588528724955,1.2978529472602076,0.20199658779867966,-0.9719547164678138,0.18453548430029607,0.08119064626290902,0.2725601893322639,1.1367033607770942,1.8809636409833255,2.124257990694668,-0.4054340764223258,-0.37750589387512345,0.38768353930274013,0.17275506865886223,-0.06241431523347482,1.5288849578636041,2.5233248215472868,1.1616284165461241,-0.7943359662955165,0.11141307274786282,1.5682973436045249,1.5682973436045218,-0.2888582953099424,0.5014938233968647,-0.02637820696110651,1.939148999940323,-0.41196933201927877,0.2558070357400652,0.20876874084885885,-0.0011834973232906143,2.1519094171518534,1.2269831306356243,0.8888765990185499,-0.35268890859689794,-1.2143871840721312,0.6100579742550348,0.7071043411630263,0.7071043411630273
wgsm_maize_0024.jpg,fruiting,0.1713880135864826,0.40301205083184083,-0.1500573984255695,0.9000200106186453,1.4326661419814504,2.1873710523595107,-0.39130831509253966,-0.3418141861610877,-0.026412722745139946,-0.4878084925669768,0.4118921727853808,0.7889032776787578,0.9604112103231239,1.5965307542549647,-0.353295130838331,-0.12722501455276172,0.09546892146510737,-0.3710442143413094,-0.011862370499688715,1.072350093578982,1.3282330239511275,0.9928115358540384,-0.7137525800500031,0.264295116644117,1.441763347334524,1.4417633473345248,0.614219990163081,-0.18592980089665287,-0.7205257596084733,0.8613903978682277,-0.6604052951067187,-0.27397106747176,-0.23869438663445933,-0.6204049710950927,1.6115384697539996,1.0573765437130118,0.05750921763962186,-0.781133608908569,-0.7164453425475148,0.2596158347206462,1.0481127102760037,1.0481127102760015
wgsm_maize_0025.jpg,fruiting,0.4540712029073222,1.181047703390502,-0.23413225263655982,1.5025230710826316,2.605057604476216,1.3241174395284792,0.2909960027777096,-1.0966526649040753,0.20941942813419578,0.161281455064042,0.45178639528926595,1.1884350799838885,2.0694391703723407,2.0223502073867534,-0.36986364952246364,-0.45209482818214836,0.5333754943723888,0.32514763255893997,-0.07379559328144704,1.6249455832097137,2.818894613625843,1.0650644987677715,-0.7845717297691388,0.06822305728078136,1.7668583839051417,1.7668583839051364,-0.2888582953099424,0.5221847759692422,-0.038163736312573686,1.939148999940323,-0.1535959304084243,0.31902288916012844,0.08667866708664769,-0.016016788173831415,1.8138541803501336,1.918195205647926,0.7200311947248361,-0.24274118259706703,-1.4168677252812998,0.9602886856509417,0.8226703114216821,0.8226703114216817
wgsm_maize_0026.jpg,fruiting,0.4571668133453859,1.0539982668491177,-0.319997998477773,1.3686267928576326,2.555220428950942,1.33158473758479,0.22819092330891988,-0.9962045131712652,0.21309549583436072,0.1303944756763865,0.31537208144181245,1.0212060219545929,1.7943583980832822,2.1334314115667286,-0.39169831657727183,-0.38010446703868844,0.3742273648864919,0.10294853621074117,-0.10316454493483201,1.4683423668039148,2.615454240683864,1.172802260298158,-0.7851739903354102,0.11477849226175324,1.8045868355402264,1.804586835540229,-0.2888582953099424,0.5147795929433386,-0.033982173970817944,2.3702524407691614,-0.20589823842677824,0.3420991132877498,0.025332915738112922,-0.0951641629704407,1.7438038131323998,1.8710265098765506,0.6547309443995707,-0.29033499275589875,-1.3593040676333032,1.0401028079280112,0.5074241869587242,0.5074241869587265
wgsm_maize_0027.jpg,fruiting,0.43803043056749613,1.2886709810911563,-0.27343023814818396,1.3079710648498952,2.5094958508483414,1.1838468636822808,0.2161416937299715,-0.9993139861835914,0.19726024837730927,0.2497867943141079,0.526573120973026,1.0361173563566564,1.7174038859456076,2.0587270762647765,-0.4175063550915051,-0.3847085426032516,0.6176010349810913,0.2709550833303638,-0.07875019494174884,1.4629609763674598,2.4713351297399595,1.112478168261587,-0.8111844109047576,0.12290285333389757,1.4669774476901578,1.46697744769016,-0.2888582953099424,0.49355624159132094,-0.021960067486852194,1.292493838697066,-0.4611335015565961,0.18706588921901288,0.09329438536931768,-0.01705676059508523,2.109011883094142,1.176964241332528,0.8237433570061368,-0.3752809070900141,-1.1577640832359037,0.49461821064371203,0.560632780591008,0.5606327805910059
wgsm_maize_0028.jpg,fruiting,0.20726870263548736,0.5864962984419411,-0.19467609916526465,0.8841551941278065,1.5376976149620292,2.108641910232292,-0.361238054519929,-0.3916045834171843,0.0247690873261958,-0.353537056480492,0.4817369451892052,0.7779160010806822,0.9395957152085701,1.7423543571438564,-0.37530092076426297,-0.15685095632582513,0.2238838437205409,-0.22014101762614882,-0.06550199041407605,1.1171066751058618,1.429101405730244,1.1725002822539823,-0.7409750782230692,0.23319119439990313,1.5285295162053818,1.5285295162053856,0.6127573709923415,-0.17254723157206245,-0.7257478750928538,0.2147352366249705,-0.4883307017261692,-0.1516020761470727,-0.13524860985068193,-0.46895214532592305,1.6884386442480366,1.182925561606612,0.3055165622253361,-0.6741479449333905,-0.8681358159211724,0.48996679159709916,1.274829566462835,1.2748295664628337
wgsm_maize_0029.jpg,fruiting,0.20614303306032714,0.6728029259908247,-0.06013536544489055,1.0262821031257179,1.7412129935783158,2.0856604445330524,-0.3364130224523923,-0.48606781291263484,0.040462957901605846,-0.3575390498326963,0.5856403421581103,0.9476303288731514,1.1083276874572985,1.8936080204235954,-0.37184083531001866,-0.23105002939552816,0.23219010862900222,-0.06505801090887584,0.02325104232487565,1.2791809198247428,1.5874398948077795,1.308776855296848,-0.7537356354864425,0.16662580328991322,1.690845287244775,1.6908452872447766,0.5975763927029396,-0.008762006999136788,-0.7756688314931285,0.4302869570393896,-0.1996219614645829,0.16073949267903648,0.21959446167511612,-0.17567992253185677,2.115344258885546,1.0929638192886089,0.8269165149503441,-0.4699162785556247,-1.1087286676038608,0.6997035049715229,1.786342120132301,1.7863421201323033
wgsm_maize_0030.jpg,fruiting,0.49375095990030354,1.5872936457885185,-0.0836298310263276,1.5417674193627915,2.6410963819825333,1.3091182290222654,0.4326473318722233,-1.2949531933119873,0.2249719218279645,0.2540452799704586,0.9627894354930517,1.2538355697553984,2.194080258932752,1.873574478769848,-0.3032759940865418,-0.5795408178890101,1.1553490366062638,0.5693504094396903,-0.04202118166395534,1.7066553793737123,3.0094488259779992,0.9734081752880477,-0.770305504734086,-0.004379600672437765,1.8044014377434938,1.8044014377434971,-0.4979523343161505,0.4863446581216502,1.0241329241702632,-1.078575085861544,-0.21688172311068066,0.42367844083754724,0.31221451763263625,0.15990275719013416,1.914309807204404,2.008718957958102,0.9376430263714484,-0.18370075986839005,-1.5379861503530974,0.9757229397601533,1.289258244120178,1.2892582441201788
wgsm_maize_0031.jpg,fruiting,0.4350755956985419,1.2661253575547757,-0.26947935816563856,1.4005352427360882,2.563012755929669,1.1855204044475987,0.34020378922326694,-1.104396438565214,0.21083331214095966,0.15332885599640506,0.5625375320341051,1.0664631949777201,1.9723628667797506,1.909318634738681,-0.37872296514578174,-0.41770525373581097,0.6001578425810878,0.2672077106572215,-0.09002382869532609,1.538302585992363,2.8051936553481323,0.9701617062764344,-0.7994401826584666,0.10776065784726138,1.4516821294597182,1.4516821294597198,-0.2888582953099424,0.5187967837351687,-0.03615326718557542,1.939148999940323,-0.34920656239720554,0.29123391503460083,0.2304201825013034,0.12087642369775894,2.123475325076838,1.2868371948016863,1.0266584571217352,-0.28606761526275154,-1.2627349657325455,0.560689503919425,0.7383740621428201,0.7383740621428198
wgsm_maize_0032.jpg,fruiting,0.2922565644973173,0.8702303941982119,-0.07899420509391253,0.9998010052194797,1.7729226221654004,1.9797652855033328,-0.33703442626740027,-0.5077213098413664,0.055167113511965064,-0.19161082303634208,0.7148498723300261,0.9090440683256579,1.050296676612562,1.9165939168831592,-0.4023637364211174,-0.2398763473179595,0.5817179633580764,-0.00250594605389106,0.005083961562143148,1.266175633116692,1.5820336542246969,1.3010381143156944,-0.7731738234290518,0.1672280949973026,1.6045426128657487,1.6045426128657456,-0.49506210837779535,1.1351209710022003,0.22338641510450177,0.8613903978682277,-0.38791027033086417,-0.012819714140052382,0.16967586008755672,-0.2975209019905372,2.060841475809348,0.9796987340809992,0.5414993082856872,-0.6059703139252772,-0.9666413583167488,0.491869644843436,1.7549813664858993,1.7549813664858975
wgsm_maize_0033.jpg,fruiting,0.2428678787589615,0.9626814779169746,0.024940456186724504,1.069641831581067,1.829199206850511,1.9576850647223414,-0.3197927815581396,-0.5611794790104161,0.046259794016758136,-0.22413975446225692,0.8858591527743541,1.0667901405911757,1.1312878807688738,1.9528654099689253,-0.40488274934442064,-0.2853004498610572,0.8566554581509459,0.09122607144066926,0.04267459721374683,1.327256246301055,1.6625357945072206,1.3248581293181592,-0.7754021973378575,0.12849288569950212,1.6558051036623131,1.6558051036623118,-0.49548881305075687,1.7531875542753272,0.057776439187108265,1.0769421182826469,-0.0819417684231801,0.223305311616632,0.386791705546581,-0.14946167043809538,2.194289519724664,1.071828229225945,0.8234093403804328,-0.47373181607890413,-1.1387869663866876,0.7400862794216421,1.9804692816735248,1.9804692816735263
wgsm_maize_0034.jpg,fruiting,0.2539838753669465,1.038447974605016,0.005133295471241186,1.0611726487016473,1.8487337507000998,1.9605818035098468,-0.31084018228813753,-0.579444353476508,0.06294337955721908,-0.20941457698395263,0.9366496824027104,1.0422649569268596,1.092936839846325,2.001104156888558,-0.403257267937175,-0.29512324708506027,0.7799056100982106,0.1794810713240224,0.01933747019570694,1.2992720806797047,1.6470575346378207,1.3621172334773939,-0.773211442224946,0.11999582922933724,1.7333940815949072,1.733394081594907,-0.4953146891984452,1.3232271398268682,0.12496013314257877,0.8613903978682277,0.026324009174929955,0.3001718891685429,0.600298977396806,-0.10873853983735281,2.178446260448897,1.0745780638304878,0.9775580131431524,-0.48322045544601083,-1.161502598966715,0.8317403774537201,1.9986758149950932,1.998675814995094
wgsm_maize_0035.jpg,fruiting,0.4122808059077208,1.132316978151204,-0.24740714528669855,1.3141140731416199,2.5264329523716906,1.1982021679806014,0.2757555456232327,-1.024235420662233,0.20136044672239836,0.09504357155523083,0.4387462724023941,1.1452053676119964,1.8263386575500282,1.9983098657711327,-0.4151299239087572,-0.37054157730623327,0.745849887881304,0.24549232167732105,-0.12783006494816287,1.4733652057338942,2.5956805939511844,1.0358840044150817,-0.8146625139251734,0.13334350633962205,1.3504549324437174,1.3504549324437134,-0.2888582953099424,0.5105204027062177,-0.03153118800820952,2.154700720354742,-0.5144818557353766,0.19080358749321788,0.09630153004325848,-0.0040844730246882635,2.0557657193384173,1.196714878200204,0.8429493129841743,-0.3829621865776751,-1.1461849594607671,0.450958300047112,0.6988658848350165,0.6988658848350189
wgsm_maize_0036.jpg,fruiting,0.2220430298310275,0.9894338297014919,0.25035131505705244,0.998548509477243,1.804307776197375,1.9378579562369669,-0.26480270858945504,-0.6212417364908287,0.058136220010361846,-0.3229065693969829,0.967671881456383,1.2713630374191178,1.054270329578759,1.932937244107441,-0.40588086283240327,-0.29220756671173026,1.0636477132110456,0.40504322119370717,-0.029778125235949485,1.1804295992604001,1.549003133262205,1.2941677447445776,-0.7813345178904326,0.12282233518373697,1.4502916459842237,1.450291645984228,-0.4953146891984452,0.06749201821204653,1.1720308260323913,0.6458386774538086,-0.5411560328247671,-0.029558102063619272,0.21117445658801154,-0.28088134325044434,2.0313971603590533,1.057256113000404,0.5197882276148894,-0.5954775857362505,-0.9772720214413614,0.3459842292906654,2.40236017506757,2.402360175067571
wgsm_maize_0037.jpg,fruiting,0.23850589960200425,0.7185084543793144,-0.07530667133076638,0.903837103477605,1.5092889271568843,2.1366445576594577,-0.35604554785863807,-0.436994703811761,0.026889894137955457,-0.28847930509858133,0.6750749231868126,0.8108778308749092,0.9337293832136766,1.683097196676336,-0.3679149635613818,-0.190006221063267,0.38685287671967866,-0.12083605929919783,-0.013693571554151261,1.1535218676182961,1.3935531212962058,1.1047394272804336,-0.7320464696454948,0.21135802035586262,1.5982390877768402,1.59823908777684,-0.495567270019095,-0.12709973574641906,1.7458316862756593,0.8613903978682277,-0.46897884775934,-0.13860138649769171,-0.10337287630683821,-0.4690068807165214,1.805427439024607,1.1785298405964284,0.32706063458328155,-0.6465857067717877,-0.9115516021988662,0.5023353376983118,1.5361388359606465,1.5361388359606485
wgsm_maize_0038.jpg,fruiting,0.20135888004681024,0.6206218744043791,0.0982159408790758,0.9751092424782067,1.66404918235122,2.0776135749464504,-0.3579940593351283,-0.4665200053525271,0.022789695792849923,-0.43988745908399984,0.7302718402456947,0.9422674830283497,1.069661451272562,1.7988701434678958,-0.3781621381257184,-0.21331008871759727,0.319239865927918,-0.08749412877040336,0.06881219195444976,1.1710117762666974,1.5140472826920488,1.1802390232351359,-0.7507318237022648,0.1888543932000889,1.4847756361764877,1.4847756361764854,0.5975763927029396,-0.17530602524837946,-0.7208679319182233,0.2147352366249705,-0.48780767864598634,-0.035408412405823465,0.10472153513029307,-0.3177182611191285,1.9909143065642128,0.9650262589282855,0.48788963986010014,-0.6238932993964804,-0.9227829570688106,0.4395411805690677,1.6740533258715276,1.6740533258715293
wgsm_maize_0039.jpg,fruiting,0.43521629484227503,1.2226884187395368,-0.25335984566189484,1.4181295296047063,2.5504586472915776,1.2500231913476603,0.31279822427069176,-1.0881769110113813,0.19952239367393795,0.1658992082980763,0.4910852858996733,1.0978553732326506,1.8539034425178424,2.052875054549265,-0.3961564742154035,-0.4065618454736725,0.6358748899641563,0.24827879209351628,-0.09752772805803919,1.532113870071455,2.6915869800951295,1.0833354006607525,-0.7918516210146461,0.09620789771803172,1.630220207713214,1.6302202077132117,0.5540575882733217,0.04861606147935121,-0.7752179438225056,0.2147352366249705,-0.3774498087271446,0.17764038922322015,-0.046838556436609134,-0.11021639538335104,1.7165277819997824,1.8716487352250235,0.5094337122180463,-0.3165919154490071,-1.303929773320264,0.7438919859143277,0.7193027184884772,0.7193027184884796
wgsm_maize_0040.jpg,fruiting,0.20881646964183126,0.5310540723277322,-0.040907772419555545,0.9146919369995047,1.4921352741369773,2.1376101372552934,-0.38296659357498514,-0.3902004406934272,0.03254531497469397,-0.48862946858610645,0.5551539676813043,0.8469789637477223,0.9568788307239809,1.6786159765714732,-0.36249669220389663,-0.15773905721393286,0.272392517407291,-0.1892012383618933,-0.003066115579374554,1.0634704875748968,1.363855483293175,1.0620822810484831,-0.7269046017746541,0.23238840452651982,1.4431538308100185,1.4431538308100165,0.6127573709923415,-0.18227560927275926,-0.7228293954979279,0.2147352366249705,-0.5960734562440965,-0.21205528301665028,-0.20260865054709828,-0.5329925523190295,1.6793466338704965,1.1745355552949386,0.13132689192035793,-0.7040697918264974,-0.8244354914483217,0.3585642035303599,1.605096080916087,1.6050960809160892
wgsm_maize_0041.jpg,fruiting,0.41650208592094484,1.008528921514151,-0.34575774511985935,1.3023049016162478,2.5293548692530345,1.340597186767235,0.16541733049683494,-0.9271454578053744,0.19146341226214053,0.0837560151840724,0.24326473736985632,1.0955009669679519,1.8325200477656878,2.1534122653243477,-0.4032667678793319,-0.3702169438177555,0.35927607000514417,0.15603614178387332,-0.07275440774409396,1.5189291127452167,2.509845905293522,1.1763884341058066,-0.7937261819700648,0.11501366903697477,1.6054696018494117,1.605469601849407,-0.2888582953099424,0.5107624021515086,-0.03174870293875543,1.939148999940323,-0.35862097784055913,0.28245844952127513,0.25928877137120604,0.03674812835723908,2.16107534631295,1.2091192415988046,0.9439893422598246,-0.3295446612517294,-1.2271755951766845,0.6419836231658677,0.5434731229354297,0.5434731229354315
wgsm_maize_0042.jpg,fruiting,0.4318392861167612,1.1287249419719383,-0.17581725951624907,1.5344911265933512,2.656626486594483,1.364350948313537,0.3353272017352713,-1.143182470648428,0.20744003660084992,0.12259570510928365,0.3647931666059647,1.2569748728339842,2.0539850096261048,2.1250487672922556,-0.36951194514215435,-0.45612891357219715,0.49250862771210097,0.30400861792869094,-0.05412055635988037,1.6906900940876706,2.8976194523166865,1.1093448795055307,-0.7778790188595487,0.04689451679170773,1.8742964071116848,1.8742964071116828,-0.2888582953099424,0.5271215646531779,-0.038536566887055125,1.939148999940323,-0.12692175331903408,0.4436670011734504,0.16666871541361594,0.04304269827536431,1.908026710602041,1.9659259114114744,0.8446193961126947,-0.2136728112025928,-1.4993363788442815,1.0532113525139106,1.110196988902552,1.1101969889025538
wgsm_maize_0043.jpg,fruiting,0.290708721065581,0.8630933530738198,-0.0038747246227895486,1.0129221485418871,1.8133443925569683,1.9830483120723714,-0.300613151434948,-0.5510435204921736,0.0420182187900112,-0.19889649752522728,0.7049657070426912,0.9663348575807275,1.0938829737985474,1.9450627907075142,-0.3993408961306951,-0.25448385079563235,0.7569802792494109,0.04106908206005778,0.0010268637071173742,1.2772077173493817,1.5830704939365208,1.2956399082136185,-0.7691837776645064,0.15362252064368165,1.5579150669874993,1.5579150669874962,-0.49506210837779535,-0.06212288468579475,1.3827664048945838,0.6458386774538086,-0.34920656239720554,0.026669880669921753,0.21177588552279966,-0.27869192762675327,2.0633793540448133,1.0085619615359962,0.577239087236091,-0.6075768560403457,-0.9822593436953615,0.4413383197461758,1.8497463724246632,1.8497463724246606
wgsm_maize_0044.jpg,fruiting,0.5142944105408038,1.4102847159998002,-0.1684948383441142,1.477592626657394,2.651377522849482,1.305513249349295,0.26006219318570045,-1.124849907687805,0.22087172348285888,0.4173054740420369,0.5753988742437072,1.170057638978269,1.9550797512643399,2.074806734930594,-0.3666506864766036,-0.49818274850771305,0.876590548069605,0.45029977606840704,-0.025757064818609846,1.6476378014062816,2.7637207104750914,1.0861665473432727,-0.7842103603445769,0.033111563344911214,1.7728838122989514,1.7728838122989556,-0.4925290001475789,2.0021081837016146,0.033288945048230906,-0.6474716450327058,-0.4187686320617178,0.1916161305963017,0.17929872304416783,-0.08454549719551219,1.8787548723133767,1.790398147785647,0.49907919682120333,-0.3660432899283858,-1.320187969637981,0.7138691902498436,0.9423782680109948,0.9423782680109951
wgsm_maize_0045.jpg,fruiting,0.20501736348515026,0.53856921171434,-0.18593131084203374,1.0269976298677674,1.689969056268131,2.1300782248053975,-0.353991729991049,-0.43210381654414504,0.038200774208204856,-0.3956604275423842,0.4011148802941115,0.7435153832456485,1.1170955974027144,1.920442424078832,-0.3710328445774749,-0.18597213567321824,0.18334925111651704,-0.20279749384636678,0.0011345080015082842,1.1708325005134539,1.542338010943336,1.2766895967285756,-0.7496477481405759,0.20045897194080806,1.6021324415082248,1.6021324415082268,0.5990222001590735,-0.16337545259553485,-0.7245606648840149,0.4302869570393896,-0.23100334627561964,0.09248587201985321,0.17990015197895592,-0.19839510962769963,2.054829414746695,1.0210867556472039,0.7535998656081646,-0.4934621614295589,-1.0383291758187845,0.5938837216611367,1.6917591795267528,1.6917591795267555
wgsm_maize_0046.jpg,fruiting,0.5193598854163619,1.440959965615085,-0.279119592303981,1.3456050244393327,2.5441817105357734,1.2417833177282824,0.2365325990609851,-1.0581835618960294,0.20701586755915338,0.3970390149768693,0.5705164282803691,1.0178704946725332,1.8543449899677336,1.9846027659758847,-0.38594734072379344,-0.4387141081346582,1.0045071720288088,0.33701434748316506,-0.08316641912386102,1.498299734900637,2.6688508422429353,1.0352798842973698,-0.8010512484826421,0.0888289274419285,1.4717050915068393,1.4717050915068424,-0.49152010291612447,0.353995161492021,1.1118139246707364,-0.21636820420386765,-0.40883119353818137,0.27969580297077073,0.34409025117647996,0.12043854057301409,2.1748242400545945,1.256749588435177,0.9847393705958076,-0.2869712952024801,-1.2647662522924152,0.5548752301111619,0.8669121873930935,0.8669121873930915
wgsm_maize_0047.jpg,fruiting,0.4058081867441433,1.2413109390685813,-0.18519380408940725,1.311609081657154,2.501811917181144,1.2959861227461318,0.17277953324486353,-0.9841286758601492,0.1968360793355963,0.11525875445355188,0.6656073091156723,1.1218573870800297,1.7088884062927758,2.116297307744866,-0.4146070966573241,-0.40118507196126424,0.6475036247437672,0.4024007921760147,-0.09458357860329938,1.4543504788581891,2.464299615581145,1.1384499203545146,-0.8071266513076021,0.10277251858434243,1.4917280535539603,1.4917280535539652,-0.2888582953099424,0.3806151004740272,0.04845334660225553,1.508045559111485,-0.3999398011750715,0.20689194093429863,0.20155159363140046,-0.005124445445941634,2.1536341887681876,1.1608666694139567,0.8543058782581291,-0.3685535119831772,-1.173540145389604,0.4981067749286627,0.818164194424594,0.8181641944245923
wgsm_maize_0048.jpg,fruiting,0.45041279589435823,1.23563925975888,-0.07699249914985422,1.5499979205582393,2.5834668794785376,1.3093115127710306,0.36418618710005884,-1.1813949870376705,0.21465071832601015,0.1529184237217997,0.597132239903516,1.3257107477990682,2.1280380808546786,1.954816007514826,-0.35597576669060094,-0.4919545019969325,0.6323862153919246,0.44395819693272026,-0.04819653202515372,1.6718546429652088,2.8951013670450956,1.022445079287672,-0.7782855635511804,0.03932660788601976,1.7554564194060869,1.7554564194060838,-0.2888582953099424,0.5317195541137063,-0.04096452950924985,1.939148999940323,-0.28330565429403437,0.26051978573795237,0.17148014689192131,-0.004796033102387752,1.8232418658618992,1.9405752464075368,0.5992841845326123,-0.2441971113888484,-1.4137219974570654,0.8672603047187442,1.053073990606131,1.053073990606129
wgsm_maize_0049.jpg,fruiting,0.4567446394888264,1.2714663805895372,-0.0876334718116298,1.5139743496595177,2.6296245605742485,1.3440732173690348,0.35442257759248486,-1.1848896023367073,0.19909826302899736,0.14917292267374185,0.648577867469404,1.265215436848907,1.9254963462043702,2.1527268645190225,-0.39203102107326604,-0.4667379560457284,0.6787352205010281,0.3708847429399357,0.0005959745170983755,1.624228090466842,2.7155823214831374,1.1523041678110173,-0.7869732482750478,0.042491529233916234,1.8293374414040287,1.829337441404023,-0.4916955040545884,2.336624016927317,-0.07833716527263587,-0.21636820420386765,-0.14888872268671696,0.36013757017625114,0.31281594656742434,0.03439450656176442,1.9036655023721625,1.8829090068538497,0.7265445189260835,-0.26287316347648737,-1.443227027527087,0.9868229170304751,1.1652717522002967,1.165271752200295
wgsm_maize_0050.jpg,fruiting,0.6369920885327116,1.516726462303121,-0.17650189101752617,1.4874931221758212,2.6316807417223442,1.2720390774510573,0.3947198232527956,-1.2383551175439231,0.27375017132424134,0.3881114999196437,0.6768611775946752,1.1869962919430745,2.0412434467144918,1.9573993179699223,-0.29494896435271856,-0.5591671814135213,1.281105901757253,0.45467174564634794,-0.05634660916667142,1.6305064442643666,2.8774013997360726,1.0152725676430234,-0.7765164006482586,0.02071575426721794,1.6909379861431413,1.6909379861431426,-0.4970007853181793,0.4585873217467764,1.039653385788816,-1.078575085861544,-0.2618617080064735,0.277908208143986,0.15764728139179324,0.04101748882344974,1.8272088405794706,1.9772062548257352,0.7016602803110783,-0.24535181353404964,-1.4453847755070268,0.9167344891235948,1.2058268051740906,1.2058268051740897
wgsm_maize_0051.jpg,fruiting,0.2797335000267218,0.9146599179679631,0.04185000734865955,1.0849099438619896,1.8694585048380474,1.9626419117726879,-0.26691977436338726,-0.6039281739672523,0.05191525325026895,-0.20325764698519033,0.7612342732553135,1.0248029920566317,1.1856607079924308,1.9960429117706338,-0.40415079945323246,-0.28147559501922365,0.9427084383962858,0.11519946590878902,0.03132920059723699,1.2766696952247076,1.619063184218501,1.3546050170367099,-0.7725263548837131,0.12436493538730868,1.6256779616932653,1.625677961693262,-0.49506210837779535,-0.025532568557800717,1.5525094550141054,0.6458386774538086,-0.22211195391250974,0.20819200989925182,0.30559879934996625,-0.11809829162865264,2.1889673673085435,1.1201610885525302,0.9020702557338963,-0.45229451973098966,-1.1598032736345285,0.6863835322471423,2.2195665805190226,2.2195665805190212
wgsm_maize_0052.jpg,fruiting,0.2262643098442514,0.633478036825743,-0.10538605133170498,1.0579518713202085,1.7854226517109713,2.076197372891495,-0.34373312095017716,-0.47820335433876643,0.056015451595374556,-0.3488167509127644,0.5013862611306807,0.889096833692256,1.2300042960561615,2.0450199764695354,-0.39138461196559265,-0.23621004608100846,0.4280519723209757,-0.05842803584271604,-0.010498096072935661,1.3381986926571174,1.6186187783705674,1.3479610079767113,-0.7637106681178151,0.1599236638008035,1.615110287279507,1.6151102872795042,-0.49506210837779535,0.17438317319706614,1.2310422471800964,0.6458386774538086,-0.39052538573177875,-0.018832533102873337,0.22019589060990422,-0.27715933669016285,2.0774239229206857,0.9678162371037,0.56621653858784,-0.599995985434876,-0.97143108460189,0.47537825004181483,1.5896205275927537,1.589620527592756
wgsm_maize_0053.jpg,fruiting,0.41017016590110067,1.0838700833292743,-0.08794957883378543,1.3833584544482207,2.604191868742968,1.3163281883682212,0.2616841221298668,-1.0626064015890597,0.18552516086859105,0.0732893233621128,0.49531289265294376,1.2484728659990818,1.7996566933991591,2.155310174974113,-0.4080956710861844,-0.40870532965107154,0.5197532054856262,0.31505868075011084,-0.001558159420536319,1.5537296542887762,2.5818312858574735,1.1218401437485492,-0.800863056367181,0.08505055345493723,1.6015762481180271,1.6015762481180307,-0.49246242277711494,0.2179672732939691,1.2322264195406343,0.2147352366249705,-0.34083819311427854,0.2670201305626427,0.25748448456684175,0.0366386575760543,2.2198900584299825,1.2679496447077003,0.9553459075337983,-0.31669232433119876,-1.2661099048806561,0.5732694781591194,1.0183450282952393,1.0183450282952404
wgsm_maize_0054.jpg,fruiting,0.21148990622333536,0.5855037134874342,-0.1793992716738816,0.9797015972889378,1.6619389221106105,2.1864698074412625,-0.35111637582332644,-0.4396586920810117,0.05191525325026895,-0.3923254702388627,0.48429731216780764,0.8057765699385723,1.0836646174814215,1.8770539416147882,-0.3679625045762654,-0.19666045494919074,0.21624212692464637,-0.2446429814000672,0.003037471918899072,1.2265315283964073,1.5492995110941634,1.2597776780490788,-0.7389499439480832,0.19433560648156553,1.689269405972548,1.6892694059725524,0.5990222001590735,-0.1643434503766987,-0.7213059006461908,1.0769421182826469,-0.155688022729156,0.14156347544621747,0.1305829793262549,-0.24300445296050724,2.0869348064050497,1.059323506900171,0.7751439379661101,-0.48301963768162803,-1.0720074327511084,0.7172520404655536,1.4026394303802456,1.4026394303802443
wgsm_maize_0055.jpg,fruiting,0.4346534218419987,1.3552678247585042,-0.17413143169715484,1.4202766281406858,2.6402847253417994,1.3093115127710306,0.33657010089626604,-1.1574547733712208,0.20447093010245307,0.13644874187153672,0.7631398010238406,1.2096248784546382,1.8633650561228972,2.1043825127293183,-0.3916792753888603,-0.45951373198529033,0.950350245422748,0.4039382775382628,-0.0445344419286805,1.561443188436978,2.7012889293415365,1.1018328270942028,-0.7874324919929289,0.04951494411426081,1.6765696568963646,1.676569656896363,-0.4912763330543346,0.5044220166848853,0.9378780908680069,0.2147352366249705,-0.4229528167031812,0.1360381823452468,0.12216297423922032,-0.037527796676643944,1.78322716436292,1.862295283212487,0.5121058452236779,-0.35901466817496924,-1.3209072189646278,0.6878635292165146,1.0938566252464443,1.0938566252464428
wgsm_maize_0056.jpg,fruiting,0.24441572219069777,0.8778874487935009,0.026836869422461166,1.0550889868872568,1.8448917838665044,1.9712680731735996,-0.31994023796497045,-0.5498282758926888,0.07778891204923616,-0.27570373665960457,0.8338774419041358,1.0196363704153037,1.1276294230648578,2.0082740632407794,-0.40671735339142023,-0.27392673747030777,0.6880382624630652,0.026079695745317294,0.03312436421400905,1.3081516866837788,1.6384664391112351,1.350150471819025,-0.7708174474782156,0.13936363318058936,1.6515409543374633,1.65154095433746,-0.49506210837779535,-0.012028999510564825,1.5281512886386037,0.6458386774538086,-0.2691840311290343,0.08468545823022845,0.16666871541361594,-0.22302603539427845,2.1835959357033845,1.0907559228908,0.6223313317062259,-0.47654326478027,-1.0978292739615996,0.5804580348675145,1.610330459246038,1.6103304592460397
wgsm_maize_0057.jpg,fruiting,0.5249882332922128,0.9821076367577106,0.08546796956492754,1.0200196244145494,1.9720550078964234,1.8734197837304816,-0.23046687557776332,-0.6558615154998153,0.11059049881004783,-0.03348147827702178,0.7280090098500993,1.0864102875226287,1.1739913571379141,2.1395468727628995,-0.43475924134784494,-0.30619390131964186,1.099364760594114,0.14642753672569528,0.02770299193223022,1.3037567026200552,1.6803100976242658,1.3785383763240917,-0.7892016548958508,0.11840220762368357,1.5822021783594702,1.5822021783594706,-0.49506210837779535,0.17416537369630428,1.2308510224553633,0.6458386774538086,-0.3199172699069005,0.16740234612434357,0.3501045405243616,-0.12450233232796265,2.1479424424342812,1.1395905768532502,0.830924714458792,-0.4896466239062794,-1.1336020481638276,0.5841580272909593,1.811694717782585,1.8116947177825875
wgsm_maize_0058.jpg,fruiting,0.2413201117526341,0.5184813295705996,-0.17845117950461267,0.9241153283049317,1.550738670559262,2.1752045256792054,-0.36326029419983463,-0.3981252417236604,0.04088712694331889,-0.383244015211172,0.39265966678757785,0.8073462214778689,0.9732158122871771,1.7620188544468778,-0.36562407316214773,-0.1598318644479992,0.19879893452466227,-0.25213772674635143,-0.06036782559023104,1.129843048184053,1.4226583254353289,1.1569850735398204,-0.7286436696408602,0.22970499766077182,1.637265323989053,1.6372653239890576,0.6127573709923415,-0.17370882890945907,-0.7250870645937412,-0.0008164837894485803,-0.2712761234498271,-0.04125872274804705,-0.04864284324097343,-0.46024921822173676,1.7551873058002125,1.1972367446215029,0.48738861492154456,-0.6242447304841504,-0.9304259691442753,0.593460865384173,1.216523143500512,1.21652314350051
wgsm_maize_0059.jpg,fruiting,0.4257888408097433,1.2661253575547757,-0.14226093116880037,1.3436367428001306,2.564798306488686,1.2869093388861002,0.24305216761826878,-1.0574437109092965,0.20305708449246157,0.17898254520804024,0.6894247244938208,1.1073385010849135,1.8023059780985127,2.076177307463433,-0.3967268424817212,-0.4305225063836712,0.8375511210459353,0.3357171398740649,-0.04604239808751467,1.5435945334171457,2.597087503702928,1.0808060679930518,-0.8005092107017978,0.08415050403383519,1.54336133994399,1.5433613399439845,-0.2888582953099424,0.49099104747123673,-0.020294598772910222,1.723597279525904,-0.5113437172542792,0.2546694753957475,0.19493587534873047,0.04068907647988965,2.220924921399785,1.2441645789676656,0.8548069031966854,-0.3315528388955636,-1.2414815433220736,0.5052953316370701,0.8559427510668485,0.855942751066848
wgsm_maize_0060.jpg,fruiting,0.4715190431097425,1.178873381662093,-0.14452609778084452,1.6120852203599212,2.6971564151710923,1.4294330270279076,0.42921373026485726,-1.2481820177421756,0.23373790283828588,0.17975213359040434,0.4849521513778758,1.3106033312820238,2.231737322112826,1.9840756579367678,-0.3057284661106463,-0.5354589017163578,0.5006487781500479,0.39284040967298983,-0.027265020977448373,1.7679154631762628,3.097208844243318,1.040376112355266,-0.7543830713197849,0.003916957631733172,1.9614333715760077,1.9614333715760084,-0.2888582953099424,0.530412757109135,-0.04249783311818172,1.939148999940323,0.07967236335364958,0.5939874752443002,0.3302573856763516,0.239597485892666,2.0074228348919907,2.0864369111609844,1.1542528081409293,-0.11050268475069396,-1.66163380382629,1.2016339057284753,0.9539394166701908,0.9539394166701933
wgsm_maize_0061.jpg,fruiting,0.22964131856976522,0.7128840116803208,0.12618832222764767,1.052047285557526,1.9098261961371015,1.9750017222017515,-0.32810292488801074,-0.5401829277805424,0.08584793185778944,-0.3332705974153244,0.6695968866025399,1.1385344551363705,1.2279856759640135,2.072856137384693,-0.4073637624990936,-0.27928143389849186,0.575571367027281,0.11981160886205552,0.030395815360498287,1.2791809198247428,1.6837166727916795,1.3709884331315572,-0.776283000553731,0.13184116521113062,1.651819051032562,1.6518190510325583,-0.49506210837779535,-0.11049857379945882,1.7163653301114177,0.6458386774538086,-0.35705190859994945,0.1290503116587062,0.2833459287627333,-0.1905679487729902,2.1668410114304137,1.0805795276754409,0.8067085090952143,-0.5238860527336231,-1.1011884054322019,0.6395521995733141,1.64610629722292,1.6461062972229217
wgsm_maize_0062.jpg,fruiting,0.4606845212146167,1.5676313038942595,-0.2032627195288305,1.4585071623625745,2.546129733498834,1.2345733583823335,0.3429106348590355,-1.1760738318203232,0.17463844984003823,0.25450709988183556,0.8587072578468774,1.095566327672943,1.9414548193701007,2.0322087999863276,-0.41562421002962185,-0.45446911824007263,1.6952564361173799,0.25389974672540433,-0.02852149510358705,1.536149912898804,2.6681843943710573,1.0895640873916583,-0.7991616400088655,0.05413038797915921,1.6399535920416757,1.6399535920416748,-0.4967634546602857,0.3821880968684185,1.1327899707118247,-1.078575085861544,-0.35495981627921774,0.21924259610121255,0.140205842282866,-0.035830999568277046,1.8124497234625434,1.9269465040974245,0.63869814636576,-0.2689981052901754,-1.3903345385829167,0.8065804289743183,1.2324993764901884,1.2324993764901904
wgsm_maize_0063.jpg,fruiting,0.24399354833413822,0.8840319049633861,0.02183226121653424,1.1169974697921536,1.9414276665391514,1.9848508019088604,-0.32122519561071955,-0.5720400717220473,0.06266058739716397,-0.2964319041662123,0.8104173291530624,1.0887646937873274,1.215370191157274,2.166381276418136,-0.41858050942084446,-0.2976997431644011,0.5067953744808625,0.13066940772983074,0.03847397363286399,1.3433111694637234,1.7339287412072817,1.4170053926600379,-0.7757108677361708,0.11621745524234597,1.7626869334786583,1.7626869334786615,-0.49405178509519604,2.3180142595844413,-0.12611199536500742,0.4302869570393896,-0.15202686116781464,0.2405312254020492,0.30860594402390706,-0.12526862779626094,2.2577364756112854,1.1124334511601979,0.8770190088060394,-0.4320119255282821,-1.1925330699163283,0.8210632564603619,1.7921682107952028,1.7921682107952035
wgsm_maize_0064.jpg,fruiting,0.2161332836677264,0.6410406181996162,-0.09495566408657226,0.896739757182408,1.5446780501735267,2.104393304067418,-0.3498208921150171,-0.42532604690185394,0.042442349434951794,-0.3949933914937076,0.6483398382030007,0.8248735470530881,0.9513281051155273,1.7105113962668246,-0.37386556211245725,-0.17537011772648559,0.3139238419495972,-0.1500461936253825,-0.023531012011822863,1.1686798274199055,1.4074761215978613,1.1321080533680477,-0.7389800716967945,0.2180091384428904,1.4859807218552497,1.4859807218552448,0.6127573709923415,-0.17651602247483428,-0.7240725360014126,0.4302869570393896,-0.528080455820133,-0.19271675716319572,-0.1887757850469702,-0.4898063291416278,1.7372989601793631,1.1568723841124648,0.22635462193333594,-0.6744491715799646,-0.8540985982934309,0.3650127617540688,1.4146102260391769,1.414610226039177
wgsm_maize_0065.jpg,fruiting,0.2579236806673442,0.7971107907222005,-0.018835445092022528,1.1240946865098926,1.942509953768958,2.0734936381367572,-0.29124976113213563,-0.5860027914078385,0.08344437128273052,-0.2865808607561635,0.7183628738291605,1.0350708746342967,1.2415472947229749,2.125207060058462,-0.3901203348808144,-0.30202986218381916,0.456459441618591,-0.016006069561536475,0.07261796378300381,1.415065120509335,1.786066461030575,1.438107441235539,-0.7620770310161024,0.10779533645648896,1.9136007400189965,1.9136007400189996,-0.49506210837779535,1.4655954134915434,0.18011065686898295,0.4302869570393896,0.005403085967551934,0.30439711330457947,0.2238044642186334,-0.2019529100162108,1.9193609240808154,1.7529241243791964,0.6587391439080382,-0.39139653268177177,-1.345575099716982,1.0887312797789346,1.7775574678046442,1.7775574678046433
wgsm_maize_0066.jpg,fruiting,0.17631282753102825,0.4319385189681927,-0.15295477908192534,0.8778928449940957,1.449549164412279,2.2429900594323082,-0.38169216199179645,-0.35924895831440545,0.0045508493639836245,-0.4668751089230634,0.44648713938226253,0.7917154930553948,0.929124791557438,1.6831498845724642,-0.35605180753195664,-0.14243863434277027,0.11988937277898692,-0.3231933486262421,-0.02450043468624712,1.1026662080471346,1.4122899283170531,1.0886581532591224,-0.7243449861899988,0.24482407407458961,1.5504064562198288,1.5504064562198308,0.6127573709923415,-0.1842600047241452,-0.721466074079769,0.4302869570393896,-0.4355053706275716,-0.18101613647876796,-0.07751143211087637,-0.5074311249123817,1.7016701065047788,1.1483619470881834,0.2752880575990672,-0.6829337221251571,-0.8440370115591319,0.40317554075011636,1.340054472087354,1.3400544720873553
wgsm_maize_0067.jpg,fruiting,0.38836034654170665,1.1399267961357853,-0.21727511893159615,1.382105958705984,2.5799496223265286,1.2793130917586106,0.2205969641225941,-1.0145370761318881,0.16544833818477614,0.02162267736115302,0.5460439149646958,1.1761398788434736,1.8055862014879078,2.1621637248717374,-0.4256527620120464,-0.386866577586162,0.6041448605648235,0.24726987603706663,-0.015847705491785956,1.5109464701022015,2.5181406229881405,1.1446408803335653,-0.8080978050576147,0.10222244409314632,1.5435467377407226,1.5435467377407277,-0.28730596403262504,0.4848926614499044,-0.017736635192418682,1.508045559111485,-0.47473210164135227,0.17991550991185518,0.1432129869568068,-0.009941159818075286,2.17603158018603,1.2370190233529381,0.8000281765811152,-0.3727706850352227,-1.2053372886983897,0.5216810123694378,0.916251892694544,0.9162518926945454
wgsm_maize_0068.jpg,fruiting,0.31533275257558835,0.9608854598273447,-0.04017026566692904,1.0139362217550816,1.7774140083621814,1.962126954635973,-0.30860728406054605,-0.5497149370181255,0.05884314281535763,-0.1632378249330846,0.8949692054909559,0.889096833692256,1.0565411058806617,1.9228676708455308,-0.40000630512268465,-0.2670487222306574,0.757478622660915,-0.012306710687897375,0.051686452735294104,1.2951462051107843,1.5998076355416986,1.2954511104249997,-0.7656530083298376,0.14678246392706912,1.6057476985445105,1.605747698544516,-0.49506210837779535,0.04150127778779681,1.4349147162858347,0.8613903978682277,-0.31154890062397345,0.07802260478492104,0.19313158854436588,-0.24809484428560216,2.109800350118754,1.0470596459996129,0.7036643800653215,-0.5548621928897398,-1.038708560078994,0.5065639004679611,1.628719057900822,1.6287190579008228
wgsm_maize_0069.jpg,fruiting,0.38990818997344295,1.095119174103829,-0.28333381850592537,1.2693230320472633,2.371239594184244,1.3030027983433228,0.12498315449225358,-0.8888804697149449,0.15993429422967903,0.06584970890276849,0.48816761629400984,1.0184591672829544,1.5329653226580593,2.1416028461010623,-0.432582432862694,-0.32912296029407584,0.4812121218734799,0.1382121668756123,-0.06841010243113001,1.3911171925802672,2.18302321564419,1.219574246951767,-0.8126148083726504,0.15353642202766835,1.5075795651745978,1.507579565174602,-0.49271101022510627,0.09273256035589428,1.4131108287314784,0.2147352366249705,-0.37901887796769346,0.2078669926580183,0.11855440063049143,-0.06834382158016414,2.058894947842342,1.150449412773385,0.755436957049536,-0.4015378297831225,-1.1218016169035698,0.5313009926703868,0.5538963632620276,0.5538963632620288
wgsm_maize_0070.jpg,fruiting,0.3959586352804609,0.9731743721671144,-0.4447405589973256,1.259243460477128,2.4706433146457214,1.3020372187474878,0.07735528427159763,-0.824953671442129,0.19075645106038888,0.06528533665770425,0.21087309385198003,1.00158587502314,1.6686448233829454,2.114557461783491,-0.4223067584718843,-0.3147678380292381,0.2733892042302993,0.014981723502216441,-0.08524879019857125,1.4152445911275224,2.3406209210418245,1.1782759199039403,-0.8052219626034702,0.16500348214558846,1.518425336283455,1.5184253362834585,0.5554552021475843,0.04534906896792317,-0.7772509168740254,1.292493838697066,-0.6101950794090356,0.057709027207784994,-0.001129957392637015,-0.1553183572314824,1.9972220427610945,1.116447808247122,0.6420383126228001,-0.4646448122405635,-1.0404790199599703,0.4253754952907594,0.29131263643170646,0.2913126364317071
wgsm_maize_0071.jpg,fruiting,0.39258162655494705,1.0156659626385431,-0.3592434520838327,1.289720597716569,2.4188581161573914,1.2550443730755936,0.08959398297664303,-0.843701285559139,0.18057666283683188,0.07749653285161674,0.26297381935539244,1.006621633165993,1.6272029503111518,2.1181425294985035,-0.4226109218373101,-0.3183548624637479,0.31757854076175607,0.0660033787851242,-0.1133250742819036,1.418563141212,2.3093680234710576,1.1763884341058066,-0.8089108617288818,0.16717627638581312,1.4045910890896374,1.4045910890896396,-0.2888582953099424,0.47879427542857206,-0.013594140759566787,0.8613903978682277,-0.45119606303312054,0.15895189785225175,0.10111296152156388,-0.1050712686676635,2.000154154508864,1.1188564224992796,0.7634533560664514,-0.4131350556762607,-1.0754772179642718,0.4698811184412867,0.41475293235194066,0.41475293235193933
wgsm_maize_0072.jpg,fruiting,0.5711406094487717,1.7414733270000566,0.005659987910039662,1.5353261237548377,2.6639316314875736,1.2784118468403696,0.4054524712328235,-1.3157991507594549,0.21394379552099793,0.41879337463991834,0.9948832837004645,1.310864774102003,2.1137194453008012,2.00078780043396,-0.3568787981488155,-0.5798584268506893,1.820847277028442,0.6408385730263738,-0.012652230010570356,1.6414488906204294,2.9278355101756204,1.045359160157605,-0.782712216332077,-0.03156165123630481,1.8560347241335233,1.8560347241335278,-0.4925290001475789,0.7146227348646182,0.7497718311942342,-0.6474716450327058,-0.3157330852654371,0.40531496670781236,0.19072587280521316,0.07604813880258222,2.0072996369193956,2.0121311614819892,0.6876315820314913,-0.1970049367587823,-1.5345637881724603,0.9145144936695231,1.6474262708887337,1.6474262708887324
wgsm_maize_0073.jpg,fruiting,0.42607023909719344,1.1504196903859247,-0.05750144545652739,1.4777714435541718,2.625999145237205,1.2961791267789002,0.3199077099862802,-1.1327972715495485,0.20984359717590884,0.1317284363038151,0.38259672082297325,1.4700499185853135,1.9685783309708609,2.0856141678161473,-0.3941982883121636,-0.4492945507490809,0.7154489547071047,0.4655775583136205,-0.046221961251061934,1.5983965979390402,2.6897356644954615,1.084920908414706,-0.792642106408376,0.05560363096427575,1.6815753974081449,1.6815753974081438,-0.2888582953099424,0.5116336001545561,-0.03222741646130766,1.292493838697066,-0.29690425437879053,0.15895189785225175,0.05720864928195665,-0.08717279594394811,1.8102814391448663,1.8767871122962894,0.528806676508916,-0.3215119506763983,-1.345583003555736,0.8028804365508863,1.0566697809371408,1.0566697809371421
wgsm_maize_0074.jpg,fruiting,0.3918780544109373,0.9670299159972295,-0.16396450512001395,1.3866385783069934,2.537471670786859,1.3810883139786454,0.20678887525520892,-0.991441656854545,0.1838285614953003,0.03932376750515706,0.2628545459947275,1.249846293334905,1.9046178120373833,2.2373424803166846,-0.39674584236603627,-0.4076732259635927,0.5046357961337836,0.35017806126083445,-0.0013427148255266744,1.6224341637447242,2.5448017558636686,1.1480006936300957,-0.7990411944380098,0.07446082229000453,1.5844269519202614,1.584426951920257,-0.2888582953099424,0.39789386086780215,0.03782398536649516,1.292493838697066,-0.3052726236617784,0.24865665643290782,0.33867739076338615,0.03636498062309303,2.265695064640944,1.2297530370256016,0.9134268210078511,-0.3342638787147378,-1.2672638653387933,0.6479036110433718,1.0718722362606505,1.071872236260652
wgsr_rice_0001.jpg,fruiting,-0.42029079106643785,-0.3954422428337818,1.5932300249807725,-0.11806809542833359,-0.3316569624648504,-0.2908299587420338,-0.48405729661771923,0.29958677122031263,-0.36672924298375664,0.1249045817263008,1.472601553182432,-0.1712418554348272,-0.21503736768091372,-0.37561889009710814,-0.3602818426460192,0.1911205189364752,-0.5017518728409482,-0.2849510879693529,1.2279858603613316,0.013619887257422116,-0.3276545409439719,-0.533372705135293,-0.18789029262410872,0.10382204476935646,-0.006656939638929995,-0.006656939638933467,-0.4034107500620666,0.5181675851774121,-0.3621702627986697,0.6458386774538086,0.3443220419267602,0.3022845012365612,0.39761742637276826,0.27019456923381663,-0.19915141266932876,-0.20020110090820684,0.33992027467292407,0.1981542191063692,0.020729890394040714,0.1412160771705655,-0.3293480845005626,-0.329348084500561
wgsr_rice_0002.jpg,fruiting,-0.41803945669268266,-0.2914111040006748,1.5713682830698819,0.1143566168665446,-0.2753804365613574,-0.280208303471865,-0.4089186008188786,0.1936364369010612,-0.35824607333186825,0.502681072125881,1.113077233387237,0.1184171098453075,-0.2006556245538922,-0.34852081788340206,-0.23717316613342393,0.05033695984674324,-0.49244885343654826,-0.1563878771388974,1.345964319027811,0.06680759310786313,-0.35987026421858437,-0.5201980313002126,-0.1684821997182159,0.05163033927714325,-0.0009096079402193291,-0.0009096079402239126,-0.3979482587207902,0.6963275768006212,-0.31343513216352326,0.6458386774538086,0.23134905660706478,0.44025432014049737,0.11073582447817495,0.35886590199350266,-0.056488160403880015,-0.028567263656699083,0.27712514904043917,0.4401898296292803,-0.14735314455615803,0.21563878191633568,-0.1881564185917991,-0.1881564185917993
wgsr_rice_0003.jpg,fruiting,-0.4205722072660948,-0.44582712229816673,1.5571452982504737,-0.5295974960458456,0.10897736722534829,0.15824217450806974,-0.44092680103992965,0.21987858409857305,-0.36672924298375664,-0.05451752572454749,1.5908550101858085,-0.5642990405120444,0.08331899874404125,0.16186156314991376,-0.3276867150216947,0.11293753566814188,-0.5025825015875639,-0.3721011441972562,1.1626420295157998,0.7784278858678124,0.05493480752005457,-0.405325566891704,-0.11326932196788597,-0.030099569182893693,0.4866865974665242,0.4866865974665221,-0.5147651786879268,0.5536447038570678,-0.21915674820961706,1.508045559111485,0.9238316147706648,0.7207441993256595,1.0231035185537385,0.47539754856471866,0.020362734901118677,-0.10174899335135261,0.72036521135054,0.3823041090458107,-0.24524218752889448,0.7140806183883259,-0.5488278436920704,-0.5488278436920689
wgsr_rice_0004.jpg,fruiting,-0.41030049508146127,-0.1751382894385113,1.8818549635718254,2.7575686386029483,0.2970709169779614,-0.05921281191320139,-0.245338691715162,-0.42728848852623796,-0.36036686574484045,0.397552111055087,1.2640798952630217,2.494222043090346,1.325629605111368,-0.10969918400018511,-0.061811462122749496,-0.5557101107247854,-0.4884618410922363,0.4078296916099024,2.9486873945219902,0.6533068557860396,-0.05593165998741104,-0.31155523307337235,0.6018705303851559,-0.9511757870132626,0.7366028274620718,0.7366028274620687,-0.46299596921395847,2.2974927066237676,-0.30887365720170684,-0.0008164837894485803,1.6571099731886552,1.6558188023565859,1.8127797099323026,0.8416320470184524,0.7444957782222397,0.22943546632001835,1.3965818700896755,0.8616561126286358,-0.8894208536866607,1.4388562771056013,2.8405914321177232,2.840591432117725
wgsr_rice_0005.jpg,fruiting,-0.4198686649757466,-0.2408843606717466,1.170222062834639,-0.07775013309144763,0.8595655454238115,0.9284110611975726,-0.33506486266578817,-0.08547418435351188,-0.3624876581578125,0.4284392019126675,0.9026503064267632,0.24405146774700626,1.3096080928931968,0.39319693422631086,-0.19536693589727824,-0.23343887025896376,-0.4829797026434206,0.269273556569618,1.1659808747166491,1.8163491462941173,0.4875880354836959,-0.20034447799089855,0.1997440518393248,-0.47721008074468835,1.382343353481725,1.3823433534817196,-0.5062622131591977,1.525199876866708,-0.4545643754806916,0.6458386774538086,1.562442795675362,1.1569173370620263,2.3678986167429157,0.5786284952219838,0.436648684300905,-0.21346855108049695,1.0568869617480041,0.33691929429519596,-0.4166132194009059,0.842523212516306,-0.830255332510215,-0.8302553325102175
wgsr_rice_0006.jpg,fruiting,-0.4190244151826714,-0.21696815660693544,1.4293474180120807,-0.06349570529133157,0.03744130851735432,0.09811694284404564,-0.3467348336341193,0.0921084175578281,-0.36305320408116687,0.4332620598140764,1.1870901052277274,0.08748259861382994,0.17497065483304358,-0.08966552780753602,-0.2038270061254035,-0.048941179149677196,-0.4954391112849407,0.032757580233152374,1.1858354748017588,0.45167814422349073,0.044196259911848404,-0.3154434669398767,0.12300013803878984,-0.2542365885289365,0.709256652444013,0.7092566524440129,-0.48260902981933,0.8717771746365715,-0.3734243196148384,0.6458386774538086,1.0587715694581652,0.7782722510241159,1.2492407980345854,0.44666146850371186,0.13646450427500414,-0.13384377826132474,0.715187953652128,0.3729660830019912,-0.26497016905977483,0.6228493766332112,-0.8312111755095973,-0.8312111755095978
wgsr_rice_0007.jpg,fruiting,-0.416491663415122,-0.4173261430671525,1.603449597912077,0.21550931847413654,0.48121410658545516,0.05472893698713879,-0.37018012772736836,0.023706307890795204,-0.36672924298375664,-0.09638429301236842,1.7041067478651886,0.05851018732858909,0.8390500710692781,-0.040952360744914346,-0.22808564537784407,-0.09795230612728467,-0.4922827276872251,-0.17190583275943633,1.668914362889513,0.8144841371438617,-0.04911826830255192,-0.38958391565174355,0.2477372611295745,-0.4067690560999885,0.4591550246517328,0.4591550246517338,-0.46575628680416226,1.3383763051020825,-0.16656750855620114,0.2147352366249705,1.125195500641519,0.934768052678404,1.5481509786249426,0.6958169664803071,0.19232246504974806,0.05549337374352639,0.9060784552423442,0.5823688068126266,-0.46091423561908834,0.7960090220502136,0.13391715586674707,0.1339171558667459
wgsr_rice_0008.jpg,fruiting,-0.41747662190511076,-0.3357932884714366,1.5018856248489976,1.4333979010405584,1.072442250081284,0.33147224483178006,-0.21144518215847583,-0.35748276085245984,-0.3631945905620055,0.14127159977295167,1.4381256012187584,0.4172320442315173,2.15049368766393,0.3927750874405484,-0.01679231014484013,-0.5087556648434229,-0.4942762310396982,0.05802828668819459,2.427909914475794,1.4710332568871023,0.23697209925360835,-0.2336397307505624,0.5409512411295974,-0.8664527558326519,1.0008873867043961,1.0008873867043948,-0.4818861568080292,1.978610037563862,-0.2342600458367599,0.2147352366249705,2.0608837910907294,1.590165319627271,2.7449945588558764,1.0173326508200555,0.6210760492761865,0.18798722939750998,1.5789549477244207,0.8422269939245555,-0.8807661502506382,1.4542905312148129,1.8928503400634766,1.8928503400634744
wgsr_rice_0009.jpg,fruiting,-0.41550670492514974,-0.37781220477096866,1.727033023051327,2.127988035177738,0.3727194555453817,0.02730572123226601,-0.276514829573518,-0.2911485609291963,-0.36050825222567895,-0.023886927171113417,1.6189000323172202,1.6807702738949661,1.2233180452553416,-0.012905219167420568,-0.11373170251664066,-0.4117870899079969,-0.4887940925908826,-0.066643405692799,2.7700324992123435,0.7536726324543023,-0.06755893884146438,-0.3156321827138198,0.4376849640155863,-0.7458672594542775,0.6373223073117634,0.6373223073117614,-0.4607334033124175,1.8641442999412352,-0.40642217668785957,-1.9407819675192202,1.5090944414965815,1.284486604246469,1.91622548671608,0.727618228414488,0.4634072839486204,0.06595077395496902,1.266983419316258,0.6036052853961525,-0.6210460087824013,1.0152600016563453,1.913423722716849,1.9134237227168465
wgsr_rice_0010.jpg,fruiting,-0.41367749664208586,-0.311924321017328,1.620201210011527,2.3720430373124706,2.1809275084427457,1.2044462680147328,0.13742203144791396,-1.0041817859026851,-0.3561252809188962,0.0823193907530317,1.6465877518215641,1.3996788892874565,3.6306695505901403,1.1051803866932897,0.44693522286941917,-1.2534643856595944,-0.48048782204301693,0.18048998738046643,3.3606417971491145,2.889430279230255,0.8931357247238837,0.19451773141096748,1.0791750648864118,-1.6468878809170475,2.24481390388179,2.244813903881785,-0.46985994115097185,3.1498147529385494,-0.29283009035575247,0.4302869570393896,2.866862357654269,3.0711063793111406,3.315149189036264,1.3057334238513956,1.6967421876009654,0.5114841952474183,2.256006648027797,1.3726369141018284,-1.6922532751606767,2.6601709190485296,2.730350872855626,2.7303508728556234
wgsr_rice_0011.jpg,fruiting,-0.42029079106643785,-0.5194193486019424,1.7169189717255424,1.9563981917310371,0.6651409798228801,-0.10189271674263417,-0.39621643500272813,-0.18497941961599618,-0.36856726243505156,-0.23973718412654368,1.7320922626799964,1.177186218477348,1.7687489200723463,-0.1027928316675253,-0.22859897268711907,-0.3020514375161291,-0.49593748289350575,-0.29576076865980305,2.8019504365556913,0.955660090388282,-0.1864238266615927,-0.461119660206884,0.1288873814602844,-0.4698139704663232,0.37591141391879446,0.3759114139187954,-0.4642788208610978,1.783437484936698,-0.35679474685253815,0.4302869570393896,1.2617045245695686,1.105239595705774,1.7129425067572543,0.6196253027756876,0.4482292937248694,0.04158362643732928,1.0998080981510638,0.5164001712127303,-0.5454615987744661,0.8981288129371555,2.196307734200719,2.196307734200717
wgsr_rice_0012.jpg,fruiting,-0.4243713349173955,-0.5220189538591207,1.7589037524768796,1.556558686585637,0.10562246491413563,-0.2812383576032856,-0.427687485674747,-0.018144071541724052,-0.36658785650291803,-0.23691532290123388,1.6299751201189607,1.2395130500522413,0.8402486353140775,-0.2845714566486839,-0.2674394035898841,-0.13644119371251492,-0.5020841243395945,-0.24113578210225073,2.4811186452001626,0.200000903709268,-0.3831988359346784,-0.49418847044075404,0.1106310779486904,-0.34242269737585995,0.02004034309056471,0.020040343090559826,-0.40954075262572104,1.3275589298975765,-0.48963146244270894,0.8613903978682277,0.5864817280520048,0.6568783114231298,0.9016148737263158,0.3677330352694717,0.19362836355925914,-0.0742105037350433,0.6096386999294553,0.33681888541300437,-0.2534700836721819,0.44059832126148923,1.5994065392530967,1.5994065392530947
wgsr_rice_0013.jpg,fruiting,-0.42366779262706245,-0.4987171337983247,1.4347731970512925,0.12735854892443127,1.1283941250848082,0.5085004387192278,-0.34819887163987195,-0.08681011386572625,-0.36545676945579963,-0.16549542538325498,1.6372394111110955,-0.35102791264573413,1.630987760202871,0.4356891497616032,-0.19185930942815047,-0.21836222874152775,-0.5083968887153042,-0.29033186922591553,1.9198066920600705,1.4479822923190937,0.21356935262951374,-0.2252970336810488,0.17638363010077024,-0.4635873663888055,0.8889998163762708,0.8889998163762749,-0.40151649891778934,1.6959062855749556,-0.36490100642390483,-0.21636820420386765,1.0817845849862748,1.2420718542653932,1.8777340348895668,0.6576663992374021,0.5554608090718889,0.024924044526587367,0.9468284835783273,0.5939660327057591,-0.5938805149836692,0.9518315601116554,0.20018893715725627,0.2001889371572552
wgsr_rice_0014.jpg,fruiting,-0.43436163090238356,-0.7811278342927243,1.3005485703530684,-0.4132360934233976,1.251769696500135,0.6243733468112308,-0.47287179912012567,0.10504479076840673,-0.3886441019174327,-0.5604598541136562,1.5615000509067967,-0.6530475818597673,1.3901580236824547,0.6539500194130411,-0.40812421221675393,0.042759000686804605,-0.5289964393356646,-0.5731133164935253,1.511334660359652,2.246514690791208,0.17757666234754202,-0.35696815449882163,-0.20645520111002302,-0.1005979929049358,0.7410523745836544,0.7410523745836529,-0.4273898777375381,1.4896501583534654,-0.16899809565009283,-0.0008164837894485803,0.6461063591929807,0.9830331130017038,1.3707294428620782,0.41070031688450415,0.5193391635069241,-0.08189799755650659,0.7407402255185417,0.4243252262430067,-0.4436127325857964,0.9699086659518903,0.2750633054422066,0.2750633054422091
wgsr_rice_0015.jpg,fruiting,-0.42169787445296414,-0.5648414059820572,1.5470836643816546,-0.3738724043012585,1.5741692603349673,0.9811333294828724,-0.32394256730904963,-0.16398968970727684,-0.36333597704282755,-0.32167516110324795,1.761804524586076,-0.4788205236528969,1.6735018453317605,1.0405458537310504,-0.17063305171238563,-0.3012792413201981,-0.5062372596135273,-0.3929518672748606,1.9687427243281799,2.160409715698531,0.4391534295597961,-0.15553551265380938,0.19705643421263885,-0.5485738752786049,1.0932154894772321,1.0932154894772335,-0.4390881586766865,1.9123505894431956,-0.3068780868480773,-0.4319199246182867,1.6670474117121918,1.3980801300578307,2.63794020846337,0.9064934848704435,0.5721171749667842,0.0950147192643095,1.5413780773326449,0.6092281827988895,-0.7496414653158221,1.3520650262586176,0.3168017830819023,0.316801783081903
wgsr_rice_0016.jpg,fruiting,-0.4188837064857743,-0.38036452207330096,1.5013060571588497,3.052855718285076,0.6719049811010672,0.10133563473549026,-0.08497124537405218,-0.5629231136408513,-0.3616393392727809,0.13937326690045884,1.2243641947089423,1.8837735191836043,2.2697731677731867,0.08320334486002604,0.13463395916723095,-0.7307317151827709,-0.49377785379172884,0.0020580787220445267,3.0940596100428635,1.0760275848998442,0.1418061749895287,-0.21065011436224745,0.7434712110275322,-1.0912781655020973,0.9159751958008644,0.9159751958008667,-0.4692135776411638,2.483299880718171,-0.411104721893998,-0.4319199246182867,1.8004182971590823,1.7746126040277037,2.1838613626973817,0.8780858171529905,0.7971505917095045,0.24294377791752328,1.5512315677909316,0.8348971455245702,-0.9359349447560635,1.4805076203866114,3.0499210489824566,3.049921048982458
wgsr_rice_0017.jpg,fruiting,-0.4183208740864769,-0.2719378112375236,1.4321919234170868,0.16457513951058345,-0.12062000502215636,0.004517259565802165,-0.2177647097616129,0.01218142344213986,-0.3664464700220795,0.3319812635949586,1.1357039849784438,0.21102427724778805,0.03821866796822458,-0.07696007073330319,-0.03605092331930456,-0.1554003915419158,-0.49975836948849456,0.03914738192398674,1.1450136382437008,0.30467202656464837,0.04493680224171631,-0.29494529243805556,0.45155210269419305,-0.4923231780879497,0.5813321726985176,0.581332172698513,-0.4430911570405215,1.0430885819580462,-0.4369543813901183,-0.0008164837894485803,1.0158836768830433,0.7829850010220221,1.1872936177512623,0.6267409035526975,0.033717395130458815,0.03590331115932943,0.7729728298990342,0.5377872631195435,-0.3483082448857359,0.5693580575971932,-0.24882969088592602,-0.24882969088592746
wgsr_rice_0018.jpg,fruiting,-0.422401416743296,-0.4451181623844541,1.7275599443873177,2.0629186396785895,0.116769576640828,-0.2673978705836813,-0.22343116383108105,-0.23966017942269682,-0.36135657111071057,-0.08022249110302324,1.466111116033566,1.9058787937897452,0.8382931913157845,-0.2688608423335982,-0.0057466034860203345,-0.41303595042240376,-0.49095372169265944,-0.24800593054373615,2.817532650196994,0.15336075758364323,-0.2885513315265108,-0.49464143750702194,0.347359814385243,-0.5802741101596517,0.07278601626099002,0.07278601626099443,-0.43955218154235676,1.6007037037974898,-0.4646929860714851,-0.0008164837894485803,0.7052079672537737,0.9307053371629845,1.1475993080551723,0.6173264163708055,0.2811728428855377,0.12927725700122208,0.8723427760461837,0.553049413212674,-0.4750621069893909,0.6080494069394574,1.8916669153975747,1.8916669153975754
wgsr_rice_0019.jpg,fruiting,-0.4183208740864769,-0.43183661374603366,1.4634828562552993,1.6235961045690643,1.4433803858415157,0.7728196014572113,-0.1390133777608944,-0.5160538159898206,-0.3617807257536195,-0.08222348777912838,1.5786485071862741,0.5556195544740549,2.7666974103201203,0.725649082935233,0.09657306047463408,-0.7118372433502999,-0.4966019858907788,-0.15475436417764918,2.8588930202394613,2.264004599439609,0.43322876912079267,-0.1743349171314399,0.6566618159254962,-1.0728163900425038,1.0757880965843674,1.0757880965843725,-0.40347192130613674,2.2313058583366883,-0.35947743616630373,-0.21636820420386765,1.7298101813342648,1.8375034402065327,2.241598540437117,0.9360505957903411,0.9467375700348137,0.2807590216763624,1.6298924831443953,0.8498078645300249,-1.0099227793356185,1.3992135011401687,1.5659975506080186,1.5659975506080173
wgsr_rice_0020.jpg,fruiting,-0.41860228909198016,-0.5340243438463776,1.3497502506710273,-0.6835930526239353,0.11731060269248338,2.7036495674064147,0.1907057839099871,-0.4691540847521014,-0.3616393392727809,-0.3539474887550915,1.687970433422848,-0.5780985680088805,0.5985988429463117,2.2291708167045408,0.40584202524833934,-0.7543316164664704,-0.4934456022930826,-0.34327532902272245,1.347256674585412,4.231409452834202,1.4664273135560153,0.20070869139002243,0.9801397573906534,-1.3180981931091844,1.2278142899051012,1.2278142899051034,-0.4696246939301514,1.240511729426416,-0.20930116948580002,0.6458386774538086,1.9092070978373756,1.9715730522156665,2.6198973404197243,1.1601372848756188,0.9817750734409386,0.4439627090453275,1.9032850912836698,0.9987644412613041,-1.19054130255023,1.6956357512923346,-0.9135502224563907,-0.9135502224563898
wgsr_rice_0021.jpg,fruiting,-0.41775803929890487,-0.06732585991846775,1.4992517048606344,3.5529534518217756,0.40767582825864446,0.06329062385245754,-0.08872081192020172,-0.6319590814582201,-0.35909439221689987,0.6047313452574321,0.8198251771801349,3.12487924445047,1.628401514555951,-0.05465946054015566,0.12324608937435519,-0.7833439156484853,-0.4954391112849407,0.573578337619128,3.202918568893397,0.702996443501328,0.003463696468652773,-0.2655005467930408,0.7522416898143637,-1.1406027073601268,0.8811204100151352,0.8811204100151341,-0.49235588529940433,2.6547322877622914,-0.2534024311547614,-0.21636820420386765,1.7941420201968874,1.771037414374134,1.9541155096078056,0.9828493547468399,0.7509759915807575,0.3631336291000778,1.5999979951438106,0.9667842122832672,-1.009140299298937,1.5577846050018864,3.286651498496151,3.286651498496148
wgsr_rice_0022.jpg,fruiting,-0.4229642503367307,-0.3115934593658258,1.2041469156612092,-0.30361420893638613,2.0560370170574744,1.4434023232606918,-0.031719071099661225,-0.49492870909203945,-0.3626290446386511,0.18642215966738435,1.1155780930492423,-0.43787985684070474,2.506881407537155,1.2450992799705363,0.17928236557641838,-0.6879990099073624,-0.5007551239844332,0.0930996533994154,1.7503071779978279,2.7991996234336125,0.7303538207671022,0.07968307576898989,0.8397436633048148,-1.160446046722971,1.7949461501101311,1.7949461501101325,-0.4930382645870189,2.87683937865034,0.06686618832215421,-0.8630233654471249,2.470933885954999,1.762099440240192,3.4095735317982188,1.0239008976911426,0.8557928266649042,0.181905478410816,1.6599539794578118,0.76039375493838,-0.9851837640344747,1.6726957982670045,0.10678942121761005,0.10678942121761212
wgsr_rice_0023.jpg,fruiting,-0.41761733060200784,-0.16365270754557762,1.1660078366326947,0.3476162615341767,2.105116615034529,1.3386660275755646,0.0027748359124004415,-0.615067916129197,-0.3537217155442469,0.5343889160627353,0.8581714332700107,-0.21074380525045186,2.881561415930453,1.276467820704579,0.23618371477216338,-0.8216305972122989,-0.49776486613604076,0.32721347847133647,2.1009386541905335,2.581247075078535,0.7165048344734258,0.0698681332157596,0.9682223845472593,-1.3258327187810464,1.813393230885025,1.8133932308850202,-0.4739974645832077,2.492036060693175,-0.2528962238194316,-0.4319199246182867,2.699494971995427,2.163333224543873,3.203283407165452,1.242623518498364,0.9819721901970936,0.36373578266311796,2.018353818838926,1.076932756047487,-1.248057537165701,2.102846346009222,0.6858026971767912,0.6858026971767889
wgsr_rice_0024.jpg,fruiting,-0.4171952068996075,-0.20037794010933743,1.0860419159153218,0.781571050303735,1.8720018680717674,1.2305177562502352,-0.008031494505553414,-0.599746704099681,-0.35796330037019114,0.36240653454116195,0.8997326368210931,0.3331923864574302,2.4665747855748905,1.3097867299067132,0.26177317200858086,-0.8387930214370027,-0.49095372169265944,0.3836161237664572,2.249003849145899,2.489042827076633,0.473665035182032,-0.03719013670788945,0.8916289459303018,-1.2571575129740267,1.4109873130769122,1.410987313076912,-0.4512104460319043,2.2946613131138633,-0.2843573006252661,0.4302869570393896,2.5394499094590848,1.905107026383268,3.1587776659910567,1.147767086601737,0.8865676802192319,0.30167382209924637,1.9807769484471502,0.9025727321217266,-1.1104517044523103,1.7808412911007034,0.9787458183208279,0.9787458183208269
wgsr_rice_0025.jpg,fruiting,-0.4215571669502207,-0.4880823756836471,1.6402718313950022,0.08966485412526495,-0.4323594628710681,-0.4750037073688514,-0.4245382708184847,0.2744087501228678,-0.3698397407625824,-0.2913011663238853,1.7832403536628771,0.13600979612553263,-0.35147388520070816,-0.5063117318756143,-0.2703196208356536,0.1434661291348244,-0.509393643211243,-0.41010323147882,1.3956186039500973,-0.23760877414378842,-0.4602203065917995,-0.5459433408673419,0.10160466050179062,-0.09999012073169372,-0.1212327780196781,-0.12123277801968098,-0.43171621211010947,0.6859216006531097,-0.34502796973701294,-0.0008164837894485803,0.24651672593236973,0.28749621676039583,0.16005299713094595,0.27599652063661195,-0.2508206423758298,-0.1256143462331278,0.15955129679240318,0.3234645040815165,0.003791963943449289,0.10685900466719114,-0.250013115551828,-0.25001311555182687
wgsr_rice_0026.jpg,fruiting,-0.42802975267766924,-0.5151181984765335,1.5043613768776904,-0.6844280173910555,-0.6777575703195948,-0.4453273093893699,-0.5253656392352382,0.4995023785907524,-0.3760607315206601,0.08426911126229007,1.2892667551053676,-0.6343430176300758,-0.6425132676969194,-0.40334956068109634,-0.44548174345282743,0.3880310506507887,-0.5075662627884102,-0.29580878245930603,0.8757387837154011,-0.3493655762811256,-0.48369706722388156,-0.6281245086045422,-0.3110163498907177,0.3050137829478536,-0.4884131144485966,-0.4884131144485926,-0.4265135799237771,-0.016409189470331306,-0.45052547105381585,-0.0008164837894485803,-0.11803036095586307,-0.18524136061482357,-0.059468564067230986,0.11824912494932256,-0.44530096191489654,-0.27221866704765424,-0.025827930473697056,0.07344638742436428,0.2524151158005651,-0.24368884893643863,-0.9496901910997041,-0.9496901910997023
wgsr_rice_0027.jpg,fruiting,-0.42521558471047916,-0.4723902709191509,1.3698206431573103,0.12061896600025532,1.4586398598643864,0.7447524794944602,-0.2833925588508092,-0.20097226942070234,-0.36573954241747686,-0.07288554044729749,1.3902527411960726,-0.342918283173533,1.9248023684618951,0.7325555498068004,-0.11619375709109482,-0.3340376202935196,-0.5007551239844332,-0.2663103565804705,1.8540675414435346,2.1118860049741612,0.463518840987723,-0.1700314429505185,0.31693778855335875,-0.6334459846184237,1.5100824354304878,1.5100824354304871,-0.43297544647278946,1.974350847326741,-0.1951862722260713,-0.4319199246182867,2.153458876283291,1.7206597419828167,2.6072673327891027,1.0936885206964453,0.7486352301014444,0.21373933011013907,1.7396169446883674,0.8408714740149714,-0.9779754630904991,1.7458499341818836,0.7566261117976926,0.7566261117976913
wgsr_rice_0028.jpg,fruiting,-0.42746691908423123,-0.5821877676599326,1.5748452314163914,-0.08765069339860751,0.35145344022928976,0.319563056861837,-0.44809939736539306,0.135966364277752,-0.3730916226224516,-0.2862730922851765,1.7509677247782023,-0.16679462781391005,0.5966433989480114,0.17667579599733998,-0.3336278136306131,0.026340172798923263,-0.5087291402139505,-0.4679471257815383,1.4916956608757712,1.1528940127520513,0.037753099166922044,-0.4359028532244044,-0.07505549485836133,-0.11806206079100486,0.5113445044319603,0.5113445044319609,-0.5243672122103445,1.2467553151149229,-0.34604054045444255,-0.0008164837894485803,1.0059462383595674,0.6981555010598697,1.5331152552552376,0.537741158449458,0.064787923819012,-0.1529320462096568,0.9074145217451599,0.32000039764590665,-0.2461985520181717,0.6066751240393253,-0.26548866887516115,-0.26548866887515976
wgsr_rice_0029.jpg,fruiting,-0.43056250384814027,-0.6271372022122886,1.4044303563823557,1.2213112135714617,1.391270477671587,0.20645821820215082,-0.35149554290296625,-0.19891170571509909,-0.3753538015162623,-0.28016743845325476,1.449319962381157,0.24686368312363588,2.4846149178852177,0.2676705415496298,-0.20249627074961926,-0.31152049964063167,-0.5226836749599549,-0.4077010802142755,2.5526022569878815,1.6274570026747035,0.04967659495292943,-0.38720565402081103,0.1664913915323618,-0.5167994999226578,0.64242074672191,0.6424207467219082,-0.44481569075532024,2.014183956021634,-0.4046017850760217,-0.0008164837894485803,1.1576229316129218,1.241096802541692,1.5295066816464384,0.5844851820153708,0.5650456113398099,0.07793362985944087,1.150411616945314,0.5674580878071719,-0.6190226260612859,1.0825998637629488,1.6039581725834888,1.6039581725834882
wgsr_rice_0030.jpg,fruiting,-0.43309525501861135,-0.6508644084901408,1.5938620101278922,2.7204115240715883,0.933915597954598,0.07230307303490247,-0.3792275530913972,-0.31244000311973935,-0.3762021180014987,-0.10710758860839946,1.182505195847396,2.125101440111278,2.1337781977032835,0.04318883490975794,-0.21524345835294398,-0.43019787289519335,-0.5203579172891527,-0.08893537777799543,3.1997229374059577,0.9876802988369923,-0.03778720638044396,-0.4403950431792645,0.09729845329174981,-0.5498183191637602,0.6880286047181301,0.6880286047181308,-0.4435820133608604,2.300614499468021,-0.5763433335889789,0.2147352366249705,0.9991469383171893,1.1881189922205062,1.2738993843609712,0.4645599412274206,0.6538220703920395,0.045919132091209514,0.8335968474644438,0.49983270565111143,-0.5681140006444597,0.8754002880503077,2.1861120755406405,2.1861120755406396
wgsr_rice_0031.jpg,fruiting,-0.42662266929114756,-0.6156044350527959,1.4367749029953443,-0.45731147819824675,0.7593500507583589,0.9654261578071758,-0.3715914896548276,0.020378027884520353,-0.3783229104144543,-0.2864269207857046,1.538099445472321,-0.44762449855719366,1.0060791666536977,0.7752586314655201,-0.22504384650720302,-0.12780955553278744,-0.5319866957741884,-0.4550714948008694,1.760898440528695,1.7798443159050568,0.00790727224791199,-0.3853937037410635,0.04521729123163957,-0.29882012604038144,0.3702567811184501,0.3702567811184521,-0.3948709437682859,1.2659942710155547,-0.43676288926197776,-0.0008164837894485803,0.9855483382323721,0.887803061320058,1.495225232363442,0.5708560697578603,0.27607244682008825,-0.017748571307433365,0.9620262400478784,0.4394367630128447,-0.4147716249711402,0.7802576257332791,-0.6521954366252753,-0.6521954366252766
wgsr_rice_0032.jpg,fruiting,-0.43393950540876836,-0.5229170142480791,1.425291130872621,2.36124767984537,1.0253647541597986,-0.12828601822407748,-0.33424332636565474,-0.2846955911172511,-0.3759193450398215,0.021007028949247813,1.0892598180090953,1.3757423782335543,2.4067142717953134,-0.07047545064750417,-0.17398859649880097,-0.40122872437779833,-0.5190289141142699,-0.0639530672534262,2.898817508998471,1.087239139750721,-0.15250473535325845,-0.4489642647892521,0.23473581272449043,-0.6056445023449054,0.48585230738122753,0.4858523073812271,-0.46077469947022925,2.1619730172608267,-0.528191039846661,0.2147352366249705,1.2617045245695686,1.0927264319182624,1.623931024408393,0.5719507775697058,0.46941934501127697,0.05557366088526457,1.0184750497919681,0.49220163060454597,-0.5394783928374164,0.8718060096961034,2.5551129896355294,2.5551129896355307
wgsr_rice_0033.jpg,fruiting,-0.42957754476108706,-0.6238285856972543,1.4121215309308035,-0.7431753609411441,0.8535049250380761,1.4266649575955834,-0.26558214063934477,-0.08161751431628657,-0.37634350448233733,-0.3362977862478649,1.5628694953710007,-0.5833305858773227,0.9079938270978669,1.3078361323608125,-0.15764820033873733,-0.22177614876564367,-0.5313221941867529,-0.45127610832822995,1.394397699242977,2.7640401406536674,0.5760146625209146,-0.1273742147038924,0.12520597338205572,-0.4477687387198796,1.305681364532794,1.3056813645327967,-0.4704533649890756,1.5009515324485534,-0.1788406536532884,-1.9407819675192202,1.55668954179335,1.456258216238754,1.7760925449101537,0.8301923503846459,0.7508035144191215,0.15211894882582871,1.2890285166127597,0.7278110726672004,-0.8198670726483016,1.4172906069804028,-0.7171472442499709,-0.7171472442499697
wgsr_rice_0034.jpg,fruiting,-0.4239492088267193,-0.5030182839237282,1.4814988964433666,-0.2405726359199713,-0.11915892901824311,-0.07633632550184458,-0.3320420520912349,0.18475297789014627,-0.36234627167697386,0.0604624787562951,1.3182049044407136,-0.2608405832571971,0.06477427993138321,-0.06905207567962893,-0.2071065513745597,0.038284377116101255,-0.4985954892432326,-0.40001417529216865,1.1740233075637718,0.43006216514122503,-0.013125497570569564,-0.48901670686447607,-0.04894719999569641,-0.037461399456735,0.2379754531497385,0.2379754531497346,-0.36476702444666853,0.4217792061180205,-0.4032863833569729,-0.4319199246182867,0.7240367981403592,0.5141957425212874,0.7578733583116598,0.501780006830257,-0.08536576518023736,-0.032360831103842747,0.48738861492154456,0.4344665233443575,-0.1997555954975586,0.401906971919225,-0.6445031762969127,-0.644503176296914
wgsr_rice_0035.jpg,fruiting,-0.42465275111704115,-0.5746725769291868,2.2427548772289887,2.074608599939441,0.09193210751696504,-0.25684054999109945,-0.37983843084384356,-0.17983929176774321,-0.3764848909631594,-0.016806580289453102,1.5906167221919418,2.044724255232706,0.9192846695549332,-0.28140823571943385,-0.21438788530141925,-0.30073785100479233,-0.5256739299886258,0.10765670676300765,2.6744936637586303,0.4122133152564491,-0.24285685289815484,-0.44854902447483513,0.11571269032210767,-0.44934561892797514,0.6765339413207088,0.6765339413207117,-0.4726390190756667,1.8356125653414301,-0.30278019769201836,-0.21636820420386765,1.5828406958025574,1.3269013542275265,1.465755214558821,0.7056693367869373,0.5489559561188522,0.18162447341473176,1.2051903435608842,0.6867438398508223,-0.7289571192956645,1.425430590311979,2.296170569469522,2.29617056946952
wgsr_rice_0036.jpg,fruiting,-0.42873329496800344,-0.631532876903246,1.3244646645621747,-0.5680665823742412,0.2075695486093324,1.4742373747977684,-0.23576468863015315,-0.026883758091387294,-0.3778987533717502,-0.1611855520901387,1.3024853999420378,-0.2995577073031658,0.7022982212458736,1.0304762804691465,-0.13953982363906547,-0.19832777656002806,-0.5173676622604624,-0.4176459906246014,0.996625198392711,2.307146529997615,0.9031337300022134,-0.05127074467551004,-0.0192253417353986,-0.28642431696268816,1.433420446481557,1.4334204464815532,-0.44553198091305923,1.296147401898809,-0.6000650236590936,1.292493838697066,1.332312640394386,1.1380663370704407,2.231374248545718,0.5871672161543927,0.5267064022681268,-0.1748905794751416,1.000605160316766,0.3576035240266691,-0.46443934770353235,0.9509858475577281,-0.9256575671152337,-0.9256575671152342
wgsr_rice_0037.jpg,fruiting,-0.43070321254503646,-0.639331641330648,1.4771267311789436,-0.6416647339906999,0.05762503660363999,-0.06320393950971434,-0.409160837554248,0.28732990654010226,-0.3798781593038837,-0.08956043843486035,1.3059984014411723,-0.6797309831074316,0.03638943911622011,-0.105587008246049,-0.2709469887549166,0.16470578941419686,-0.5299931910118818,-0.4472405484802594,1.0261017943404829,0.6679265985980105,-0.31528663931003986,-0.588411771325349,-0.0970532656736295,0.0528002440826944,-0.35501939969948937,-0.3550193996994924,-0.5141696045937809,0.4428573578028636,-0.34807556025992625,-0.4319199246182867,0.03416935537767386,-0.04190875723051411,0.17569014943543862,0.15278715641312424,-0.28299995281774504,-0.24584434098655106,0.1759181114519177,0.11797772667635215,0.15201265210394338,-0.18956324548497475,-0.6308027599724324,-0.6308027599724304
wgsr_rice_0038.jpg,fruiting,-0.42366779262706245,-0.56540855337537,1.2649378897074044,-0.4355421407334578,0.5281292476661443,1.3175513863904087,-0.18933752178926927,-0.10556559873791423,-0.3730916226224516,0.006281851470943526,1.1545791883491858,-0.034816374094287304,0.9242677696086226,0.8769029752927812,-0.03419727808389344,-0.31777032148372214,-0.514045152913443,-0.21648977692983482,1.0192801101942601,1.8197577239851097,1.0031134609854853,-0.012690548084002638,0.20973416470105172,-0.4709778962013179,1.7588862786456398,1.7588862786456405,-0.40235785223243703,1.352267073261784,-0.3080716611014458,-0.0008164837894485803,1.765898773866948,1.5974782075550453,2.6487659292896275,0.9777042280311585,0.5774886065719431,0.06681386072865635,1.6026701281494617,0.6730380274316649,-0.7877616796280958,1.5251189576063668,-0.953741144763753,-0.9537411447637507
wgsr_rice_0039.jpg,fruiting,-0.4281704613745654,-0.6314855889484,1.3937367373664167,-0.6667739953127229,0.2646577899351834,1.538096255489952,-0.30579513203367864,0.010377971072351642,-0.3773332074483958,-0.21664886383607226,1.416749538186011,-0.6023621667647241,0.47755317303748335,1.1485690982351429,-0.1946730270788178,-0.1195823293958932,-0.5273351846621549,-0.3549497799932968,1.1772186270387637,2.4065260951581005,0.4797378845370234,-0.20370420927274865,0.058504904181492526,-0.33202230344521577,1.0369472581688872,1.0369472581688863,-0.5036775963700186,1.0364819971016028,-0.18184051902711057,-0.0008164837894485803,1.6492646269859113,1.211357724968763,2.479764398613798,0.864183027942525,0.4827986448351359,0.030905436586106012,1.4361628402356756,0.5761434561167469,-0.6627861812441711,1.2820823124209908,-0.7683076028835782,-0.7683076028835768
wgsr_rice_0040.jpg,fruiting,-0.3444489610667638,0.5363004167645207,0.7003831085881045,-0.8813657390550114,-0.33663529562077277,1.7510448774620053,1.9117229621303946,-1.584230206671491,-0.2933498130160435,1.3445842325886932,0.25428031785499244,-0.721587303665624,0.14349498186863627,1.8331908099299459,2.203803391007035,-2.0659271762077607,-0.4098845252058028,0.764549467528243,0.2169493057789679,1.0539632215695214,1.136790160803135,1.4806889699344277,1.6399989527367635,-1.7409964584525155,0.332342931686633,0.3323429316866382,-0.5637425403299875,-0.2288363025467411,-0.6376318749790966,0.4302869570393896,2.147705622401279,1.8641548539877426,2.411802928982593,1.7903058367658968,0.32244416370498713,0.8897570635484284,1.9432000780553738,1.5604517282412615,-1.3122604193673584,1.437693422343951,-0.9551521510961747,-0.9551521510961722
wgsr_rice_0041.jpg,fruiting,-0.41452174643516104,-0.3247804834386922,1.4944579109685419,-0.7425789158861579,-0.33847510161717553,0.9089059058161301,0.14175080602784892,-0.20697975448957207,-0.34849042535244906,0.006076523863712832,1.6244375762180905,-0.603997179009012,-0.0360865594700967,0.8492775659621479,0.428779346458959,-0.5509831059412469,-0.4824813253954707,-0.2444027036469193,0.9972713761715115,1.0375493571704784,0.7907120833770225,0.1279272258916352,0.8324562155881324,-0.8943861762631166,1.4966410951673743,1.4966410951673688,-0.42959538831966027,0.14752123476976894,-0.5074900269564695,0.4302869570393896,2.126261676113718,1.6346926816763656,2.428642939156662,1.2692249183262714,0.4917920968345971,0.39862054574850203,1.5194999883489948,1.0595118149872351,-0.9945340052808819,1.5282903796836074,-0.951465328098557,-0.9514653280985546
wgsr_rice_0042.jpg,fruiting,-0.40593853503084804,-0.23790670849650147,1.466064129889499,-0.35735160191190185,0.34847732669218384,0.7083812890927352,0.18748288661579762,-0.3710682090067184,-0.34735933830534715,0.34003652646621374,1.2974241733014373,-0.252730953784996,0.6582701025271605,0.38528882463373515,0.5421257171941181,-0.6991278673639895,-0.48015557054437064,-0.11958686548960026,1.3720301509055854,1.1247305713774576,0.1248466695603712,-0.25141985681074425,0.8124082106080759,-0.8503475313817188,0.4077071360584357,0.4077071360584354,-0.45887158913414977,0.9525807894192249,-0.27103689388711943,-0.21636820420386765,1.2026029165087755,1.1845438025669368,1.3039708311004503,1.0794025837518337,0.17325141889198561,0.41281129805078537,1.0874494829999966,0.9878700775435116,-0.7399197436479603,0.8829059869664252,-0.8968457281338517,-0.8968457281338537
wgsr_rice_0043.jpg,fruiting,-0.39693319514753633,-0.13760952105134727,1.2579318044546175,-0.8453420061844655,-0.4812226269148121,1.1602214917751628,0.3726648847273721,-0.36594329795180963,-0.3381692362492823,0.6531141986517801,0.8447740077560706,-0.6187776854347234,0.23930968216398643,1.1467765643776335,0.7681719669485702,-0.8763070050529712,-0.4695235451453856,0.211045343115249,0.6362637700305014,1.9155490459714615,0.7038407159075399,0.10474889372938138,1.0719177122064452,-1.1197847794965765,0.8837159791693917,0.883715979169396,-0.4848353915950402,-0.0632118821896041,-0.5695631264363795,0.2147352366249705,1.790480858635607,1.511998673110445,2.198897086067086,1.1459060833215933,0.3947367340239579,0.3658834637046232,1.4568718710293616,0.9884725308366604,-0.8908040254686741,1.345193611757946,-0.9551521510961747,-0.9551521510961722
wgsr_rice_0044.jpg,fruiting,-0.4010137401926464,-0.026677626835658556,1.1898184092362873,1.45964044684029,1.2228197475168454,0.50547489071855,0.224778373826677,-0.7203014870102376,-0.3368967579217349,0.8041633079993707,0.6188060982467268,1.2621414944753198,2.118765584406931,0.330829126186767,0.6263844215576961,-1.0734849705375453,-0.4600543999916818,0.6733637470745526,2.450564826277347,1.112532415288895,0.05730470387565701,-0.2255990117252289,0.9356848084822555,-1.2097020285719526,0.3376267688935121,0.3376267688935171,-0.4512435564971951,1.998429792133192,-0.4408885857384389,-0.21636820420386765,1.0734162157032872,1.4044179662619045,1.3478751433400575,0.8657156188791088,0.5570870223101474,0.34707620075237544,1.1221872120732694,0.867228805590271,-0.7978548817174123,0.8773031412966444,0.9341398116829851,0.9341398116829864
wgsr_rice_0045.jpg,fruiting,-0.3831437715112439,-0.021431179710588638,1.0674465369342985,-0.7741295052104938,-0.4452922427200187,1.546336129109322,0.7740891863552188,-0.7048894989376686,-0.3254444769718594,1.1727557910375792,0.2383227840899206,-0.643760678210978,0.42425269491244444,1.4172828663716754,1.30046429988221,-1.3361144662199185,-0.4532432555483005,0.3685786192743917,0.610485301616889,2.1143974244391512,1.0950208380981177,0.38447455145976545,1.2047401940308322,-1.3216645093937724,1.1695993817310641,1.1695993817310688,-0.5445587309470353,-0.1643918502657569,-0.659058980076713,-0.0008164837894485803,2.1759488687312176,1.8035391384975674,2.6794388049638242,1.3766704900591489,0.6559164359261621,0.525454157909921,1.7212460302746095,1.1749318250665102,-1.1519389540739406,1.5191989697288752,-0.9551521510961747,-0.9551521510961722
wgsr_rice_0046.jpg,fruiting,-0.3948225694706947,0.0679949125339397,1.0166645504027587,2.0469943471329515,1.3040418419476056,0.469811661486308,0.26822483434325145,-0.8235500534353838,-0.336472603278826,0.9024684144926509,0.5324084601843602,1.3593919716136982,2.4954642128923856,0.32587348593890936,0.748010281011795,-1.222358777491599,-0.4587253939970968,0.6512158163878539,2.7552761825196117,1.082126662944115,0.052713100080431695,-0.1758071626151566,1.036700107697926,-1.3379590710789941,0.535260820210466,0.5352608202104706,-0.40761531573347276,2.174895787639364,-0.4616560311385312,0.4302869570393896,1.3019773017437146,1.64249309546599,1.4850009404720432,0.9646772050701632,0.6533539180961779,0.45110826466005677,1.3007190985124184,0.9920872505955571,-0.9420129967581662,1.0522599258907426,1.1995910675114534,1.1995910675114545
wgsr_rice_0047.jpg,fruiting,-0.4034057832632986,-0.09147845241337621,1.2215836170563208,0.40886856417436535,1.215298051127197,0.20755246715316727,0.08718205015453612,-0.4468289500481796,-0.3353415114321172,0.643160602908044,0.8613866394586812,-0.2695388853398119,2.1764816740723165,0.06965419421426813,0.43303788139949484,-0.7353503415528454,-0.4720154257458087,0.276624260517399,1.876794528120464,0.9783523085848496,-0.028381715416015887,-0.23650868619961368,0.8417537500614435,-0.9819125943253085,0.3693297921347871,0.36932979213479117,-0.4558095846121709,1.5280554703211415,-0.32933647277858336,0.6458386774538086,0.8908811607190793,1.288224302520655,1.0489649627497004,0.9012388873735777,0.33069842786887765,0.3410546651219877,1.0373469891442821,0.9292312903436006,-0.7142006523412762,0.7809976242179657,0.5391945876048612,0.5391945876048612
wgsr_rice_0048.jpg,fruiting,-0.40256153347022344,-0.1896959967280952,1.2242175370446844,2.0827794955026313,1.3038255255775428,0.4412940569224276,0.2352475956497466,-0.7892472035015651,-0.33859339569179814,0.5040661974502193,0.9238478475097054,1.1954984408664617,2.5550725704622153,0.36773310310391344,0.6428293996896851,-1.128262732264883,-0.46055277723965127,0.22142279523237318,2.834155737363201,1.2685972198401105,0.22897375939095654,-0.06927739527616167,1.0143710297828157,-1.3239405422522723,0.9259866768244249,0.9259866768244279,-0.3636013470660761,2.239679039143756,-0.4439141004321596,0.4302869570393896,1.4081509870210933,1.9117698798285563,1.6738496259959526,1.089857043354979,0.8233424806832824,0.4886224316373771,1.4179589341347694,1.1225183885624845,-1.0996076376813297,1.4127449020030436,1.6827014291992726,1.6827014291992723
wgsr_rice_0049.jpg,fruiting,-0.40425003305639023,-0.16809572153552438,1.2782130112547352,-0.8382446274949021,-0.6091434872745749,1.1485699222315722,0.3062049732754819,-0.29765452715934004,-0.33887616865345876,0.7647078581923292,0.6981777333108183,-0.689868073230868,-0.02063253576526812,1.136074278206528,0.6335518387868588,-0.7329399253570998,-0.4685267962888706,0.12418357843999621,0.6119213389065709,1.0984506946015982,1.0766542620172033,0.36484466635330515,0.9596400651638924,-1.036190995441733,1.7941118600248342,1.7941118600248371,-0.5292402815299376,-0.13576331588783563,-0.6301669197631179,1.0769421182826469,2.2292972229099983,2.069890767689031,2.3233928755685205,1.1833450904867988,0.805084541144648,0.44412328332880446,1.6749847276145104,1.1596696749733855,-1.1767095847301017,1.9522037973405975,-0.9551521510961747,-0.9551521510961722
wgsr_rice_0050.jpg,fruiting,-0.3932747785814249,0.13255945236984687,1.0000708773657874,1.6813892072987722,1.2437610531513446,0.4680736461854044,0.24423181887291914,-0.7594952242116721,-0.3371795308834121,0.8923607673085306,0.592071013262915,0.9904023742215903,2.295508723888997,0.4332113296376713,0.693418822099599,-1.137781969580804,-0.45274487830033117,0.7639728844229474,2.3799433048821097,1.1548672152274124,0.09033506393813528,-0.08260305813333432,1.0224414718460466,-1.302543441754151,0.656881774867053,0.6568817748670536,-0.41055452479968185,2.090655780733579,-0.4089644358477957,0.4302869570393896,1.6377581192218869,1.6121039834105941,2.0972555960876735,1.15696263222126,0.6274577042566285,0.44727455364204144,1.4734056940017481,1.0219086886064728,-0.9928662953037118,1.1645282674248374,1.068640576596072,1.0686405765960698
wgsr_rice_0051.jpg,fruiting,-0.39651107383344336,-0.18019558474418648,1.232329882426417,-0.7124597363839283,0.038361240906370886,2.2969355257397956,0.4532172717977499,-0.6357779718705909,-0.33788646328760513,0.3855975186352517,1.1591045904129196,-0.44768993030643117,0.9630604950224843,2.088672127492042,0.7764704555518249,-1.1137204565360541,-0.45639963914599685,0.22444933464606634,0.945211631285115,2.930599007312899,1.3029047868193642,0.47311093046834585,0.9709928289489059,-1.2615206400614416,1.9484555258047256,1.9484555258047214,-0.4160641717088891,0.9168132714052202,-0.25500272219414233,0.2147352366249705,2.7868398263861587,2.0694032418271804,3.8606452328902656,1.3807756443535768,0.8359579530770488,0.3711422714884964,1.9565607430835528,1.0240172751324985,-1.196358527873438,1.8104412304882238,-0.9551521510961747,-0.9551521510961722
wgsr_rice_0052.jpg,fruiting,-0.3986216995103014,-0.17598906187261848,1.3224627297209308,-0.24355473161744454,-0.22224243781739064,-0.05303290669866599,-0.04699110644182168,-0.038280611589146994,-0.34014864218141583,0.45865914525164,1.1064085330160363,-0.1738579176522369,-0.19188785164989833,-0.1846142708866631,0.25404501036754756,-0.30772424465790665,-0.472347677244455,0.014453258574245747,1.0392423545737648,0.034877022535779796,-0.22293493679948487,-0.42065197781724734,0.5577620669429434,-0.497242757341821,0.05823228921748075,0.05823228921748311,-0.39864920268219395,0.5851530316339515,-0.47385584343109904,0.2147352366249705,0.6074026512593222,0.5949625269680014,0.8270376858124407,0.757065868553201,-0.16226593967427141,0.153142609882995,0.559870222699445,0.6589807839248369,-0.3164794862219318,0.26321011307485,-0.7062688405903337,-0.7062688405903339
wgsr_rice_0053.jpg,fruiting,-0.39130486160146394,0.04223524839222197,1.1680095425767467,-0.8022805326509796,-0.0009782422553971028,1.359780668760721,0.283212574465288,-0.41380903320837664,-0.3294032888361264,0.7474685879597022,0.8512641861774796,-0.6441530910958023,0.47307465948611804,1.013869513764211,0.6054242448305343,-0.7730018051933005,-0.45922377124506614,0.5125156399490662,0.6166606519780871,1.8564418301274037,0.7076916969228864,0.19851922754770882,0.8990443629770193,-1.0320917446682107,0.8272623500643143,0.8272623500643173,-0.3946849989994769,0.3714191215529705,-0.46380116891762396,-0.21636820420386765,1.6252055652974353,1.3288514576749277,2.0611698600003123,1.0639124682141852,0.3805196879864492,0.34729699039215606,1.3713636148489663,0.8562340329902874,-0.8047944521437392,1.0213914176723313,-0.9506005177657826,-0.95060051776578
wgsr_rice_0054.jpg,fruiting,-0.3279860817426068,0.8664019695888543,0.4173947633500923,2.67746929419699,0.9470104975178617,1.0408722733653633,2.328672199194799,-2.4421886961717174,-0.28557357576834813,2.010862285755418,-0.44559480559926373,2.8689017161176977,1.4951188682378418,1.2308648430583622,2.276845554969344,-2.5990814848181674,-0.37782232325956333,1.558364745994698,2.2991249046896662,0.8801390101451916,0.32680579694259243,1.6153800352233396,1.5445696848794594,-2.043303248346916,0.5751213465079754,0.5751213465079731,-0.5024687256949747,2.894844137379988,0.11137015134511123,-0.0008164837894485803,1.8511515359369484,2.231911862444309,1.990802674629955,1.7167414718097138,0.7725109971904283,1.0027411437599538,1.8242901593045031,1.6815950446054595,-1.520755781868595,1.557256034655682,0.13842327286383527,0.13842327286383527
wgsr_rice_0055.jpg,fruiting,-0.3676658482887682,0.42078379872676697,0.7805598436193057,-0.49214235335318635,1.3115092241182509,1.0415161795732413,0.9394384350444432,-1.0752484085559806,-0.31116447120483537,1.4246751528597572,0.11000638112193978,-0.35377476731738017,1.71059128295707,0.8032003972507451,1.3937439841021684,-1.5226613121467372,-0.44294348164796177,0.8034642345116061,1.1901799361209462,1.5449398810262622,0.33969211843243674,0.3488386818063441,1.2765608215206703,-1.4208987448149588,0.6527103244405694,0.6527103244405679,-0.4957251330320011,1.9068814019796196,0.35130606204386505,-0.6474716450327058,1.666001365551765,1.656468836839053,1.7676725398230493,1.2931990194057368,0.4626680961130497,0.5825182439005685,1.3980849449053436,1.2304077324773857,-1.0420914030658597,1.1865167938269867,-0.8490080618314305,-0.8490080618314311
wgsr_rice_0056.jpg,fruiting,-0.3744198514100173,0.04596930246845065,1.0563312892906904,-0.2738528575939172,2.472212548834669,2.1426313189832262,0.5168228812070406,-1.0703197416635102,-0.32318230287765554,0.8048816202148941,0.7035962625784871,-0.3128340294609414,3.1280049171117645,1.8952951784888359,0.9614520075116691,-1.4947965195924637,-0.44609987088508185,0.5999059739301172,2.180069691066819,3.339058934851108,0.8538103123824559,0.3449505299545157,1.3496082797246187,-1.7641021780133266,1.5504991551181952,1.5504991551181966,-0.507029058856749,3.3052993965379946,0.1733181290243375,-0.6474716450327058,2.608488956043414,2.364193879626639,3.151560518773528,1.4916148103031823,1.1182045082930625,0.6240668397502496,2.098684817320909,1.312994038079997,-1.465500045136871,1.923555284576246,-0.3937081797923071,-0.39370817979230976
wgsr_rice_0057.jpg,fruiting,-0.3846915671770955,-0.04478033907037392,1.1883962709823774,-0.8229166180324263,-0.623158554353332,0.7791281760269282,0.3141674361824177,-0.2679025478694472,-0.3247375445676664,0.736283695392156,0.8044034679919231,-0.6838512295927699,-0.14161516662166326,0.6770939795610087,0.685814242314806,-0.7062080886250565,-0.4560673876473699,0.3213042322867979,0.49117860596134183,0.5092605418402342,0.7524235107474188,0.2155822172639735,0.967898666630588,-0.9617196786372623,0.8984551040096336,0.898455104009629,-0.5428345892422285,-0.20662075346903044,-0.6677385202449364,0.8613903978682277,1.6189292883352406,1.4937977076013271,1.7562453900620736,1.2499580608377425,0.3623849464204097,0.5247717172051426,1.4415071062469393,1.1718191497185704,-0.9732489675153926,1.2968822821147445,-0.9551521510961747,-0.9551521510961722
wgsr_rice_0058.jpg,fruiting,-0.38483227587399255,0.1330321265417491,1.6503861116179854,0.4964826238788063,0.33705970193966706,0.1624264459953493,0.2103067768940401,-0.5166425484771358,-0.3277066606652605,0.9798911905690082,0.9781516373646525,0.594794487631962,0.7586263554263086,0.13138940388353007,0.6053672451775898,-0.8697034481103801,-0.45673189064464303,1.0740908840579964,1.655091587439744,0.10223608695013423,-0.06696650497756496,-0.1182010370055489,1.0497392403228973,-1.1595802773063928,0.432735838617337,0.43273583861733894,-0.3482148783593497,1.0790254995837545,-0.419693477697923,0.4302869570393896,1.1790668779004825,1.2188331215171355,0.9431134702267701,0.9914975464604397,0.3194627727681796,0.4923357119427826,1.0792660756702295,0.9918864328311743,-0.8020202047409595,0.8797345648891975,0.351030065726451,0.3510300657264495
wgsr_rice_0059.jpg,fruiting,-0.3520472211459938,0.37205317617575573,0.8516756833051206,-0.06087150254233734,-0.2511382489265421,0.0011055636415893287,1.0688193041842717,-0.8858460312353159,-0.30720565934056837,1.4773678795472218,0.10810085335340547,-0.02991133736142407,-0.17895703453955666,0.02015013601515168,1.458924822016853,-1.291881020969182,-0.430484073006461,0.5910660071752412,0.7278531519235786,-0.1796674352906702,-0.15531895710678328,0.08995098538848792,1.3297259282944842,-1.1747567527975527,-0.06375946103257145,-0.06375946103257475,-0.39146631440719704,0.3834222940394024,-0.43389759116389903,0.4302869570393896,1.0781234234249335,0.9856332509315721,0.6255589926579794,1.3472228499204364,-0.21223503735895682,0.7782382236736317,0.8576460445151692,1.3727373229840196,-0.8071260845762758,0.602657989408158,-0.659933213286942,-0.659933213286943
wgsr_rice_0060.jpg,fruiting,-0.38483227587399255,0.07158715408977372,1.1198614760335763,0.08167277545885938,1.4198416378807694,0.973987984530493,0.6188720508941775,-0.9172734319441013,-0.32459615808684433,0.8438238624737927,0.7445026269195014,0.017831034380622727,1.9980353838431202,0.769459526723947,1.1194656193239465,-1.3782119535719684,-0.4452692421384855,0.4338690363682466,1.9776828169868028,1.6742764245535715,0.16868967168903704,0.04642554976117676,1.2532528698243897,-1.433816327449881,0.292018910897292,0.29201891089729454,-0.5067313422918174,2.39252588878953,0.2966960934865651,-0.4319199246182867,1.1236264314009705,1.4331819921111328,1.1169264323809052,1.1010230630358306,0.46049981179536986,0.5442012055058626,1.160766132342157,1.118702851039199,-0.9162306747414474,0.8400917889237649,-0.46999355440967894,-0.46999355440967694
wgsr_rice_0061.jpg,fruiting,-0.3856765232787769,0.18951427690945996,1.0272002303562127,0.6588280224943226,1.0443582719577325,0.46614234713574315,0.6727667726396771,-0.9225263739499058,-0.32869636603113067,1.12473209375099,0.43511425627005823,0.4097763770304895,1.757458077615287,0.3727942336829294,1.1242279816316005,-1.3450566888345266,-0.45224650105236175,0.7247218120874364,1.8061726947127785,1.122936644655329,-0.006830445291620079,0.14959566783299708,1.2180879970541165,-1.3809541688459344,0.2303741434837018,0.23037414348370275,-0.5166524323288347,2.23341125351072,0.3201378609452672,-0.6474716450327058,1.3600328636441419,1.4528455352058016,1.5120652425375811,1.211643287423067,0.3684216470775852,0.5671031126867755,1.4473523971967788,1.1298984414035653,-0.9492371053796499,1.0073314464632512,-0.11496615463909386,-0.11496615463909238
wgsr_rice_0062.jpg,fruiting,-0.37498268619760566,0.18696195960712214,1.00965823625278,-0.7675689011549273,0.8492841694303737,1.4835071626905685,0.8821418729412197,-0.9817810919490544,-0.32304091639681703,0.9597786714742992,0.5994545776157152,-0.618973874116074,1.2959831609989654,1.1076056334599884,1.2653026183196976,-1.3834366962543785,-0.4456014936371318,0.5847722330834015,1.0702988255495276,1.9877515761300744,0.36642742621596586,0.4004803719773706,1.0500855949410985,-1.241304605300577,0.5267325215607663,0.5267325215607673,-0.48601377192039863,1.929266350669034,0.08409537701483108,-0.6474716450327058,1.5425679186283499,1.1707305698144719,1.80375827591048,1.144592433947378,0.2988147925611938,0.4491211579020279,1.2058583768122928,1.017390288907847,-0.8237873766704645,0.8640888826415045,-0.9322574354443023,-0.9322574354443051
wgsr_rice_0063.jpg,fruiting,-0.3755455209851941,0.5510945124842016,0.6344824625248526,-0.48057186351177933,1.842510893036816,1.2356032726557558,1.004455452146681,-1.2195770698402248,-0.3138508143407522,1.6692575640262037,-0.1872947598886338,-0.2667266699631824,2.4302420906616606,0.9299919866680022,1.499419192849239,-1.7104284187288543,-0.43812584619645795,1.1507674605697693,1.6236045392864105,1.3696806841161995,0.29473826258395935,0.4725445371024851,1.599722372556358,-1.781944521763269,0.438575869214414,0.43857586921441444,-0.5005861087683431,2.454187347449668,0.3347711860939896,-0.4319199246182867,1.4719598028035323,1.7871257678152337,1.465153785623963,1.3837860908361588,0.5578262101457213,0.7996949623032497,1.4830921761471825,1.3831296422908488,-1.2006661199945636,1.2124167407910742,-0.9095903014589496,-0.9095903014589517
wgsr_rice_0064.jpg,fruiting,-0.3841287323895072,0.3738020603429704,1.1873953035617586,0.6029434661940944,0.41162607084052244,0.3866406294454576,0.9029118995863825,-1.0352623486666261,-0.321627051588431,1.3516645794703537,0.44303338647226165,0.7101611050444814,0.8329315828646373,0.344219984066318,1.4206737592647207,-1.526825853034474,-0.4361323372045804,1.2486312742669505,1.470369298075737,0.23489127799439818,0.008944111959744722,0.3169779477785415,1.5089306190089373,-1.5817847711628201,0.28636427809694764,0.28636427809695125,-0.4856504757366585,1.8323455728300022,0.4306695037667572,-0.4319199246182867,1.5451830340292647,1.5412502248215236,1.2720950975566063,1.3011356510416372,0.34087458040525787,0.7040127611363755,1.3205930877418441,1.2827207600992256,-1.0359185049987052,1.0966598349720167,-0.12675488496480944,-0.1267548849648099
wgsr_rice_0065.jpg,fruiting,-0.35570563771210517,0.5629580899510535,0.7090750216599851,-0.6969528452359418,0.9788825985089843,1.555798921034898,1.455266391752642,-1.4459693729124812,-0.3043779393229936,1.507331442051979,0.11995005372587897,-0.552134560781627,1.4398629461145025,1.2527965234396847,1.738678457805504,-1.8064080406414214,-0.41752629839579974,0.9871328830280931,0.9694105366831886,1.8118645243537663,0.28970209204078784,0.7968525536148083,1.3894784460613792,-1.5756729652399868,0.41892370276075813,0.4189237027607564,-0.4957251330320011,1.8241175916901093,0.1782261572249944,-0.6474716450327058,1.9024077977949976,1.4375697248677857,1.9968169639778366,1.5297106421554885,0.3027817672787654,0.7550352397112027,1.5564088254893627,1.3312182501977803,-1.1077564954370742,1.127211200982705,-0.938220075107116,-0.9382200751071168
wgsr_rice_0066.jpg,fruiting,-0.3087090284805243,1.3508249134568444,-0.09400757191730291,-0.07613974440073186,1.404906638412996,2.1347133984677873,2.992639383836133,-2.7667495179187256,-0.26804169054125,2.4774519953459815,-0.9058070574472293,0.26543749042122206,1.9731198835746664,2.4268709221242126,2.830858390435516,-2.9615736604769864,-0.37915132925414835,2.0110263223406775,0.9310657669459421,1.2734405881519024,0.21786490039281525,2.7897744533571767,1.9416370569054178,-2.3762838660101666,-0.15071102770016184,-0.1507110277001575,-0.5082111687469186,1.9481181074572003,0.5109485912901559,-0.8630233654471249,1.342773101998044,1.7146469230199954,0.8312476883559581,1.6846117975319794,0.36684471302836463,1.068897748552488,1.567264365824762,1.7192483754273231,-1.3244797540815973,1.1126226594274327,-0.9163722351212338,-0.9163722351212324
wgsr_rice_0067.jpg,fruiting,-0.3160258711659601,1.520649565510463,-0.28143740527018873,0.7002194693104627,2.130982174732437,2.1006593753232767,3.10396741496717,-3.0419203014896925,-0.257861883119315,2.56641882009765,-0.9730913335087229,0.9807883828708523,2.919786378748128,2.5737487410913458,2.853320549321876,-3.1908675116087686,-0.37599495129585647,2.108121497734557,1.7167015653258737,0.9929722462617749,0.3578364915893928,3.2849000166152766,1.8923942493515433,-2.544044029776812,-0.003968671586307264,-0.0039686715863052535,-0.5119587811981493,2.783645392268789,0.12201484294561564,-0.6474716450327058,1.4771900336053616,1.905757060865735,1.2877322498610992,1.7232549832902144,0.5149040364934913,1.1138986914969253,1.670809519793211,1.6812436135177895,-1.42364921893254,1.2748937557125832,-0.892612709136587,-0.8926127091365872
wgsr_rice_0068.jpg,fruiting,-0.3502180080863316,0.466583903024954,0.8870755496369561,0.05501286065583589,1.2396484557286704,1.5350705676312753,1.3415578229252239,-1.503993629518801,-0.3055090311697024,1.399380619755881,0.3406184486007553,0.4034979129618033,1.957035058221218,1.0746555395307713,1.7770245199792114,-1.9872680303728656,-0.42350681409256546,0.9557608751905118,1.799530573730099,1.5241312274284393,0.3205847586716221,0.8167466900135935,1.6472939896366179,-1.8876518982712518,0.595607803046928,0.5956078030469262,-0.4909780459710581,2.327065038838324,0.24859108553569673,-0.6474716450327058,1.7779283047111554,2.0021246728916795,1.6119024457126294,1.5483754103475023,0.6412805167818301,0.9531437619509844,1.6435871647982776,1.5730530429563143,-1.3826520073136797,1.4333591455050603,-0.8853300958079596,-0.8853300958079591
wgsr_rice_0069.jpg,fruiting,-0.3621782234395765,0.8350177600598563,0.35212610243396014,-0.7745470037912371,-0.0011405970961933928,2.8042015916042624,1.2821124795639154,-1.313700807428997,-0.31243694953236617,1.8705878596406293,-0.34353704099109,-0.5807145947041593,0.6088805123987148,2.4070479029771814,1.6351705576014266,-1.7821081954374336,-0.4259986890535841,1.3231459772673329,0.03915618884935443,2.9273700951050485,1.3694839268002243,1.0254650237588154,1.5261630370322736,-1.7606448801152186,1.3954138981513735,1.395413898151373,-0.5179426361962263,-0.21695412978295467,-0.59216733685558,-0.4319199246182867,2.518528986251768,2.4243220692549827,2.8273903229220676,1.6863633300309324,0.8501749991145547,0.825567493728486,1.966247225228988,1.5772200115672637,-1.5231822603661824,1.9711266157347598,-0.9551521510961747,-0.9551521510961722
wgsr_rice_0070.jpg,fruiting,-0.3717463957221692,0.26310645186908665,1.0040216428997333,-0.7906503399942099,0.043068943473221016,2.4872889697941507,0.989973237620505,-1.07289347860672,-0.3086195241489378,1.258900866033862,0.35675476304309633,-0.6312037855957366,0.7318814892644286,2.1277903705135524,1.4201890143901093,-1.5881926208988915,-0.4387903491937311,0.9036341718743317,0.8063018175771538,3.039575671220331,0.6556281520075938,0.6067827173398093,1.4640767145920788,-1.673680096080632,0.2851591924181857,0.28515919241818094,-0.38032493188630956,0.5946152099448283,-0.3626864836968133,0.4302869570393896,1.4907886336901788,1.6642692506286774,1.6119024457126294,1.4240166029215706,0.4949952441220762,0.7767529115514703,1.5301885203715417,1.3387489163621542,-1.1633520972352358,1.1400026033608934,-0.9550611184295668,-0.9550611184295643
wgsr_rice_0071.jpg,fruiting,-0.3638667230257433,0.46152650503098647,0.7875132825179348,-0.6274103061905768,0.4679567346181532,1.6501711798762084,1.1724905858775323,-1.1865424609240895,-0.30480209876550945,1.5542263948484456,0.038851671570515674,-0.36587381529856006,0.9694943155307276,1.4539231747303587,1.5925848777633067,-1.686503883956677,-0.427659946546796,1.2490636072180987,0.8466571955261778,2.0605819611549423,0.1640238929858113,0.6967780795618692,1.6202144755999477,-1.7536730845440116,0.059993568286440466,0.059993568286439106,-0.49439014808134957,1.3575668611136562,0.6836421430109235,-1.078575085861544,1.2083561703907875,1.5485631127492976,0.9479249017050754,1.3582793988201032,0.3667954338393263,0.8271732365632554,1.2932037244340788,1.3925178727757699,-1.1042471910301384,1.0467627942902016,-0.9547425040964393,-0.954742504096437
wgsr_rice_0072.jpg,fruiting,-0.3645702665102288,0.22311994208928204,0.9401227027805397,-0.703990585898875,0.7005844170585256,1.3672479668170319,0.9816527055245408,-1.0231335149373115,-0.3107403117623195,1.0019533187030443,0.5452102950773652,-0.47456952023544585,1.1456695553751843,1.033797679625696,1.4656833286922792,-1.524191655485002,-0.42865670104273484,0.773725739635273,1.0851986679681158,1.6446778028282905,0.14306521762531924,0.5777531299945314,1.505987062722183,-1.6017257686780868,0.09651693424276309,0.0965169342427614,-0.496386387259894,1.5905639270397982,0.6462367670812749,-0.8630233654471249,1.2674577784515804,1.408643190397941,1.2227779249038349,1.3130132308001883,0.2774276245186373,0.7105561631880646,1.2534557459752076,1.273633756260879,-0.9870016469479772,0.8699031564497676,-0.9551521510961747,-0.9551521510961722
wgsr_rice_0073.jpg,fruiting,-0.3496551732987432,0.2868337094910822,0.9374887827921762,-0.6863365638205423,0.8556154204051751,2.615457353637631,1.266661501158221,-1.4081640369244477,-0.30409516636133294,0.9774283739815319,0.6793025299400763,-0.44631650297061576,1.9958276465936577,1.7059774882658336,1.7002182311095213,-1.907808088482931,-0.4240051913405348,0.7765122100514683,1.438199878699689,2.6398160739329644,0.5389851325271102,1.0033814235177165,1.671234198799898,-1.9433465419001548,0.5076365484973082,0.5076365484973054,-0.5015317089115828,2.2826823405719603,0.2738151173640633,-1.078575085861544,1.477713056685545,2.109380362498986,1.5517595522336711,1.5692843295537937,0.6761701826208408,0.9585631440183345,1.668972428351839,1.6178856088548756,-1.403723641432801,1.3875849535236418,-0.9551066347628707,-0.9551066347628683
wgsr_rice_0074.jpg,fruiting,-0.3590826368844552,0.6548893655754927,0.5794336034372112,-0.6256210682087167,1.3599937169511298,1.7735757207021172,1.1988533383887476,-1.3458680591245156,-0.306640113417214,1.5700803168168724,0.03724393911244478,-0.4149242536714388,1.9734983919721167,1.280474391588643,1.6412637378930572,-1.8111209963713628,-0.43496946823814675,1.2326808813174355,1.1523019370051808,1.8999427019217945,0.37087100199522477,0.803987338507606,1.579847610309395,-1.7915596644274956,0.45609596100564487,0.4560959610056412,-0.5037049302934147,2.142951860860957,0.4218680797700048,-0.21636820420386765,1.7763592354706068,1.7755876557514043,2.0653798625438293,1.6275227851441048,0.4458392530565212,0.8369682678553548,1.6751517359273629,1.4524117710030733,-1.2477809028092983,1.229013849661936,-0.9544694060966158,-0.9544694060966133
wgsr_rice_0075.jpg,fruiting,-0.3720278083393815,0.35858252706208954,0.8752756704920768,-0.7467538692992375,-0.3876088374683743,2.125572279930169,1.2059627325733573,-1.1275291127504,-0.31059893488066165,1.2164696150310461,0.4502979361918605,-0.5438287071059521,0.7019827519008563,1.7150453042678215,1.6609690961735017,-1.7259882473396506,-0.44178060140271924,0.8943136496131544,0.18452856037644813,0.9154779635433234,1.9475151474435564,1.358568786421596,1.4847645662223057,-1.667344672918986,1.8019912663859698,1.801991266385967,-0.4672934109376318,0.053915849331223356,-0.5759835673185377,0.4302869570393896,3.418651707248417,2.0898793280249337,4.427191289461924,1.6593787824688846,0.518033264997413,0.5259358807603514,2.3339995301298524,1.1899931573952582,-1.2592019498093465,1.8326411850288546,-0.9551521510961747,-0.9551521510961722
wgss_soybean_0001.jpg,fruiting,-0.42957754476108706,-0.1263130909778028,0.6715155103216126,0.33628432379926987,-0.49799737359736457,-0.7373915710571736,-0.31868685850690365,0.2887261785086814,-0.3870888530280198,0.504528128831527,0.28685074205013844,0.14405413593698166,-0.24304370009861886,-0.7738129911677115,-0.11501502078983035,0.11918785926314655,-0.538299460854827,0.20177304340921884,0.5909537904211752,-0.007009393154680311,-0.6936546149187653,-0.7929021254006957,0.4230121942889025,-0.24745393088966616,-0.7387928389359757,-0.7387928389359807,-0.5247504055980512,-0.12107394955867402,-0.5639764355288998,2.154700720354742,0.3730883113368824,0.20055410473024382,0.16967586008755672,0.5657656784327649,-0.5423563247255357,0.10930583049376554,0.4065565915010052,0.5670062478373046,-0.08249424373788823,0.07493335575637075,0.05790487924919872,0.05790487924919643
wgss_soybean_0002.jpg,fruiting,-0.43309525501861135,-0.09473983231770265,0.670093143170517,0.41238736971710277,-0.3773816581306922,-0.6724383714849744,-0.28846918729295157,0.228354337991267,-0.3834128141254301,0.5722026367713728,0.24552756776545162,0.12875035312797106,-0.028075803361011134,-0.6926242075883158,-0.09449217183468407,0.06488626010237064,-0.5281658119989098,0.22185512818352687,0.5736843694699428,0.3070039754114403,-0.615077884693908,-0.7365039939824798,0.4538708598491352,-0.30566576322284666,-0.5423638732977838,-0.5423638732977865,-0.4745811776463306,0.0812375867045734,-0.5190447716882295,3.0169076020124184,0.7648325983947495,0.4893319235668623,0.44513031222110466,0.6755101365705248,-0.44446321570124675,0.17261224175458403,0.649720695014011,0.6893042663467097,-0.23912461633302046,0.47759824549588653,0.11293412621363941,0.11293412621363937
wgss_soybean_0003.jpg,fruiting,-0.43337667181533035,-0.061843127051587544,0.6967484500763077,0.7389271077453584,-0.5910159991180025,-0.7760802783610941,-0.30946044431385117,0.23496577234079613,-0.3798781593038837,0.5736390382625579,0.30066471878027984,0.58361098683042,-0.34346306057091874,-0.7844624176343211,-0.0885700731100808,0.051787524630652566,-0.5306576925993329,0.3112150717223242,0.7559294360069109,-0.023602435874499835,-0.7217970738040622,-0.7930153876709328,0.46454609276409137,-0.31549854405532907,-0.7784679674367526,-0.7784679674367508,-0.5179426361962263,-0.10544078539287763,-0.6072764672420196,1.723597279525904,0.3505983188890164,0.18934100990764793,0.21598588806631694,0.5896850441216444,-0.5596286804834093,0.1351783619190019,0.488891689737212,0.5678095188948419,-0.09845209418293921,0.12990467176176193,0.2963649494284417,0.2963649494284425
wgss_soybean_0004.jpg,fruiting,-0.38806856634942916,1.2965642187399689,-0.3871630726296418,0.5288681779702693,-0.5319256557365765,-0.2787277667393153,1.9845971815139605,-1.5129374309860806,-0.3368967579217349,1.9731513403203291,-0.8169680670394613,0.5100354358374642,-0.38610342936680764,-0.24471512492571468,2.0636602442995287,-1.7067405421595934,-0.4628785320907512,1.7155617168016928,-0.09487078606123321,-0.16594446097480386,-0.3759410384018945,0.44725235863097956,2.188499053900075,-1.8685423901680396,-0.5411587876190219,-0.541158787619027,-0.48324556509005173,0.16436439616202014,-0.5409969521185649,2.5858041611835803,1.6895374041600575,1.234271440475768,0.7693005080726355,1.6963251711187535,-0.3767536099628263,1.0481234506276482,1.3344547777085984,1.7569017062491812,-1.0543739684901332,1.0984569741491248,-0.009868941040339897,-0.009868941040339392
wgss_soybean_0005.jpg,fruiting,-0.3893349446215029,1.2484954221802493,-0.1437885910282176,0.4698823147080467,-0.5851177923546875,-0.361705654889399,2.0287703980021297,-1.5471043792138257,-0.3326551730957908,1.9971633004335485,-0.789935316108921,0.6884481367567946,-0.5183768341595505,-0.31156403853121933,2.086141568286589,-1.7260820749476034,-0.46553653844047804,1.7264193069138183,0.03312436421400905,-0.31061843492189983,-0.4711810571239725,0.4040288190331684,2.1195769709899026,-1.8145105260608942,-0.7561275329304741,-0.7561275329304755,-0.3868247169143797,0.532905351395632,-0.41459731412497985,2.5858041611835803,1.0551104078968845,0.9742576474883782,0.4192688680251428,1.6916179275278043,-0.49233794785181223,1.0877050115047358,1.0859464081843095,1.6756709205561542,-0.9524065447201484,0.7184148952272029,0.06040827758091438,0.06040827758091216
wgss_soybean_0006.jpg,fruiting,-0.38778714895563493,1.1604400131524382,-0.2732195382829423,0.4055285755284058,-0.4895559211635711,-0.28130269228087257,1.9071202353309402,-1.442021926832203,-0.32982744827864224,1.9401607004529622,-0.8241133433983953,0.37197487120839756,-0.3395522410950294,-0.24608581199745552,1.9963408454929017,-1.6403863602681754,-0.4711848026386169,1.5143093711300983,-0.05361790430693691,-0.09661219408507803,-0.41326686577765515,0.3269061526020089,2.0530266386688893,-1.7309171406107542,-0.5491308928785238,-0.5491308928785232,-0.5067313422918174,0.4389611667336791,0.030637946166123475,3.4480110428412565,1.480851195166642,1.2042073456616058,0.7019404673762188,1.661349256530207,-0.3862152142581518,1.039773587886842,1.3212611209932716,1.6757211249972497,-1.0195654626159365,1.0378828124739397,-0.10841180264332922,-0.10841180264333065
wgss_soybean_0007.jpg,fruiting,-0.38750573633843904,1.169420308977174,-0.17450018507346787,0.246582771191106,-0.5463194528078292,-0.32700814511099063,1.9160622627728914,-1.4306329440896213,-0.3376036903259279,1.9197403014173413,-0.7356315262539669,0.3314266528031528,-0.4610394584537488,-0.2789831034916363,2.0113884234376176,-1.636388401015948,-0.4628785320907512,1.6226464557877538,-0.12854816159611568,-0.19688833287672428,-0.4982866762974366,0.33951459710058873,2.010498949742159,-1.688701713644379,-0.7109831694260854,-0.7109831694260834,-0.3951906482604542,0.5042042171841234,-0.3793531608164615,2.3702524407691614,1.1325178237640803,1.0535618543495218,0.29657736532814355,1.6691216819943309,-0.47274947020914737,1.066729995725548,1.1482405088782381,1.7030323409533743,-0.9643966681105112,0.8059461445588733,-0.18037312559682858,-0.18037312559682908
wgss_soybean_0008.jpg,fruiting,-0.43056250384814027,-0.4022484223066714,1.5163194239822404,-0.04077209461179554,-0.2607160676826561,-0.6936173473477252,-0.6198314215641001,0.43708519116107897,-0.3804437028274264,0.2628188550572313,1.1418368607727847,-0.24494826992625818,-0.0090263610046066,-0.6461251920911504,-0.5596835633272222,0.38549770523606774,-0.5162047820152198,-0.2628992892594765,1.0548245682150672,0.2845808657096869,-0.5711608685572549,-0.7165344040799886,-0.5027481650620199,0.39848020830555597,-0.5732326064537621,-0.5732326064537655,-0.467334453081478,0.16571959305564957,-0.5319826167007302,2.3702524407691614,0.11262281740529627,-0.07977326583430121,0.18050158091374402,0.08250691489248439,-0.48275314558389165,-0.26573548035226874,0.15721318041245566,0.03985961633126487,0.23630709241918166,-0.03522070439290582,-0.08274059065991768,-0.08274059065991947
wgss_soybean_0009.jpg,fruiting,-0.42971825345798326,-0.2797365756649256,1.3837803962059183,0.20155317799024253,-0.31915705048252063,-0.7440220987308219,-0.6339028221747207,0.4299453667805994,-0.380585089308265,0.4475768050177812,1.0056013276025935,-0.16221660773874905,0.05745722748193575,-0.7180352362756772,-0.5688756247506308,0.37611544619271925,-0.516370907764543,-0.12208514873097293,1.103365592724624,0.2850294448226987,-0.6900257161523692,-0.7547371281162697,-0.5135965098620832,0.39716720441135306,-0.7169158989215287,-0.7169158989215252,-0.4109204507413203,0.5075438095291388,-0.2636982971373468,1.723597279525904,0.06398167094816178,-0.198567067505419,0.10051153258677577,0.09575287941584264,-0.5299626086824405,-0.30822745011737795,0.11111888606520856,0.013753306961443263,0.29403673068101965,-0.22127746625731332,0.0174408589420128,0.017440858942015025
wgss_soybean_0010.jpg,fruiting,-0.42957754476108706,-0.35625926887738185,1.5430800235963522,-0.17908178117328266,-0.15682096102440454,-0.6942611136976122,-0.647479177486554,0.4487533233539741,-0.379736772823045,0.2210033639362511,1.3376756984323834,-0.4823522040941836,0.144314900674563,-0.6614139596204734,-0.6086095665174046,0.41549945919285586,-0.5205240430384758,-0.10853701142383014,1.00761162468835,0.32637764352353027,-0.6695854204227926,-0.6908268212647102,-0.5258752848420364,0.40640407121170635,-0.5293860275265017,-0.5293860275264989,-0.47132512414383726,-0.01752238691866975,-0.4671145398654194,3.0169076020124184,-0.04323806048958257,-0.12495066236586276,0.06262150969505015,-0.01092639684873649,-0.4819400389647638,-0.36047430760371524,0.12097237652349567,-0.025054726005621766,0.3092358126056523,-0.09346915654476581,-0.0920259226539176,-0.09202592265391595
wgss_soybean_0011.jpg,fruiting,-0.4283111700714616,-0.242018758146659,1.4809722040045683,0.0336013513508006,-0.25086767711908725,-0.7355247465430901,-0.6654370521048493,0.44325166548454453,-0.37804013745279363,0.3981164833001514,1.214361014788406,-0.3102833989927768,0.08401283944509437,-0.7089146751081074,-0.6307293970533234,0.4166539903473959,-0.5191950398635929,0.06288060301678652,1.0326002335910855,0.24780692682582195,-0.7195012316814441,-0.7375232723999329,-0.5501918128122466,0.4164086506715116,-0.6951316578054479,-0.6951316578054464,-0.35909434967630616,0.48051247149013787,-0.2886181887324977,2.3702524407691614,-0.18183917673830227,-0.2556075933420251,0.05420150460801586,-0.01344422481598809,-0.5338310250219359,-0.4036487180736028,-0.03234125467494411,-0.09373440142469226,0.3866776247208615,-0.31821726775143755,0.027454452268875457,0.027454452268872796
cosegppb_buckwheat_0001.jpg,growing,2.627171846886647,-0.9857397085955703,-1.7848271523608676,-0.8386620936812792,-0.8477235143524003,-1.235967263218879,-0.7078092020819878,1.1486843645411333,2.757622491133823,-1.2236594004797723,-1.6116365994278816,-0.7531757771682747,-1.0484167585845299,-1.2253070699585107,-0.6850641510067853,1.1176345300904156,3.456518088880139,-1.1263771370589206,-1.3535326264777954,-1.076951105610878,-0.9984078358253063,-1.1425779481694236,-1.0558856823992262,1.3550864550107484,-0.9825909416393476,-0.9825909416393427,3.5034887342583443,-1.0474236261879621,-0.7821654279791307,-1.509678526690382,-1.1645995444040984,-1.2577982566878356,-0.9261276590987525,-1.334099729029369,-0.9484414819944258,-1.6090196487793513,-0.9543941499326986,-1.3405114915981242,1.5797067578200723,-1.3652094095157257,-0.5048590657204826,-0.5048590657204823
cosegppb_buckwheat_0002.jpg,growing,2.670791179903865,-0.9735925060879134,-1.8406136040375853,-0.839616366896019,-0.8427993190706158,-1.237576609164601,-0.7137600429025572,1.1562848904580325,2.7588951134492294,-1.2005710662555564,-1.6486131523260965,-0.7731883369845517,-1.03788283014132,-1.2270468300157047,-0.6925831900080647,1.125753377813846,3.495723630374284,-1.1602955202207372,-1.3566562025906372,-1.077040792203733,-0.9842625320371665,-1.1483536575822244,-1.0559233257291174,1.3580967177335832,-0.9985351521583513,-0.9985351521583566,3.5034887342583443,-1.0476414256887239,-0.781973928879334,-1.509678526690382,-1.1431555981165376,-1.2434974980735394,-0.9549962479686553,-1.3177885826328364,-0.9325489435296233,-1.612773072655626,-0.9291758946920088,-1.3298179456447148,1.568483306788882,-1.3420580283519141,-0.5549725486880998,-0.5549725486881015
cosegppb_buckwheat_0003.jpg,growing,2.6713542821803187,-0.716468769891263,-1.7437906640638419,-0.7824793796422937,-0.7694233955846016,-1.2723385060673569,-0.6831947942380202,1.0660330396998297,2.766954133257783,-1.030640929709446,-1.4234193553874859,-0.703732961432695,-0.9790315578871093,-1.239910508269324,-0.6629063000501887,1.0389753842555207,3.7492310952445695,-0.9259415217734903,-1.3266051527254321,-0.9452825158042996,-0.9477513816742775,-1.1431441877577615,-1.0405504538548394,1.2928327709813878,-0.8015499931299616,-0.8015499931299659,-0.5126756240861484,-1.0112931090060209,0.019092066582578726,2.8013558815979995,-0.8031905959969632,-0.9126299464970595,-0.6181960444865728,-1.1594390976490259,-0.8184922605008197,-1.5096241673070714,-0.6158682997810105,-1.191605119307941,1.3808145594053822,-1.002927294226329,-0.27431883753612185,-0.27431883753612335
cosegppb_buckwheat_0004.jpg,growing,2.673042671904987,-0.7347131919580969,-1.6384864536591592,-0.7825986880899065,-0.7491854708425542,-1.2727247588843833,-0.7004575253965207,1.063376397468747,2.767095433345913,-1.01140066280072,-1.3730455063390665,-0.6786845724293186,-0.9555667438128467,-1.242335626179755,-0.6793416956318266,1.0375177949448118,3.792755793432892,-0.8693948350798667,-1.3068224325079179,-0.9722799340392694,-0.9202754913358752,-1.1453714296111033,-1.047649676744064,1.2867668045994882,-0.813693548815947,-0.8136935488159476,-0.5304370237744982,-0.8551550669042898,-0.20478685343592243,2.8013558815979995,-0.7791315343084875,-0.9899840499108208,-0.6007546053777154,-1.175914450217342,-0.821966443328008,-1.5214865924989356,-0.6614615691897014,-1.1935128880695838,1.3964799678165214,-1.0279815286364768,-0.18091932159647564,-0.18091932159647492
cosegppb_buckwheat_0005.jpg,growing,2.653765742834165,-0.8279205748895618,-1.719980005623806,-0.7704317207991471,-0.7799752258222463,-1.2590774856845448,-0.6873551289342371,1.0827353069045813,2.7658231182046027,-1.101701698987143,-1.4686128984802356,-0.6831318000502432,-0.9844562053906968,-1.2374853903588932,-0.6689519393269348,1.0571122106975719,3.6663344703998844,-1.0072303456163576,-1.3081149440717426,-0.9754192083705037,-0.9301994021562153,-1.1425024434065447,-1.0439080949484028,1.3054693373001547,-0.7872743627815512,-0.7872743627815526,-0.5093226263848702,-0.9646356159539227,-0.10584343162474359,4.525769644913352,-0.7576875880209264,-0.9669078257831804,-0.7126203872485276,-1.163325310381091,-0.8234201794046361,-1.5203023571582925,-0.7215845618165355,-1.1781503290942617,1.3930417979583751,-1.0002844424952932,-0.35365380648485645,-0.3536538064848575
cosegppb_buckwheat_0006.jpg,growing,2.6488408906769316,-0.7317827763935543,-1.7243523139489718,-0.7833143768037801,-0.7695316125512538,-1.2692485709423391,-0.6927266930727866,1.073489793155478,2.7605916360289924,-0.9732792572235431,-1.5022550365109755,-0.6865980487422926,-0.9837623646896363,-1.2412812239757915,-0.6684861530325432,1.043861444395855,3.6988950721517297,-0.9157083198105137,-1.3176293346415708,-0.9630416303799924,-0.9506396978857918,-1.1435971855795366,-1.0435768450945537,1.2956481160040823,-0.8276910824692585,-0.8276910824692624,-0.51664492545078,-0.9236893098106912,-0.14183571681704868,3.0169076020124184,-0.7676250265444019,-0.9708080326780021,-0.6861575141177775,-1.1539108231991988,-0.8163978949666969,-1.5167496511363634,-0.6961992982629936,-1.1675571920230436,1.385454112754191,-1.0043015771264612,-0.263258368543269,-0.26325836854326695
cosegppb_buckwheat_0007.jpg,growing,2.6451822543878065,-0.9385688440644505,-1.734203190728256,-0.7721016827277604,-0.8093039635796425,-1.182665685637031,-0.679445250574616,1.092577423896178,2.7720440081711835,-1.195696876452341,-1.5248220867399889,-0.6983701155878859,-0.9864116151286341,-1.1839746037847176,-0.6573169264736284,1.062575285539221,3.4442247157573744,-1.0445117562052086,-1.3181319671937357,-1.0021475668268873,-0.9243487155001852,-1.1212870915534665,-1.0366206554097188,1.311667241839002,-0.795246468041053,-0.7952464680410488,3.5034887342583443,-1.0468670274637928,-0.7826540659480233,-1.509678526690382,-0.9046570735526342,-1.1180408429571145,-0.7156275319224685,-1.1933750398163125,-0.8603302919942097,-1.5406150040181363,-0.7863837872032443,-1.2430646714311482,1.4542491252721317,-1.1893011982984592,-0.4116871314473559,-0.4116871314473584
cosegppb_buckwheat_0008.jpg,growing,2.6512326996948246,-0.969764004462346,-1.744264767372776,-0.7638711167435804,-0.806706580035026,-1.1865281438783628,-0.6831105399720445,1.1003511064269935,2.76681283316967,-1.170915383691717,-1.6186627317898856,-0.6627922590983796,-0.9989009533097959,-1.1725870599819224,-0.6621838501011587,1.0703700015260866,3.526290497557863,-1.1061990507800692,-1.3142903139337194,-0.9946133571481574,-0.9435300490439819,-1.1097734199833813,-1.0381564345741117,1.3160072498535993,-0.7503802012317634,-0.750380201231766,3.5034887342583443,-1.0475446259106076,-0.7819367674644497,-1.294126806275963,-0.8926275427084269,-1.0571001102256867,-0.7426918339880068,-1.1743818592807516,-0.8558705253862576,-1.5191984089593877,-0.7706850057951377,-1.2089256514859958,1.4226337702546958,-1.0541986178082754,-0.45069462908881636,-0.45069462908881736
cosegppb_buckwheat_0009.jpg,growing,2.661645200584176,-0.8916343166192848,-1.7570129389719729,-0.7735330925498739,-0.8052996712960626,-1.1798332465626205,-0.6818571833967219,1.0884867300716599,2.7692161633641277,-1.125662243596114,-1.562274956898466,-0.7007899536018218,-0.9932239782946907,-1.1745904313281321,-0.6627541977154275,1.0612978251657046,3.6530442299929953,-1.069638264695017,-1.3232302310853403,-0.9938958644052963,-0.9391605274977071,-1.1047904541957223,-1.0398051437281794,1.3088120363459304,-0.7443547728379538,-0.744354772837958,3.5034887342583443,-1.0472784265207875,-0.7823744878532508,-1.509678526690382,-0.8706605733406829,-1.0296361533413927,-0.7042003821614929,-1.1773923057633335,-0.8472466673045818,-1.5253002317315163,-0.7843796874490204,-1.2347307342092428,1.4262379207266835,-1.0675185905326687,-0.39197855912675805,-0.391978559126759
cosegppb_buckwheat_0010.jpg,growing,2.6508108315398182,-0.9358747142417184,-1.7405772622217797,-0.7654218026189403,-0.7796505455314654,-1.1699196573554262,-0.6899461192336013,1.0938073605719962,2.771478500644585,-1.1773801100289552,-1.542506496960061,-0.6862710320845826,-0.9631991285658965,-1.1711636277445934,-0.6643226588176793,1.0617453878731578,3.532437364580361,-1.0651702675180763,-1.3171625835208682,-0.9815182864147745,-0.9066485872911492,-1.1063004469349642,-1.0383145316528573,1.307258275210654,-0.7350848830013237,-0.7350848830013257,3.5034887342583443,-1.0477866253558985,-0.7819277384780599,-1.509678526690382,-0.8293417500061706,-0.977795903364543,-0.6789403669003194,-1.157523358978296,-0.8275596312838409,-1.5124542890533526,-0.6664718185752807,-1.1805601422668617,1.385659612561804,-0.9504931158827197,-0.4165573791108755,-0.41655737911087315
cosegppb_buckwheat_0011.jpg,growing,2.8825573770525024,-0.26253197516331234,-1.5608384603565992,-0.5939511704367609,-0.6205070329345777,-0.6513237302998183,-0.7176570658555388,0.8632645459358678,3.12664057257358,-0.520286147826051,-1.420084940520018,-0.48294080566035824,-0.775732874962596,-0.7498253947176731,-0.7842564443352129,0.9258403626450492,1.8562320954705012,-0.3003248978135666,-1.1818430580448944,-0.644722964342982,-0.5812328878435635,-0.8517539719535504,-1.0189817499407452,1.152117338458162,0.8053854100498673,0.8053854100498725,-0.4906308304603148,-0.3164401017420707,3.707135913444027,0.8613903978682277,-0.5129127864948281,-0.8733028603077213,-0.19058007185133483,-1.5124276315794019,-0.4356915200524568,-1.224343880924694,-1.4345430493831872,-1.3001471209570865,1.1567644422355676,0.11795898193751289,-0.7408612539013139,-0.7408612539013164
cosegppb_buckwheat_0012.jpg,growing,2.929413478203839,-0.3641998458251839,-1.6011374705131358,-0.5396770028272554,-0.5865246717028454,-0.6295009880871881,-0.712949044106358,0.8652191168050747,3.159866366772877,-0.5643079074954015,-1.5500090112641949,-0.4340212307859545,-0.7263432163134467,-0.728421108722731,-0.7788381833037532,0.9279913731011602,1.8545707703043586,-0.36566343308474675,-1.233615634474914,-0.5754803353298831,-0.5290952484702812,-0.8338605836231356,-1.0150218401029112,1.1540437949914588,0.8527545471150471,0.852754547115051,-0.4906308304603148,-0.28360077701608666,3.579697805305066,0.8613903978682277,-0.5824748561592794,-0.8759029982375902,-0.25794011254775145,-1.4892198259682285,-0.4248500984640629,-1.2175194738769202,-1.4310358748132759,-1.3060210405653019,1.1492004685476456,0.129587529554039,-0.8185576348511072,-0.8185576348511076
cosegppb_buckwheat_0013.jpg,growing,2.934478953079397,-0.3244023851764874,-1.5950794774296184,-0.572122227339708,-0.5964812792330727,-0.6322046529129186,-0.7131702287166042,0.863694813885599,3.177539628881633,-0.5352165971766205,-1.5077925804118455,-0.4760737400254974,-0.7480418748484933,-0.7391759682510574,-0.7788191730934136,0.9264610297628963,1.8547369750054212,-0.3255474860912893,-1.2251065480109768,-0.6363815753285359,-0.5433146266039035,-0.8388813171699856,-1.0156090449728263,1.1540952149982446,0.8632295226304392,0.863229522630443,-0.4906308304603148,-0.27936578672349477,3.563809646872413,0.8613903978682277,-0.5008832556505596,-0.8437262913554092,-0.18576864037295915,-1.5010974057267796,-0.41940474807534694,-1.223159645584051,-1.417842218097949,-1.29065848158998,1.1449086841040292,0.1254646808536309,-0.8032186305276858,-0.8032186305276862
cosegppb_buckwheat_0014.jpg,growing,2.820786402412677,-0.32066833110025317,-1.6136749136349475,-0.5555417545293618,-0.6067625964448865,-0.6478475598400202,-0.7133808758229186,0.8731816974601604,3.0819624062321083,-0.5464016012140975,-1.519284478157251,-0.46685226812594555,-0.7470957408962708,-0.7469257850774327,-0.780102450062507,0.9352155971615973,1.7735014948657628,-0.34193010761412473,-1.2328616563954948,-0.611716154656607,-0.5472397825272506,-0.8385415713666147,-1.0165726749636603,1.1595018892001185,0.8409817870225269,0.840981787022523,-0.4906308304603148,-0.2943213524424764,3.621652772225961,0.8613903978682277,-0.5312185943012304,-0.8746029292726557,-0.2170429449820148,-1.5061330616612763,-0.43847579423311234,-1.2345604197109221,-1.429365791684756,-1.2854874241571101,1.1627634558501265,0.06637051614783124,-0.8288443261777935,-0.8288443261777936
cosegppf_sunflower_0001.jpg,growing,1.396113951120299,0.11672553508495075,-1.5189064404080186,-0.7910082005483298,-0.8853313790936056,-1.3250607219059036,-0.5445452922411728,0.8932426782578754,1.1364885767560187,-0.2607732315740696,-0.9393301161629072,-0.6429104917363386,-1.1075203412200845,-1.2715952336496033,-0.5215465824891722,0.8602373033691666,3.4219637525600253,-0.30493704076683287,-1.251459548345132,-1.0286068167884674,-1.0926110148355515,-1.1578665913357762,-0.991789371338392,1.1996589214762499,-1.049612245158183,-1.0496122451581795,-0.5964350731573177,-0.4214678609983499,-0.5593745596109849,2.5858041611835803,-0.4632255938773278,-0.8102495155082755,-0.0017313863274254172,-0.7463511048482007,-0.6906127649468146,-1.2532673237359941,-0.027832030227921016,-0.9343073586918993,1.0923955794200675,-0.9996501580798478,0.8313184147494271,0.8313184147494247
cosegppf_sunflower_0002.jpg,growing,3.066322533965618,-0.49512494358663406,-1.6358525336707959,-0.6690404022963226,-0.6450739008601738,-0.7620467873087141,-0.7327711644937951,0.9380367201269707,3.2698647992856333,-0.6897032161614263,-1.5922253774346766,-0.5395122719392635,-0.8128855229421158,-0.841927216052694,-0.7974313874862281,0.9963299838131804,2.0050804059408045,-0.49778185701252176,-1.2724988791942349,-0.7366577628364207,-0.6555141909801442,-0.9003378678795666,-1.0335189775102211,1.215098874676598,0.48353483492207,0.4835348349220741,-0.4906308304603148,-0.2618692268289579,3.5036753069009055,0.8613903978682277,-0.9710810047359879,-1.2594233428940034,-0.651274635899993,-1.6852272596796074,-0.5653450664118346,-1.2928488846130817,-1.7516918354897617,-1.4158683576829416,1.3506851260737656,-0.3557457623320516,-0.8729496531492931,-0.8729496531492917
cosegppf_sunflower_0003.jpg,growing,3.062945754516282,-0.3720930834739965,-1.423663806647856,-0.5807106862723743,-0.6214810444161019,-0.7093889935589998,-0.725430025312261,0.8622681083303325,3.232255937787664,-0.6544550315788484,-1.3285664391367176,-0.3755530963100503,-0.7500603578992268,-0.8003838980728402,-0.790986502814288,0.9254725784919506,1.9971063699733527,-0.416156623439684,-1.1163195470311489,-0.5549407902268743,-0.6077460731531367,-0.8861439566343733,-1.028316895031952,1.1592611319590436,0.5982033722011844,0.5982033722011881,-0.4906308304603148,-0.1437492975824375,3.1073759157405076,0.8613903978682277,-0.6860334260357432,-1.0887892912460362,-0.25553439680859846,-1.5871961751286217,-0.47900792721699126,-1.2443554510030188,-1.561469367150954,-1.347389500028248,1.234854369128634,-0.12444337883243022,-0.5700839713450016,-0.5700839713450037
cosegppf_sunflower_0004.jpg,growing,3.033396947274433,-0.4868062170324838,-1.660031974099301,-0.6491200056287494,-0.6142841752712938,-0.7615961648495938,-0.7334873715200856,0.9355836680964906,3.2366390050863365,-0.6890361801127496,-1.607289913359549,-0.5317295880805257,-0.7636850842313326,-0.8416109168675501,-0.7970321524170596,0.9929230883158622,2.0182042611854953,-0.5091200026309483,-1.2653541256593863,-0.7815937175490214,-0.649959721256068,-0.8662498612429237,-1.0303344891917614,1.209698179545282,0.5399884640271473,0.5399884640271424,-0.4906308304603148,-0.16175405631208536,3.1631547551205443,0.8613903978682277,-0.9543442661701345,-1.2428474635910725,-0.631427481051983,-1.6906460633482499,-0.5585445383245694,-1.2652501796404683,-1.742339369970031,-1.418930828589786,1.3349564869525907,-0.32656867922149524,-0.8583844264920383,-0.8583844264920407
cosegppf_sunflower_0005.jpg,growing,3.055488164921261,-0.153963349118848,-1.417816513429574,-0.5486232899196753,-0.6028664917371467,-0.7264480326120576,-0.7267149943993827,0.8232632692531682,3.2448393249830194,-0.5437849003911279,-1.1738126818135277,-0.35697936005671055,-0.7224324653582683,-0.8091881027858182,-0.7939713020319838,0.8887664154578212,2.0331556462974105,-0.25703805687444053,-1.0480314887277593,-0.5966478327316241,-0.5838990011311197,-0.8748190418455714,-1.0293783911381051,1.1280312506284391,0.6546570013062617,0.6546570013062669,-0.4906308304603148,-0.15059788188417186,3.1285538055600806,0.8613903978682277,-0.5542316098293404,-1.0171229895538814,-0.1929857875904875,-1.5553401778038423,-0.4539494595910914,-1.223701583790787,-1.5175461808707829,-1.350150744288518,1.2004331513534008,-0.04811782084032323,-0.3789608878018366,-0.3789608878018381
cosegppf_sunflower_0006.jpg,growing,3.0903836924753327,-0.43935175313263597,-1.6221561840658865,-0.6283049413786934,-0.6181802211974097,-0.7095820675207671,-0.7322234774408298,0.9104282098305562,3.2756614818137293,-0.6631772747638088,-1.5288114701812532,-0.5072044044162097,-0.7726421113340628,-0.7959026779679778,-0.7970416523592166,0.9698505282939722,2.029666971725179,-0.4779880637908644,-1.2172437173289539,-0.7528921079010379,-0.6229281965405936,-0.86017216353411,-1.0299053732225933,1.1927271856777706,0.6058973807655874,0.6058973807655859,-0.4906308304603148,-0.16424665059858232,3.1698879255693457,0.6458386774538086,-0.8680454579397681,-1.1773564894823554,-0.5556474352684617,-1.660377392350659,-0.5250100501841078,-1.2616974736185396,-1.701589341634067,-1.4138601800391075,1.3101147217476412,-0.3251943963213632,-0.8442743631678227,-0.8442743631678226
wgsm_maize_0001.jpg,growing,-0.04192591235579391,2.7567811450255153,-0.06171567165847158,1.1252875766198651,0.5497740517563434,0.6716881455870712,-0.45268102627423645,-0.4025632982100347,-0.22067732505172058,1.246176573761726,1.193044459072263,1.2135489362586258,1.0304900804198347,0.38623789399752284,-0.6080011984824577,-0.15171251497265478,1.087237592172412,1.7947366809326668,-0.08302273739178427,1.150561869040305,1.244249972693168,0.028607696949144033,-0.8535313333392162,0.23736498425302957,1.092566597188668,1.0925665971886707,0.729785418818235,0.04743026419742547,-0.7880911665835288,-1.294126806275963,-0.12273756867750958,0.018869466880296986,0.19072587280521316,-0.5201297355298172,1.2656724814897327,0.37405268037651623,0.3774971450646998,-0.7143617022511354,-0.413198761059023,0.37505559833198104,1.2151121371680904,1.2151121371680915
wgsm_maize_0002.jpg,growing,0.052348704394834446,-0.1709316638786565,-0.40544245903710846,0.814075945237177,1.0227134678675334,1.207729574299761,-0.069025084373101,-0.25522276127767174,-0.13047294226108583,-0.7025300607672439,-0.7121714135028934,1.2768567467623948,0.9106429747558056,0.5020109553279841,-0.4317934833185617,0.2058143237433879,0.3072788119767301,-0.24416253027159388,-0.7892046440153639,0.7455107140580434,1.1412337365823944,0.09882218504265135,-0.8095432500438655,0.6100783194852537,0.41864560606565926,0.4186456060656579,0.46298215219896693,-0.43492303015652756,-0.49377791185439857,0.4302869570393896,-0.6729578490311089,-0.4151910587880512,-0.3120687166787576,-0.726810570406717,0.697606629852438,-0.21286639751745706,-0.12736898468792213,-0.9160329421330202,0.18113829791375638,-0.4204427727076325,0.16227383151508995,0.1622738315150881
wgsm_maize_0003.jpg,growing,-0.044317950649847844,1.9956194366935336,-0.22823219861552693,1.2103966448398398,0.5463108736968485,0.5451934423669009,-0.2611479681373321,-0.38974026387401944,-0.19904524147950042,1.16977998984181,0.25118412629952325,1.1321252696576944,1.0229210088020546,0.2492185530910565,-0.5394553777953436,-0.05134457081862416,0.23102721710493138,1.2174033078278723,-0.26526795993497604,1.1984577248984298,1.4007369852710132,0.020642513442192312,-0.8731050307270359,0.3658572035352926,0.8144699020897648,0.8144699020897619,0.711813254330687,0.0684358160486813,-0.7880682075290394,-1.078575085861544,-0.710092487724219,-0.31118554159308,-0.525575988529053,-0.8536872057998938,0.8378059226659784,0.421361878645936,-0.25980657677982427,-0.8894747927933374,-0.1276488745415409,0.018059186504630384,-0.04318689701881019,-0.04318689701880932
wgsm_maize_0004.jpg,growing,-0.10482255657077956,2.2996305664129286,0.1530015681959174,1.5536361965204275,0.8968488474374836,0.8279235115353107,-0.281170186685778,-0.6007882673682379,-0.21332522804816306,1.1589027542753259,0.5943338436585175,1.472665767669984,1.6138937618447668,0.7031905235925958,-0.5564041006862588,-0.24515226869561657,0.17637199220264083,1.9930102922344157,-0.012185615395313027,1.567004244356585,1.5651481628035182,0.23619349000667586,-0.8345825168631993,0.13640518906924332,1.5868371232777851,1.5868371232777867,0.729785418818235,0.05137485515566822,-0.7890503959126498,-1.294126806275963,0.32915437260145525,0.536784440787078,0.45535460411257384,-0.21372101899357124,1.4505679987608786,0.997803484543034,0.7826593120444694,-0.3754817248543969,-0.9247352052411375,1.101839824364834,1.6405077882265375,1.640507788226535
wgsm_maize_0005.jpg,growing,-0.02771434352244974,3.2451271921008424,0.018935109457370397,1.2148103123312506,0.6965800953841337,0.5919932840060188,-0.3594159473251478,-0.5821539921257912,-0.20215572485955507,1.4684917521267677,1.5017777317841807,1.374892120714668,1.184588495935335,0.41033092350927175,-0.591546782364456,-0.27257702482114965,1.818687698681363,2.1818673536759867,-0.11720276497961021,1.2508382026969058,1.380000351934475,0.1331366342050925,-0.8637397824211142,0.14635834852226284,1.1913836228471448,1.191383622847147,0.729785418818235,0.052754251993826724,-0.7893492312164411,-1.294126806275963,0.25959230293700414,0.4961572856327861,0.8450805538560862,-0.21372101899357124,1.6085570788171921,0.3960714289983046,1.0612291778821756,-0.4465712134460672,-0.7126198845904049,0.701500644148631,1.5899846582591852,1.589984658259187
wgsm_maize_0006.jpg,growing,-0.09933494605134997,2.6864975865809178,0.5752720235894244,1.3231795714985606,0.6293729504688831,0.71217941265648,-0.39977639512631374,-0.5583265926168931,-0.1915517675943015,1.1109816093224243,0.9843440204755909,2.2689171569036084,1.2641922927723699,0.4005249042669238,-0.5917654049463669,-0.2663703536426791,0.26242492733268724,2.4973664477010757,-0.03473288290247128,1.405288551144191,1.4721299319710743,0.10225745184288784,-0.8580935282773196,0.13263239554810474,1.2790767807016656,1.2790767807016694,-0.5366693698065595,0.32713322306472375,1.7162078544519184,1.0769421182826469,0.1989216256356012,0.46576817357739025,0.719381906485076,-0.1469438424708504,1.6687762478218149,0.4036184203217235,0.9393131094999687,-0.4278449569173326,-0.7381176684119669,0.707314917956894,1.9098279323858391,1.9098279323858387
wgsm_maize_0007.jpg,growing,-0.10130484870154889,2.1937560701912027,0.2923887421625474,1.5889442406771002,0.8631909607608549,0.6825674192835848,-0.3052790346097683,-0.5694967683655261,-0.21120444043478134,1.1153427587823872,0.5021008663848167,1.6154351448284474,1.6101719910054806,0.6240049681857812,-0.5646170485059998,-0.2262071199198129,0.030680037132992232,1.957458370016894,0.025476939125438875,1.531216906710396,1.5884027205116247,0.21044809842486634,-0.8556091666404514,0.16007274196001173,1.4029225089190438,1.4029225089190387,0.729785418818235,0.05181045415719195,-0.7891017357453444,-1.294126806275963,0.07339608639145451,0.39166424257598376,0.6051104088751115,-0.23025110695247938,1.6998467765103682,0.42752391677436813,0.8112177335422185,-0.45349942631729256,-0.7201759544395718,0.597795142223063,1.6605804912135669,1.6605804912135653
wgsm_maize_0008.jpg,growing,-0.1124208070968294,2.176078487452832,0.30703335560962475,1.1617289052542528,0.5653583530240548,0.7246035577631302,-0.44648794871829894,-0.37631328025734484,-0.21502186581820973,1.0692173943682846,0.4496428382543288,1.6522556717216634,1.190833199286271,0.43590013042393216,-0.5894840351413385,-0.12461941686239812,0.14215015551522,1.9081181371169087,-0.13497483798378582,1.181326562621459,1.2692078179849857,0.05363578815768053,-0.8472000245661843,0.25222616342351123,1.0517790819074955,1.0517790819074961,0.729785418818235,0.05001965826203881,-0.7887158760705505,-1.294126806275963,-0.3209633160672662,0.022932182395716764,-0.04082426708872724,-0.5653959035497321,1.2601285727229405,0.4597592041823801,0.13032484204322653,-0.6467865245361706,-0.4259713644860672,0.2979900418551875,1.1822493445226594,1.1822493445226596
wgsm_maize_0009.jpg,growing,-0.0751330883979021,2.6371053434151834,0.018671648789372174,1.2256054106434284,0.7415472135017618,0.6470329992645226,-0.38553650886648333,-0.4778559916769102,-0.21360800100984026,1.2198558485014142,1.0553797153938136,1.3054367096406883,1.2185871014113925,0.49162502561147625,-0.5889992489626319,-0.19220038218399876,0.47240742332294683,1.8316818383582778,-0.051750977827236026,1.3812509853385067,1.4386550051606493,0.13434471041116436,-0.8540884349944163,0.20374985237509438,1.2553458627198926,1.255345862719892,-0.544085749476648,0.9569609793789914,1.0146626688196434,1.0769421182826469,0.12569839440986955,0.41896569083966073,0.5076789214392157,-0.22839010367233512,1.6110210382691006,0.38045557993016355,0.7379010842000383,-0.46163254577481483,-0.6764123992566866,0.6901892387398278,1.168594444531483,1.1685944445314853
wgsm_maize_0010.jpg,growing,-0.07048971095349463,2.036173093866651,-0.07024964566786765,1.3510921116212788,0.5761807550691543,0.5375973350974098,-0.25378576538930353,-0.4438023823237285,-0.19664166170608002,1.0652666771829271,0.42243143601025457,1.2326459133731418,1.2252103131597791,0.3098465151692257,-0.5678965111469622,-0.07846626878798937,0.20079244351652045,1.4071252439273898,-0.20588387884940526,1.2328997149355028,1.4858308902487845,0.05507022487487041,-0.86956672127719,0.3180633037397219,0.9826257037262349,0.9826257037262389,0.711813254330687,0.06768561776827932,-0.7879446079586881,-1.294126806275963,-0.3314237776709858,0.04259572549038575,-0.112995739263449,-0.5423523041103294,1.157381463578395,0.4608832241667191,0.22368248892768486,-0.6591368170457443,-0.4008845802797312,0.3217757074344449,0.4381483276701561,0.438148327670154
wgsm_maize_0011.jpg,growing,-0.015894851195863955,2.093222391627669,0.11586322769083617,1.342086218896595,0.6832685267610699,0.6543072932880653,-0.1750554855137069,-0.566402512146544,-0.17062660682709357,1.1968190273176453,0.375213415197637,1.469853552293347,1.2156856605022917,0.3999449937927701,-0.5393793369539879,-0.1516477889757249,0.3056175770411359,1.6924528838580475,-0.218988557651221,1.302052608639498,1.4449500574395984,0.113129317550746,-0.8623771478538254,0.26693826443478463,1.1151851283900454,1.115185128390044,0.711813254330687,0.06858101571585588,-0.7881011169469097,-1.078575085861544,-0.1279677994793998,0.29757175123865565,0.05299864673843936,-0.41416201934293756,1.2786082686122464,0.5039572757094339,0.3943649846627902,-0.5244885060267714,-0.5375893753751252,0.5279181424546648,0.609107675559684,0.6091076755596819
wgsm_maize_0012.jpg,growing,-0.015894851195863955,2.093222391627669,0.11586322769083617,1.342086218896595,0.6832685267610699,0.6543072932880653,-0.1750554855137069,-0.566402512146544,-0.17062660682709357,1.1968190273176453,0.375213415197637,1.469853552293347,1.2156856605022917,0.3999449937927701,-0.5393793369539879,-0.1516477889757249,0.3056175770411359,1.6924528838580475,-0.218988557651221,1.302052608639498,1.4449500574395984,0.113129317550746,-0.8623771478538254,0.26693826443478463,1.1151851283900454,1.115185128390044,0.711813254330687,0.06858101571585588,-0.7881011169469097,-1.078575085861544,-0.1279677994793998,0.29757175123865565,0.05299864673843936,-0.41416201934293756,1.2786082686122464,0.5039572757094339,0.3943649846627902,-0.5244885060267714,-0.5375893753751252,0.5279181424546648,0.609107675559684,0.6091076755596819
wgsm_maize_0013.jpg,growing,-0.06176579085228449,2.733904659837633,0.3023977296772033,1.1700190120819642,0.6532362905479739,0.5798910920033078,-0.45279690449338633,-0.45925949605931804,-0.21417354693317817,1.2076960399442733,1.0255481801270758,1.7379958445335226,1.1603666993265123,0.41201796703561033,-0.6107958749447135,-0.20047126073742713,1.0656412673181972,2.0631050118573593,-0.06643537565081475,1.312995054995571,1.3718538231558353,0.08874299119709629,-0.8798278530293386,0.1940661497018202,1.0560432312323453,1.0560432312323482,0.729785418818235,0.05127805537755183,-0.7890272085148641,-1.294126806275963,-0.3539137701188518,-0.01379476586375297,0.19613873321830697,-0.5435017473127738,1.322294269694569,0.3568913038299094,0.20364149138540671,-0.717173150952501,-0.40136671444374783,0.2923871961854063,1.5948093895894007,1.594809389589403
wgsm_maize_0014.jpg,growing,-0.04797635766279541,3.01196728166077,0.3401154089752464,1.1449696155471287,0.6597838578928443,0.6525048034515764,-0.41967225515853884,-0.5397977854938318,-0.21148721339645854,1.2520768999864171,1.3617314018043913,1.6712872881311889,1.220416330263397,0.46141653490356255,-0.6094080366557426,-0.25492388722437276,1.39324047802148,2.310766869858596,-0.08711571667827213,1.2376534453706571,1.300905121403686,0.12656824267815558,-0.8622717498013284,0.14770005195513683,1.035927570286858,1.0359275702868596,0.729785418818235,0.049608259205044164,-0.7886227667195287,-1.294126806275963,-0.14993476884708268,0.1539141306131314,0.3434888222416916,-0.393745718651971,1.402643987421275,0.5139931684267459,0.5488476740511941,-0.6196761263444349,-0.5686119424859835,0.4678725511256968,1.8327232637689967,1.8327232637689976
wgsm_maize_0015.jpg,growing,-0.06654986744040887,3.017969617245406,-0.10807261767423237,1.1169378641598962,0.6835390397869008,0.6251459223742979,-0.42808770487950876,-0.4660745206094517,-0.20272127078290947,1.230938411675135,1.4824857184697735,1.1725427666529495,1.0433579955191503,0.47544010569230943,-0.5990182803508507,-0.20154651508952595,1.295724877467024,1.944534933992377,-0.10212335939747487,1.2401646699707027,1.3046822493110668,0.10803308949284998,-0.8588463621631589,0.19692135519489104,1.1885099569977895,1.188509956997787,0.729785418818235,0.05033425754091706,-0.7887407373856261,-1.078575085861544,0.1910762794328573,0.2998468719273094,0.7638876476595416,-0.32757063142575865,1.5120191474914522,0.28222426201309186,0.7158559869035366,-0.5795125734677858,-0.5620280448036029,0.5753837595439381,1.4390524970233824,1.439052497023385
wgsm_maize_0016.jpg,growing,-0.11016946794647586,2.0656668120846025,-0.09590398515303956,1.1543930068525556,0.5750443887468273,0.5152596357480649,-0.4224317768726022,-0.2941903454469916,-0.20597315024298346,1.1141114619585772,0.303165578442278,1.1807178278743882,1.1625744365759743,0.35059911382095255,-0.6133624288829003,-0.02856754267418834,-0.09557526166006892,1.462663014564564,-0.16348201125713716,1.0955805287651672,1.2625425347661037,0.05986447488858635,-0.872894250978039,0.3427628442085387,0.8953960403635456,0.8953960403635474,0.729785418818235,0.05176205426813376,-0.7891912724789951,-1.294126806275963,-0.6180404256117795,-0.3188234467620877,-0.3932616228753726,-0.8620069851699402,0.8972612642405086,0.4251353743076451,-0.19951657584013852,-0.8709995584700756,-0.15888484529876828,0.06298766593212173,0.4030552346928329,0.4030552346928346
wgsm_maize_0017.jpg,growing,-0.11016946794647586,2.0656668120846025,-0.09590398515303956,1.1543930068525556,0.5750443887468273,0.5152596357480649,-0.4224317768726022,-0.2941903454469916,-0.20597315024298346,1.1141114619585772,0.303165578442278,1.1807178278743882,1.1625744365759743,0.35059911382095255,-0.6133624288829003,-0.02856754267418834,-0.09557526166006892,1.462663014564564,-0.16348201125713716,1.0955805287651672,1.2625425347661037,0.05986447488858635,-0.872894250978039,0.3427628442085387,0.8953960403635456,0.8953960403635474,0.729785418818235,0.05176205426813376,-0.7891912724789951,-1.294126806275963,-0.6180404256117795,-0.3188234467620877,-0.3932616228753726,-0.8620069851699402,0.8972612642405086,0.4251353743076451,-0.19951657584013852,-0.8709995584700756,-0.15888484529876828,0.06298766593212173,0.4030552346928329,0.4030552346928346
wgsm_maize_0018.jpg,growing,0.15731718210955978,-0.18062102230538615,-0.44916548506450543,1.019065415988535,0.9966854357655816,1.432523049564171,0.10025285698776604,-0.42300942129445945,-0.032068143581878455,-0.6613302180581687,-0.5518800475969657,0.9975963144256682,1.1931670146406073,0.6503649516980285,-0.3607761700709802,0.09983127391771103,0.49383763370666667,-0.4436853353829456,-0.722209097275799,0.9619386390507609,1.3384530712534108,0.17930466477034135,-0.7792943360970882,0.5523886593140057,0.36015260119652326,0.36015260119652465,0.46298215219896693,0.05263325227118124,-0.7120207290924014,0.6458386774538086,-0.6488987873426332,-0.3288989812403475,-0.36198731826631697,-0.573442005966817,0.7153717775006923,-0.09392099703184752,-0.005786932931419247,-0.8012655897879893,0.07896537433615758,-0.4236141947848602,-0.07800689199630988,-0.07800689199631093
wgsm_maize_0019.jpg,growing,0.04278055121858576,-0.13278840879919002,-0.5213876993278658,0.7700005604623278,1.0459275061466804,1.1318968912440506,-0.10178109269087006,-0.20948580293825073,-0.10459926426375725,-0.7174091782160071,-0.6032661678462494,1.0372945594890055,0.9093184694475474,0.5115531914729611,-0.4521927504174666,0.23415578061613726,0.5813857344170864,-0.38122940250478304,-0.7863682948612344,0.6277444717530518,1.1650067141464215,0.13434471041116436,-0.8163187550164189,0.6219750754738329,0.42596881903659706,0.42596881903660216,0.46298215219896693,-0.4426670124058385,-0.48967424031716866,0.2147352366249705,-0.6577901797058039,-0.4374547398125887,-0.3704073233533515,-0.7545066780464702,0.6582571974054752,-0.2287833233671173,-0.16694995483392217,-0.9278309857905354,0.20737904257822753,-0.39369711318961725,0.0759293472375515,0.07592934723754885
wgsm_maize_0020.jpg,growing,-0.10580752700222303,2.3281787309105075,0.2124228214451745,1.369700471703084,0.715573378055572,0.6612596342076693,-0.3912872172019284,-0.46679915480284057,-0.20173157501623654,1.0429992214416604,0.819765669863531,1.5055623788477053,1.3654946796237408,0.4851405200645851,-0.5867178585055547,-0.17910867123907928,0.1881668865680402,1.7904127251542228,0.019732477954259493,1.3682456986304667,1.5130844569882036,0.1582780696985416,-0.8608263048150769,0.20363505422040998,1.2823212421444863,1.2823212421444832,-0.5482351669629505,0.14655323698860506,1.9138531000164294,2.3702524407691614,0.11209979432511315,0.33283612191257417,0.40363171572065015,-0.28230446340585036,1.615948957172914,0.4003667910813158,0.7708017218319583,-0.5013442586816029,-0.6639717570573256,0.6417721950273859,1.2749205991294428,1.2749205991294414
wgsm_maize_0021.jpg,growing,0.18742878592630877,-0.2816271696642533,-0.29750438586836186,0.9317495140228581,0.9234717495571221,1.4229956432450184,0.1743805015948867,-0.46096535106489894,0.02208277298785414,-0.7047362735806487,-0.6291676329427309,1.0550834699726968,1.201367024948414,0.5701778681091013,-0.33434072233338874,0.09616497268075999,0.4454951647209791,-0.4914401734990125,-0.7279895178815587,0.9558395610064799,1.4847940505369601,0.0640546867992708,-0.7673694394945146,0.5581620498433424,0.36729041637072846,0.36729041637072585,0.46298215219896693,0.06270042919528541,-0.7147580070652056,0.6458386774538086,-0.6468066950219015,-0.3186609381414709,-0.30966300093960486,-0.5486468740284549,0.6761701826208408,-0.06652300991358,-0.005953941244271216,-0.754625664009982,0.06622438626413064,-0.39158283180479864,-0.18023657659691683,-0.18023657659691752
wgsm_maize_0022.jpg,growing,0.17237298401792606,-0.020769456407578477,-0.3509729387424287,1.0398206154514107,1.02520251688225,1.6504928532641583,0.2063359799721536,-0.5715872409408057,-0.030371505811831772,-0.6087914313411574,-0.3543144628460947,1.0626044978787232,1.2563074777267358,0.6670246353769084,-0.294682800755923,0.0015491124709481646,0.8731018734973736,-0.38238235995973585,-0.6960356211036339,0.9656161303716236,1.4605766671249996,0.2338908459088052,-0.7327767322537977,0.474396467161176,0.46156519600925666,0.46156519600925267,0.46298215219896693,0.06601582159577164,-0.7146166055755249,0.6458386774538086,-0.34136121619446136,-0.06417243825505166,-0.07811286104566446,-0.3664327587463636,0.7890441651127282,0.06392352362607104,0.29733315489556894,-0.599142509936249,-0.12680316379482476,-0.12042624420126284,0.09513723989180622,0.09513723989180613
wgsm_maize_0023.jpg,growing,0.1421206810574766,-0.009142164682537344,-0.6019329588381946,0.9247713789921821,1.0057220521251748,1.521037216436894,0.14868125714892297,-0.4620971656594969,-0.04323764677048645,-0.6639468631461729,-0.3453829320792918,0.8101584368544985,1.099307621302135,0.6647576813764099,-0.3217456164127764,0.07556053032474595,0.862469915771319,-0.5230524590897419,-0.7591895145831783,0.8335886967611376,1.3024603809714308,0.22271683812741555,-0.7587946765823235,0.543828623300646,0.19941271142935726,0.19941271142935782,0.46298215219896693,0.0749456011270083,-0.718608311557089,0.6458386774538086,-0.7446120110163531,-0.44460511911974643,-0.3944644807449488,-0.599003433373465,0.5740883425283119,-0.09482422737640588,-0.11684746097822714,-0.8007133409359365,0.15377520814616538,-0.5944481306785498,-0.18037312559682858,-0.18037312559682908
wgsm_maize_0024.jpg,growing,0.13691446882548075,-0.12035768393902571,-0.4241960059778088,0.9873357830068572,1.178934799065776,1.7284496995443068,0.20695738378716155,-0.5676780992023936,-0.019767548546578233,-0.6668201120082544,-0.5300871746205601,1.0987709914565276,1.1873638587395616,0.8327234871533407,-0.292905237665965,0.010339806007472356,0.3831980876769521,-0.34193010761412473,-0.7021750900333658,0.9064190817859951,1.4216214857235046,0.3044449567836677,-0.7259635757733537,0.47835261884604663,0.5055971727332497,0.5055971727332513,0.45103347982769565,0.08660997439003285,-0.7185016582343918,0.4302869570393896,-0.21635870003049779,-0.06514748997875258,-0.1496829042855984,-0.33238734579789275,0.8476617604736085,0.11570873004741285,0.4177461484621077,-0.5384955450925035,-0.19388304330306996,-0.029195002446160957,0.030595079266846018,0.030595079266847354
wgsm_maize_0025.jpg,growing,-0.12438103677982003,2.2498600196084153,0.5255960682896389,1.2692035616278194,0.6670890027859347,0.7483574591674383,-0.41453242457554135,-0.47224099493291727,-0.21431494301321394,1.0380225350397172,0.6317272065003973,1.8867821008521999,1.374893254176362,0.5060704431859917,-0.5849593159519606,-0.20231871128545692,0.14264854404199825,2.108073483935054,-0.0178941951350341,1.2580135198554787,1.3839995218658006,0.13672297204209688,-0.8464095391724543,0.18263934865898035,1.3092966215690798,1.3092966215690751,0.729785418818235,0.05021325781827158,-0.7887655354879819,-1.294126806275963,0.3155557725166386,0.44772971668888895,0.7085561856588888,-0.22083661977058738,1.638075313051044,0.4205991507994214,0.9089175965608476,-0.4302045656488368,-0.7293918304271547,0.7898776060342276,1.6312679725658417,1.6312679725658423
wgsm_maize_0026.jpg,growing,-0.10425972178319119,2.4910550829059814,0.20404701539544948,1.2655059391882966,0.6104878259824731,0.6116273884586327,-0.38375650592194704,-0.4634257491335451,-0.22548444620182193,1.1034908301661641,0.9332556955367706,1.516484152652297,1.307463394696175,0.36630972813603824,-0.5964327265283489,-0.17108314937168748,0.4654301644090512,1.8802532241993217,-0.05254083733811738,1.292634785645795,1.4673161252518818,0.08625154931060688,-0.8669694378286454,0.21888048832532137,1.15291358002513,1.1529135800251258,0.729785418818235,0.050116458040155194,-0.7887905184648103,-1.294126806275963,0.1021623558015767,0.2673451478038762,0.5876689697661839,-0.3444291317282207,1.50406055846179,0.3414159572598101,0.7499256827254206,-0.5488878643993388,-0.583795216733108,0.6055122692776628,1.2893037604534818,1.2893037604534825
wgsm_maize_0027.jpg,growing,0.08752582129982955,-0.5765632222726579,-1.0007613661072297,0.47304322730229825,0.6870562969389098,1.1053107255878305,-0.0036815762695177113,-0.051888097857904006,-0.07307012703290126,-0.7898552678904214,-1.060024925511685,0.42442612652408057,0.4907994594928422,0.3447998945404778,-0.41918887745579125,0.41138559524845164,-0.1535530466640768,-0.9101833927776258,-0.8806503441763601,0.4636071918172391,0.833740287817809,-0.15734754494823708,-0.8292298528873637,0.8157938224467832,0.023840997923583053,0.023840997923581186,0.46298215219896693,0.07678479691121963,-0.7195039514226214,0.4302869570393896,-1.255082537275928,-0.9231930068371887,-1.0710720323830547,-1.0869147051141024,0.04773732441181258,-0.4095899665622524,-1.0295478907162507,-1.1379365717765166,0.684399422920056,-1.0119129901118198,-0.9157805227882828,-0.9157805227882827
wgsm_maize_0028.jpg,growing,0.21641468195517657,0.2343691355521184,-0.2565204580890565,1.1254666526715658,1.0572368551509213,1.9006498555945879,0.263411494761599,-0.7137577411552393,0.05446019070696928,-0.6509148024030557,-0.02652707672244376,1.2253209675821037,1.3231066725997251,0.7388819916653006,-0.25688802435602537,-0.10071645742253077,1.366992767532098,-0.2766877043197726,-0.6435808684586807,1.097105152127527,1.586255027079989,0.2622031328808103,-0.7049895923103535,0.3927642168535616,0.5198728030816601,0.5198728030816643,0.45103347982769565,0.07678479691121963,-0.7164940118874833,0.6458386774538086,-0.13790523800287538,0.14351357889361896,0.25808591350162985,-0.08990956547356882,1.0455916232453475,0.06940312104972285,0.7586101149937432,-0.4105746291803737,-0.33018474262199005,0.011822056419403705,0.40014218936138196,0.4001421893613844
wgsm_maize_0029.jpg,growing,0.1664632378546414,-0.036792422823582534,-0.30082305180660157,0.8817099378530554,0.9959819373098819,1.4850520341007056,0.14742783192536668,-0.4902036324001736,0.015013429747595829,-0.6783129402516841,-0.3629483276661625,1.1404311943776158,1.1012001632894168,0.6376596091627034,-0.341536556780832,0.05880954266967403,0.6999992261836854,-0.3136808755448867,-0.7169313287229869,0.9421165866906134,1.3985892918393774,0.1534838196848258,-0.7651787170935995,0.5186989883564664,0.46193599160272186,0.46193599160271703,0.46298215219896693,0.051786254212662856,-0.7120066525362234,0.4302869570393896,-0.3471144700764736,-0.1540397054563245,-0.13224146517674115,-0.48575591023779247,0.8066861147883871,-0.047254095896337035,0.20263944150829488,-0.7022624319470461,-0.040714552082346124,-0.18533468271532555,0.1159382042116982,0.11593820421169722
wgsm_maize_0030.jpg,growing,-0.10594822614593992,1.7730939249591464,-0.25488750552131806,1.162504296783482,0.48695001728959764,0.5444210066618324,-0.37441421350974474,-0.25148677615317594,-0.21855651823996092,0.8532131974423953,0.29375773041520553,1.0207482128426542,1.0246238854663559,0.2760530712852009,-0.581793893920983,0.02958751118752969,-0.13012937240377306,0.9418283143538957,-0.1717038512615793,1.0442762900810043,1.4046619802943474,-0.05070451533900505,-0.8655766918686423,0.41092185692418226,0.8525691493183145,0.852569149318319,0.711813254330687,0.06797601710262847,-0.7879596220839729,-1.078575085861544,-0.6624973874274505,-0.3495375760587365,-0.5063302626157608,-0.8493631099430905,0.7775621140668397,0.4565878620837086,-0.318092477965286,-0.8901776549686775,-0.12384712810069422,0.08212191246476583,-0.08214887832696671,-0.08214887832696438
wgsm_maize_0031.jpg,growing,-0.09652077211342458,2.494221989588903,0.11170164784304938,1.3692231083351538,0.5789404346729432,0.6694350332914543,-0.19012747990171927,-0.605369571598852,-0.19918661836115828,1.0127792781026874,1.042577880500808,1.5328996358001659,1.1840839094330031,0.3058925176423887,-0.5447976083114722,-0.19154358892833037,0.7202665450433343,1.6859670545682128,-0.0779603354308675,1.2653683076322602,1.513602876844124,0.00267358959339154,-0.8539604656643821,0.23827659321054082,1.043343482156162,1.043343482156159,0.711813254330687,0.06741941837845924,-0.7878599316628323,-1.294126806275963,-0.2398947386387295,0.15748932026670054,0.12456868997837302,-0.4623838984548361,1.2834129895434674,0.4399684237438377,0.43678509612727406,-0.6225377794868963,-0.4725249747492414,0.34799279660624294,0.9858008499829356,0.9858008499829356
wgsm_maize_0032.jpg,growing,-0.10355618785188599,2.416233934561745,0.05096354904820989,1.2942532173175785,0.7512332492245344,0.5758354898712095,-0.3756043908269565,-0.4544971644596096,-0.20116602909288214,1.1838381312714379,0.831853158229864,1.330092756803487,1.288035580983735,0.4323150627089197,-0.58720266533631,-0.16458797084256044,0.30960459502487164,1.7405441317040846,-0.08790557618915347,1.362595004834243,1.4807207056976253,0.11830099911234801,-0.8619028566175873,0.2323425649855868,1.2040833719233281,1.2040833719233257,0.729785418818235,0.0521976532696575,-0.7892586089953318,-1.294126806275963,0.013771455250478697,0.3211355012281467,0.36935026643765373,-0.326256982051544,1.5413649045636713,0.3355549959128994,0.6296796974717335,-0.5424616959390705,-0.582143314433446,0.5029696221137573,0.8870759230467306,0.8870759230467289
wgsm_maize_0033.jpg,growing,-0.11031020530289722,1.9153155554824226,-0.340806012165288,1.0754865525565693,0.5629774621943665,0.48732146285647737,-0.49368397578102163,-0.16908416717549735,-0.2090836528214161,1.084866211669337,0.12667852014114755,0.9784339766061538,1.0682734957876114,0.30056783304381085,-0.6164612893626306,0.03941030841153278,-0.139432369250536,1.2156737672676239,-0.20972553210942574,1.0370113350457941,1.2735033657482786,0.022945239554743042,-0.875709837934759,0.391783649282299,0.9041097368099779,0.9041097368099832,0.729785418818235,0.04895486070275856,-0.7885341894562329,-1.294126806275963,-0.6060108947675723,-0.3565254467452583,-0.4630273793109416,-0.8853789969528901,0.809642866130676,0.40408007138672125,-0.33095211805492847,-0.8725558961440483,-0.10916969953384961,0.050830547969390884,0.08507813023163965,0.08507813023163911
wgsm_maize_0034.jpg,growing,-0.0234931017219138,2.028421566049951,-0.13067163744055746,1.1967982677269668,0.61633189487165,0.6053186740309248,-0.22492678002451594,-0.4511232340733023,-0.1549327362516835,1.1588514781084795,0.28988742628900327,1.2468377116663087,1.0642998428214145,0.32908939476429383,-0.5510428702858151,-0.0762796339459704,0.28684537864656695,1.3915593788851757,-0.26681179752527256,1.2071578602843172,1.3631148605132963,0.059751212618349404,-0.8621136527225821,0.3314392817839741,1.0007946878060299,1.0007946878060285,0.711813254330687,0.07049281133365452,-0.78857618589838,-1.294126806275963,-0.24564799252080258,0.07054720823653013,-0.12021288648097736,-0.5768356001835451,1.081811827188388,0.37082112292154107,0.2348720458888073,-0.6505518576183604,-0.3378277546974558,0.2841414987845897,0.1654144585130605,0.16541445851306286
wgsm_maize_0035.jpg,growing,0.11763742511657854,-0.2772314949732959,-0.4649691194432858,0.9114115539858092,0.934294386728711,1.3786421976502676,0.1010639129908274,-0.3751284692445483,-0.0695354746111501,-0.6656400356163255,-0.6685854088226115,0.9329807214680457,1.1084540396450018,0.5758715970584116,-0.35338071292594103,0.13790170040651087,0.16225135990437412,-0.5530313360970451,-0.7312207967911268,0.893772346584431,1.3098662869701916,0.1382328622629885,-0.7829606639449623,0.5939216750275349,0.2727375400371014,0.2727375400371009,0.46298215219896693,0.06241002986093626,-0.7150334012143922,0.2147352366249705,-0.7022471415214139,-0.40722813637780964,-0.43175307470188634,-0.6294363105428389,0.6005512670417988,-0.13402442433023595,-0.16110466388410258,-0.8306853922701393,0.16143402789913927,-0.4803826499673594,-0.31992620350665085,-0.319926203506653
wgsm_maize_0036.jpg,growing,0.046579657375266606,2.3472265861124595,0.3046628962892534,1.363020494411172,0.686894059661355,0.6593283351580005,-0.13054525196163094,-0.6730019214094755,-0.1764234429422458,1.3751635549752865,0.607433215134523,1.683124680159657,1.24224127246545,0.3048381870252458,-0.5022784693725508,-0.24630679985015666,0.6249106130665443,1.8129449749925732,-0.11282242222896043,1.424662219256281,1.5838109558163864,0.028456707927056214,-0.8471623730582936,0.20727032911874949,1.0548381455535834,1.054838145553578,-0.5241947311867268,0.3031510780363891,1.0628051897489328,3.0169076020124184,-0.17085569205446097,0.21778001851566134,0.18050158091374402,-0.3860280285784463,1.3413653158523342,0.49907983184881777,0.4928998892456599,-0.5720321117445076,-0.5505674786097824,0.4795010987422233,0.8016872817685745,0.8016872817685753
wgsm_maize_0037.jpg,growing,0.01013620996406593,2.2766596080036354,0.05712683484004219,1.4683480522487449,0.6606497111893403,0.71681430660288,-0.109996364161225,-0.6554464643434282,-0.1846238396324405,1.2866069395583681,0.5958818100725202,1.4805792439829581,1.2416106078582452,0.32729686090678456,-0.49179363103789187,-0.22064269119149935,0.3900092321203334,1.6753497422092354,-0.17066266572422623,1.4965058081785192,1.6938627060859752,0.009619576697570395,-0.8444822791907862,0.22874196869647487,1.1357642838273643,1.1357642838273634,0.711813254330687,0.07114620983594012,-0.7887492161893411,-1.294126806275963,-0.2022370768654977,0.16935244957174508,0.09630153004325848,-0.406718006222368,1.299206969630194,0.48675575559195544,0.4598322433009072,-0.6201279663142963,-0.5130874752366117,0.4388011820843812,0.5866681232408509,0.5866681232408529
wgsm_maize_0038.jpg,growing,-0.12592882289250787,2.6793607508330943,0.26367908295854103,1.1766989893738833,0.660487356348544,0.7739138504082277,-0.40583258810347017,-0.4998190716426435,-0.2307157363936198,0.8882049454557924,1.2743213631774315,1.7481983664061964,1.1862283335471955,0.5025909803410458,-0.5849497953577549,-0.2209457493476672,0.6310572093973397,1.957458370016894,0.0305752225178218,1.2300295490990723,1.3720760260798022,0.1198865068663015,-0.8428335618587192,0.17856281835357266,1.2886247672333946,1.2886247672333895,0.729785418818235,0.050745656597911706,-0.7889301452565799,-1.294126806275963,0.2067669718384065,0.4071025615345971,0.5606046677007158,-0.23878982788489495,1.6356606327881769,0.4524932178550455,0.9064124718680481,-0.43597807637485486,-0.7289808308119278,0.74960054565335,1.5540267549490874,1.5540267549490896
wgsm_maize_0039.jpg,growing,-0.019834694708949784,2.3097453624008533,0.09895344763170869,1.3476925173430554,0.68873380687614,0.6663451506131896,-0.12223510863175989,-0.6390763430071894,-0.18165473313404368,1.2224727165292804,0.7047274190488244,1.50961701597319,1.2007363603412164,0.2793743559028422,-0.5148640340469098,-0.19941758171763826,0.6232492879003826,1.6628584303802116,-0.19486157112229976,1.3921037938179528,1.5825520740806085,0.08538325991524602,-0.8549240956552161,0.23778351919198315,1.1692285861375988,1.1692285861375935,0.711813254330687,0.07017821205477626,-0.7885039927949715,-1.078575085861544,0.011679362929747006,0.3286108977765376,0.14501727376117138,-0.3759019813188478,1.3186229701112255,0.5227444668762447,0.6537288945224589,-0.48834130843778484,-0.5917385746812386,0.6027637034773987,0.6637272755243894,0.6637272755243904
wgsm_maize_0040.jpg,growing,-0.13000936554932693,2.235633173970334,0.017038467324441732,1.0894428226179214,0.5525338489233802,0.5927013850335003,-0.4793282113020438,-0.29339749804205995,-0.2161529576649185,0.8906675391034125,0.7555777147212418,1.348274115694126,1.1145093517557942,0.34279660909844273,-0.6144460831543977,-0.0625527050776925,0.21973071126631033,1.4880297486186063,-0.05078155515280741,1.09127518257806,1.254396005987464,0.06326193292229175,-0.8690698424074169,0.308333362920811,0.9108767563907179,0.91087675639072,0.729785418818235,0.04922106009257862,-0.7886423344518594,-1.294126806275963,-0.48466954016488867,-0.2793338519521326,-0.14727718854644542,-0.794189836225953,0.9778327383178889,0.4265604710735055,-0.11434233628544728,-0.8715518073221283,-0.21523131177859292,0.18381884707474358,0.7850738201126433,0.7850738201126416
wgsm_maize_0041.jpg,growing,-0.021804597359148626,2.287105060266499,0.2417120483393292,1.2711718432670212,0.6449571341733529,0.6928671214498143,-0.12673248327462636,-0.6399064453199635,-0.19324840536434815,1.2170853749128758,0.580638622834114,1.7487215362231339,1.1041646432509509,0.30837045230522203,-0.5084381905633812,-0.2072117959525907,0.6561421185932376,1.75149795817086,-0.18319292961017025,1.3037567026200552,1.4542816148460498,0.07605909319481029,-0.8507082226233167,0.23798999642853358,1.022671627820477,1.0226716278204735,0.711813254330687,0.06841161610415221,-0.7880743723976381,-1.078575085861544,-0.2561084541244613,0.18235313922112606,0.018115768520654833,-0.4721815333708803,1.2352672218531926,0.47236428543532605,0.4539869523510684,-0.6108401447115726,-0.4769116052579107,0.4318240535144679,0.6946783821710558,0.6946783821710562
wgsm_maize_0042.jpg,growing,0.1657597039233361,-0.0998917035330751,-0.5072698927681798,0.9107555032985658,1.0189796592189662,1.4788722687441684,0.1431201094705537,-0.45358363214194847,-0.014394881473122463,-0.6416794631398716,-0.48590583804680715,0.9164343748216948,1.1380371706221346,0.652684822672465,-0.32981598249196215,0.0796091665203061,0.6956799792589597,-0.5168549213525524,-0.7373962251554349,0.8958351869364192,1.429249755546245,0.1603543532852985,-0.761964109204427,0.5434559279026254,0.40362838453031846,0.4036283845303159,0.46298215219896693,0.06291822869604728,-0.7150788566116622,0.4302869570393896,-0.5139588326551937,-0.2300937399051516,-0.25854154148253955,-0.5165171997507201,0.7208417674839274,-0.015219526342670488,0.13115988360750597,-0.701760387536089,-0.005574084980466077,-0.24675455694442522,-0.15424675028037782,-0.1542467502803795
wgsm_maize_0043.jpg,growing,-0.1326828212371751,2.2092118892138934,0.32905303658299395,1.303139898777734,0.6681712900157476,0.6479985788603575,-0.3957530136571126,-0.44328133833094413,-0.21841514135831955,0.9424368489079906,0.7311649674496296,1.5107943611940322,1.521674480201,0.4513997640766887,-0.598419412258061,-0.15831607191524583,0.3185753178153319,1.8065551733017386,-0.014626956790889966,1.2620497575477825,1.4411730904322309,0.13260829564979426,-0.867963179212193,0.2243844220749126,1.0801449448075835,1.0801449448075797,0.729785418818235,0.05033425754091706,-0.7887664428929532,-1.294126806275963,-0.04689922205086283,0.21859256161874516,0.33206167248071616,-0.32970531165886424,1.5560501028970415,0.33866612265526724,0.7029963468139137,-0.5359351185966166,-0.5874863094313936,0.5270724299007372,1.3272188660956483,1.3272188660956494
wgsm_maize_0044.jpg,growing,0.13649233318162568,-0.02497608196743347,-0.4584896121806982,1.0561030601004509,0.9427356628176327,1.6776588701666597,0.14132958046345592,-0.5007472960366369,-0.061900623844293345,-0.5821628818748932,-0.3962927350683131,0.9769951885653396,1.2026916672980945,0.6224761028867415,-0.2998634496471811,0.03011435069742412,0.5039712480212171,-0.4146192424552582,-0.7065193953463296,0.9535972500363045,1.48205360144139,0.18190945094174352,-0.7379260911718214,0.5035799119426486,0.3550541617863767,0.35505416178637794,0.46298215219896693,0.06195023091488342,-0.7143263100658398,0.6458386774538086,-0.520758132697572,-0.264708076096584,-0.2958301354394768,-0.48942318140748176,0.7335065190667317,-0.007070381456210097,0.1370051745573259,-0.6833353576539227,-0.013035308764581068,-0.3085972874505009,-0.13936290928999562,-0.1393629092899964
wgsm_maize_0045.jpg,growing,0.18588098070727693,-0.2143212633949059,-0.3343792657054573,0.9517295811114208,0.9427356628176327,1.526573355301535,0.15560109067645683,-0.4702486444388568,0.012185738527596312,-0.6954496024156583,-0.5572985768646344,1.1104123013700153,1.1670529501273397,0.5835161526314318,-0.32155553496143385,0.07294088358078518,0.51277594657175,-0.45920329100348445,-0.7191214220952019,0.9185274051329866,1.494125286143377,0.11369554688725082,-0.7658336766861203,0.5435304669822295,0.35588845187167345,0.355888451871673,0.46298215219896693,0.06238582991640716,-0.7144956815983151,0.6458386774538086,-0.5500474251878767,-0.28030890367583355,-0.3511615974400597,-0.5401628884866378,0.709556833194191,-0.05889573144842099,-0.001110700171563448,-0.7353471586291886,0.04388023410555807,-0.37340001189532296,-0.11146139697469194,-0.11146139697469241
wgsm_maize_0046.jpg,growing,0.1027223223519291,-0.47073601400577725,-0.7956315995884323,0.6999809172039625,0.936242409691766,1.1819154247746209,0.041313130753295575,-0.20368925410815167,-0.08932954353166576,-0.6827766977802998,-0.9096178542568275,0.542735680723219,0.8923505491943167,0.5164034559285557,-0.3856336361121143,0.27095577125822023,-0.10471218915161104,-0.8315849595630396,-0.8292727365033402,0.6193132499970243,1.1327909908718006,0.0891960402780444,-0.8103337027255998,0.7115830072990872,0.010306958762103099,0.010306958762107599,0.46298215219896693,0.07751079524709252,-0.7195085458117213,0.6458386774538086,-1.1478628058381837,-0.8294255327410942,-0.841927608228267,-0.9392386212958128,0.22164358252745067,-0.3269343541424504,-0.6729851427765086,-1.085573339713581,0.5344794094273756,-0.932310295973244,-0.9130495427900476,-0.9130495427900477
wgsm_maize_0047.jpg,growing,-0.12522526985485857,2.0467132247274877,0.20752373484476078,1.4004160314715672,0.6923593397764252,0.70889624622945,-0.45289168482192355,-0.3822006051304969,-0.2298674175085882,0.9601891037489048,0.4560140020425297,1.367174726516683,1.5143572907101308,0.5655385843158476,-0.5935905090512096,-0.12948390167042334,0.15328054688332687,1.7696100158761214,-0.007194976297324791,1.2585517368451071,1.3585972707260496,0.1217362659125845,-0.8609618142602883,0.23624689805896792,1.123991523734844,1.1239915237348461,0.729785418818235,0.04943885959334049,-0.7885861157303217,-1.294126806275963,-0.26133868492629037,0.01253163067622343,0.13900298441328948,-0.5266979824009042,1.2887351419595883,0.42218482184875616,0.22718966349759614,-0.6481420444457605,-0.43204941648816886,0.28435292692307157,1.301911784778668,1.301911784778669
wgsm_maize_0048.jpg,growing,-0.10003847998265525,2.3594682618415264,0.2831699077546758,1.1817685779750795,0.6442537532808948,0.5933451513833875,-0.43044696162332097,-0.4124883204895064,-0.2051248313579519,1.150026626854866,0.734022871011232,1.6657935787879043,1.13746954506737,0.4027919728063239,-0.6142939808196367,-0.14298002465817608,0.3439925461827874,1.9615900618416868,-0.09864067645832517,1.2388193223615862,1.354449911878736,0.05038931914606294,-0.872103765584309,0.2422614444340825,1.038059644949283,1.03805964494928,0.729785418818235,0.05256065243759395,-0.7892965120294527,-1.294126806275963,-0.3131179698645223,-0.04109621412742996,0.21297874339237585,-0.5573498011326472,1.222011120001929,0.3614074555527012,0.19495705911708372,-0.7396145361223297,-0.3581485241349128,0.20686451416931434,1.0480216776093958,1.048021677609394
wgsm_maize_0049.jpg,growing,-0.09778714083231815,2.614039911784485,-0.0748326252461253,1.1322062355957419,0.6466887232030973,0.664349516885934,-0.41520650446884405,-0.4152808644266647,-0.20314543982460598,1.1967675282109427,0.9734477133511197,1.2416710900249812,1.105489285600631,0.45382489630448003,-0.602696988387007,-0.14400460206694218,0.6878720577620027,1.7547647753377065,-0.15228014036648438,1.2487751674799736,1.3548201428186686,0.11626260630680228,-0.8598551510650643,0.24364300833733304,1.1034123682975252,1.1034123682975268,0.729785418818235,0.05285105177194311,-0.7893467126676562,-1.294126806275963,-0.1713787151346438,0.2359809840247791,0.1420101290872303,-0.47338571196391066,1.3383346457264855,0.4677477747853622,0.45916421004949937,-0.5539585129500172,-0.5327522260574575,0.5662923495892062,0.8820236100499953,0.8820236100499937
wgsm_maize_0050.jpg,growing,0.16097558912250737,0.00607726591005653,-0.4994734255114106,0.9863219689485928,1.0625398979884362,1.5793599582644289,0.18949455446765354,-0.5320162322078384,-0.029805959888477396,-0.6361382372879797,-0.34365618498802675,0.9795458190335042,1.217262459061712,0.6574294822579875,-0.3072208657194937,0.02854135844645361,0.8481830787719897,-0.4432528980539696,-0.7074169771547157,0.9252543380435129,1.4568737141256192,0.21690330969624652,-0.7503478830001659,0.5031669574695478,0.5572304591232793,0.5572304591232816,0.46298215219896693,0.05638424367319121,-0.7130567042776024,0.6458386774538086,-0.3293316853502541,-0.04304631757483147,-0.06728714021947718,-0.38099237264394314,0.8415511410328789,0.040399391096686665,0.3145350111193626,-0.5942224747088577,-0.13623244342877472,-0.10689484333839996,0.038651470261640064,0.03865147026164058
wgsm_maize_0051.jpg,growing,-0.013080677257938557,2.3119667153634014,-0.09453426435610138,1.2484483621649434,0.5555640415530001,0.5459660179299604,-0.21442588848278535,-0.5007625128299811,-0.17797868463225666,1.2375570501153432,0.5046014673193513,1.3726030751549685,1.0866290974429553,0.21389612936908436,-0.5498071343316064,-0.11380114384065165,0.7518303697416046,1.5221884356280335,-0.26864284257351106,1.2224056528274871,1.4505046478386823,0.0016921199424738177,-0.8740460730843351,0.3102598194541087,0.80807367810249,0.8080736781024895,0.711813254330687,0.0678066174909248,-0.7879742697277822,-1.294126806275963,-0.6802801721536699,-0.2601578347193139,-0.35958160252716426,-0.7859247922465054,0.8869865533260552,0.4800517792567893,-0.15325527318003945,-0.864071345598856,-0.1943730813058397,0.0701762226405168,0.36067952838688233,0.36067952838688205
wgsm_maize_0052.jpg,growing,-0.029121449597748292,2.1101433670884884,-0.1074932788812765,1.2640147617621023,0.6601626466669575,0.6519253717792762,-0.17148499932756106,-0.5255711331510713,-0.19353117832602534,1.2319646038315704,0.39444592119544675,1.283788959969515,1.096784688790485,0.3395805857341566,-0.5279914671611122,-0.12399874974455107,0.17770099819720642,1.4581950173876284,-0.2313033769421554,1.263305467280272,1.5041232914217066,0.06722570230717795,-0.8556919770594134,0.30105205079713027,1.0434361810545283,1.0434361810545252,0.711813254330687,0.06821801654791944,-0.7880251878423611,-1.294126806275963,-0.1494117457668998,0.18219063060050927,0.006688618759609172,-0.45056105408688346,1.1985295864252494,0.4606222909560694,0.4598322433009072,-0.5719317028623162,-0.4720586482627349,0.4395411805690677,0.20911013848482482,0.20911013848482646
wgsm_maize_0053.jpg,growing,-0.03939317491800663,2.2538775960371633,-0.3030355720644881,1.1315500553310336,0.5399256611927681,0.5138434336931095,-0.3047418850607373,-0.37474385167484947,-0.1873101731691766,1.1606985348141254,0.5798647689908445,1.037621505102469,0.9218077391079982,0.265983498023291,-0.5774497768928382,-0.04195528724847706,0.34415866065330175,1.3435643673937832,-0.26982755383672125,1.1608766553950771,1.3518578125991672,0.029362724074267776,-0.8828617762062307,0.35991719623978213,0.8303214137104022,0.8303214137103989,0.711813254330687,0.06916181438455421,-0.7882803341689287,-1.078575085861544,-0.5829978792394623,-0.25089484334413825,-0.43235450363667444,-0.8187660266019396,0.7972245104930619,0.44213617657077753,-0.1742983205994294,-0.8656276832728229,-0.14959783476239566,0.12324468539957117,0.07083151790751233,0.07083151790750956
wgsm_maize_0054.jpg,growing,0.07429922289794522,-0.17915576317897136,-0.4625458993201576,1.0219280412665641,1.0366202591980145,1.758383506163143,0.19382342057856727,-0.5280614400893939,-0.1559224512167344,-0.5746206593468961,-0.5627764840851719,0.944818113496522,1.2549197963246224,0.7210097991419793,-0.2837892583880094,0.025914185423780055,0.1310197641470938,-0.4518045732562006,-0.7183674440157828,1.0024797071321048,1.5472998456784939,0.2371373149204228,-0.7260388460771385,0.4971639706308424,0.5309966708856161,0.530996670885619,0.46298215219896693,0.06996041255401439,-0.7158196013020576,0.6458386774538086,-0.36594330096312017,-0.025495386548180753,-0.22065151859074397,-0.36292969374845124,0.83243449106082,0.13802855545071813,0.2966651216441611,-0.540302904971955,-0.18585274312864047,-0.032472138592629346,-0.22866595523228894,-0.22866595523228986
wgsm_maize_0055.jpg,growing,-0.1083402644400103,2.5443704292790525,0.04522143408964964,1.3925431640696762,0.7167097443778988,0.6810867426930437,-0.21171904284701681,-0.6112794593035143,-0.22392920451179457,1.0666520254471212,1.0930111075020967,1.3145926077025172,1.3787408290376852,0.4220874257586186,-0.5611379631674394,-0.20565285275521739,0.6210897095533037,1.5937244042585696,0.011833726839213233,1.4210745606769895,1.5257485755540896,0.12264236407447615,-0.861684536753414,0.21513639434285392,1.2038979741265956,1.2038979741265934,0.729785418818235,0.0571586418981223,-0.790340395524082,-1.294126806275963,0.0435837708209666,0.3484369494918237,0.557597523026775,-0.2445917792876836,1.5663740930005328,0.31540292333653197,0.860485185833653,-0.49557074795558465,-0.6238281600239363,0.5999094236078816,0.9222145323573577,0.9222145323573574
wgsm_maize_0056.jpg,growing,-0.12044119326673428,2.8426154064673415,0.11006869527531093,1.1165203655791462,0.6678465803341548,0.706450129901065,-0.43591332897315294,-0.46811986752171075,-0.23269514712534364,0.8461841267275816,1.428420216608686,1.6686711548695397,1.1145093517557942,0.44154117147711397,-0.5974688397849618,-0.19876781298876847,1.0236115091338194,1.778353955032003,0.06403715345769494,1.1874256406657404,1.352894652311,0.08628927606245759,-0.8563996356781826,0.20068816964547312,1.103690464992624,1.103690464992625,0.729785418818235,0.053456050385170525,-0.7894472303610705,-1.294126806275963,-0.16091825353098535,0.14432612199672187,0.19253015960957778,-0.46019448283114456,1.3667440982069814,0.44165445372034523,0.41958323990347973,-0.6124968912677311,-0.5123603220712107,0.4805582394346324,1.4057345410449122,1.4057345410449096
wgsm_maize_0057.jpg,growing,0.1549251438155058,-0.045961973155988864,-0.3222105187356655,1.10035739134955,1.0559382515510458,1.8362760177656898,0.19227517407232825,-0.5944029860508235,-0.010577436891316119,-0.6465536529430927,-0.3522304131277618,1.1405619157876057,1.2676613592362351,0.7197446024014031,-0.27282913381679974,-0.028112955439936572,0.6536502210745819,-0.33150485045314776,-0.6626455310297992,0.9709975208080788,1.4167336649963336,0.2971971556646692,-0.7141741722599927,0.4498344453151583,0.40937571622902913,0.40937571622902547,0.46298215219896693,0.081890985206859,-0.7189826228777565,0.4302869570393896,-0.3120719237041566,-0.09228642962181281,-0.0534542747193491,-0.3344672906404057,0.7874179518744697,0.08604263117503022,0.3173741524378471,-0.5711786362458805,-0.14244486068970166,-0.14600904895761543,0.08812772456300237,0.08812772456300087
wgsm_maize_0058.jpg,growing,0.10835067022778004,-0.35909510853223253,-0.44637362601366326,0.9690257102412742,0.901989417870961,1.469216193069835,0.14109782402515758,-0.4063145001278747,-0.10558896003043018,-0.6560968721471889,-0.78195641986265,0.9779761674942152,1.1681251621844355,0.5474029523118665,-0.3271829289586731,0.12435490047542544,0.05626333485566844,-0.5792628404312119,-0.7592612774461069,0.915836709914754,1.4512451097185477,0.11871632144144083,-0.7651937646119574,0.58226567628003,0.2954487701368452,0.2954487701368406,0.45103347982769565,0.0706864108898873,-0.7145122752392159,0.2147352366249705,-0.6740038951914749,-0.3378369553742899,-0.4353616483106152,-0.5807765483061959,0.6196715923885996,-0.10967734859803302,0.018596280745030024,-0.7524166686017649,0.11031199883594502,-0.429639896731605,-0.401263891120758,-0.40126389112075556
wgsm_maize_0059.jpg,growing,-0.13352707341855763,2.2684823345608915,0.12460801601406707,1.2561421535151336,0.6405741412880894,0.7954147793749173,-0.3040783312299962,-0.49658891371758784,-0.2376436643554808,0.8809705471337478,0.960586371141517,1.3896070888247727,1.2619215164704671,0.4801848798167336,-0.5808528213900419,-0.1506804112851759,0.24747363245133966,1.4950921610137422,0.06385759029414767,1.2501207099540341,1.4159188673084544,0.10697608432354602,-0.8485776902958331,0.24332213155080198,1.1689504894425,1.168950489442495,0.729785418818235,0.052754251993826724,-0.7892882726376846,-1.294126806275963,-0.0699122375789728,0.29448408744693677,0.31401880443700086,-0.326421188223321,1.5335541531011256,0.3662648276278802,0.7143529120878684,-0.5310150833692253,-0.6001245475996135,0.5818323177676465,0.9004577250380834,0.9004577250380857
wgsm_maize_0060.jpg,growing,-0.004356757156728419,2.876126290360909,-0.03953805162261736,1.2996806988672605,0.6767209594161931,0.7150761514439781,-0.08394957658879441,-0.7359018484900669,-0.1841996897891219,1.2974326760181556,1.1091474219444373,1.568281374652568,1.1012001632894168,0.3348886140447685,-0.5051681865604785,-0.2688961727786872,2.0059110685238855,1.733145413956806,-0.2126695255579418,1.3455534804338989,1.5103443296926689,0.08496801960082886,-0.8462213143449967,0.18652096126424683,1.1047101528746535,1.1047101528746521,0.711813254330687,0.06945221371890337,-0.7882666964752301,-1.078575085861544,-0.21269753846921727,0.24020620816081564,0.15885013926136946,-0.3975224606028451,1.3086685739255195,0.5203358526240897,0.5932718852699211,-0.5597320236760355,-0.5500695367682575,0.4316126253759861,1.0620862246003075,1.0620862246003082
wgsm_maize_0061.jpg,growing,-0.100319878270089,2.4569297123201173,0.2740565949523239,1.185526065201782,0.6509636754665679,0.5822085389765039,-0.3897178728050768,-0.4560214673790844,-0.1953691929777299,1.1546441571490444,0.7467651985876399,1.607129220108526,1.246025808274333,0.39514753177221135,-0.6027635292862068,-0.15932660027041476,0.20610842237954768,2.0878471490066035,-0.09221400007065098,1.2109249894817964,1.2404730056858089,0.024832725352876603,-0.8595991960489981,0.23589174126791304,0.8094641615779845,0.8094641615779811,0.729785418818235,0.050745656597911706,-0.7889140834354956,-1.294126806275963,-0.753503403379463,-0.28112144677891737,-0.26455583083042117,-0.7803417824060795,1.0423391967688276,0.5142139580665266,-0.14557289078882826,-0.8552855684070894,-0.2619904218493811,0.10569614990554094,1.2342289971557372,1.2342289971557356
wgsm_maize_0062.jpg,growing,0.13635163403789238,-0.34510454863595613,-0.5741715062520565,0.8956064727046924,0.9250952979650736,1.3240531048508846,0.11025874899619754,-0.3465539549292858,-0.06416280753769434,-0.6837002261331229,-0.739799625690633,0.8331794717730096,1.1032815483511687,0.4979514674699828,-0.35217347679820443,0.17015481520224782,0.134342279133537,-0.638115546412552,-0.8007296037954127,0.8604964284032419,1.2681709782731616,0.13766663292648368,-0.7873346176996103,0.6249107991170643,0.1413832010520528,0.1413832010520552,0.46298215219896693,0.06623362109653352,-0.715897035857491,0.4302869570393896,-0.9067491658733658,-0.5882627397452894,-0.6699189328784967,-0.715206667601127,0.46390007583900383,-0.21694096996068757,-0.32761195179786917,-0.8960515745768871,0.30322099131358526,-0.7441392527240059,-0.5232931807085707,-0.5232931807085692
wgsm_maize_0063.jpg,growing,-0.12311464895458239,2.2002784192467293,-0.020889797390238232,1.1947107748232442,0.5986914124558493,0.6470329992645226,-0.4542714227962099,-0.32677212358188523,-0.240754147735519,0.8106793941058978,0.9421872263035739,1.2357195715697582,1.1743068264829317,0.40015597445509904,-0.6064707784529315,-0.08099258967591172,-0.05055530766082462,1.27904258860323,0.09950953660312194,1.2130776625753552,1.38274047923001,0.11739506497981225,-0.8691903043342705,0.2927499120271066,1.0972942410053492,1.0972942410053528,-0.569807594733892,0.4221906051750151,2.603122538798389,1.723597279525904,-0.2770293773318393,-0.015257343449304184,0.06442579649941474,-0.5674758483922453,1.2427083793979528,0.36130709662552785,0.1946230424913798,-0.6803230911881746,-0.3825318666921101,0.34164995245177554,0.6521206105318895,0.6521206105318882
wgsm_maize_0064.jpg,growing,-0.10707389572111665,2.199758816528969,0.2288585554196673,1.0845523100684333,0.692629852802256,0.5998468698438635,-0.4377565340585442,-0.3687961843453326,-0.2061145463230028,1.1042091423816816,0.4680417243648017,1.622367642212546,1.1078861400074003,0.47201333074349766,-0.6059194513750252,-0.11190301634928916,0.13417616466304208,1.8211603448426563,-0.1462484717373671,1.191102937121659,1.2797982571272148,0.08270310225480908,-0.857393377061731,0.26658270903902603,1.022393531125378,1.0223935311253751,0.729785418818235,0.050431057319033454,-0.7887350387738462,-1.078575085861544,-0.15934918429043654,0.12693769959068793,0.12456868997837302,-0.5266432470103117,1.2854580758885497,0.4169059422794485,0.31002578667235914,-0.6217847128704607,-0.45802933447374755,0.4731582545877555,0.9448361500094066,0.9448361500094068
wgsm_maize_0065.jpg,growing,0.15126673680254182,-0.2461308077968165,-0.49141361203524203,0.9149900947382689,0.8740676770249578,1.275901395834398,-0.023745990599186226,-0.2686801784810347,-0.0052047698178604215,-0.7141255528142857,-0.6039806437366501,0.918134747770981,1.0461963973758177,0.47765437179667347,-0.3980196193929716,0.189705578538473,0.23152565074700315,-0.5296343159785766,-0.7669087025346772,0.9579922341000283,1.3073483625986233,0.07488890776994961,-0.8031968283284836,0.6155595327667304,0.34634046533994445,0.34634046533994206,-0.46579783763545496,-0.27459839765126276,-0.3019148210989222,0.6458386774538086,-0.7801775804688532,-0.5006705932326516,-0.5051274047461846,-0.7283978967338931,0.6023006782526525,-0.22938547693015718,-0.21170818267835317,-0.9272285324973867,0.24259064422889728,-0.5552282109900808,-0.23713199322681827,-0.23713199322681747
wgsm_maize_0066.jpg,growing,0.3863904821042123,3.6053367444588615,0.028417175636041774,1.194293276242501,0.5717976446206491,0.5494421883897659,-0.26288582106613645,-0.7074254562560237,-0.19381395128770254,1.9440599185316232,1.5650130524059311,1.3457887038424592,1.174622295827949,0.29455774763990245,-0.5966703696466237,-0.32347172848460826,3.6694907355699713,2.0998581140849764,-0.0913523776968411,1.325551957455564,1.3795559460865416,0.045595069132347,-0.8741891226447226,0.10465313557670711,1.1148143327965803,1.1148143327965796,-0.5478974236791817,0.20141451123606702,-0.08333439050940998,3.4480110428412565,-0.11593826863513139,0.20250420817764533,0.6917161754848197,-0.3216044738511935,1.5610765801789341,0.30446380027465897,0.7557709736752398,-0.623290846103332,-0.5576730296499509,0.3829841535250627,2.083199645940475,2.0831996459404754
wgsm_maize_0067.jpg,growing,0.07429922289794522,-0.40035782830734395,-0.5756464053087169,0.9896618280170872,0.9592939755668746,1.239401256361502,0.012685901826805243,-0.2710198916369514,-0.128493531529362,-0.6757989032323266,-0.8668060915110141,0.9427252921402882,1.150526577324,0.4854041886230486,-0.3851013089185231,0.19694435340442246,-0.06500821401537463,-0.5683570277639391,-0.7883070622069778,0.8660572894578945,1.3011273243276527,0.16005221121176272,-0.800238191811375,0.6250024781989303,0.393616903506758,0.3936169035067547,0.46298215219896693,-0.3740117697767915,-0.528597761756345,0.6458386774538086,-0.5144818557353766,-0.3267863691723292,-0.3036487115917233,-0.6653427267714476,0.6420197046174037,-0.1811931201016136,0.01909730568358593,-0.8560386350235251,0.14888273195721716,-0.34612578203110295,-0.401263891120758,-0.40126389112075556
wgsm_maize_0068.jpg,growing,-0.08835968679978637,2.854857082196403,0.18118453496112574,1.2510725649139376,0.6921969849356286,0.7231228811725894,-0.3644715236421683,-0.5555566115112451,-0.16426422478858696,1.3010242370957545,1.2821214787464337,1.4521953632196452,1.2074856501944773,0.48693305392208835,-0.5756436726723118,-0.2580417736191194,0.9236040110607076,2.1554438985216473,-0.07139013331733625,1.4048401668961334,1.4413954542562193,0.1451411226153122,-0.8515288030537623,0.1473672170274928,1.4357379189407145,1.4357379189407167,0.729785418818235,0.04897906064728766,-0.7884957837082421,-1.294126806275963,0.23867137972962582,0.4797439149504531,0.7380262034635798,-0.2249417740650149,1.8036287486247153,0.40381913817607157,0.9516717246510353,-0.4155448688488544,-0.7797076679374042,0.7804690538717614,1.5153833879740584,1.515383387974056
wgsm_maize_0069.jpg,growing,0.10159665277675237,-0.4798109370843427,-0.7158763787362948,0.79994085827904,1.0360789980198635,1.2971447063747352,0.06613816282083239,-0.2714800684563591,-0.08324995365321428,-0.6995029276696688,-0.9455226286375736,0.7044711714977233,0.97712670028377,0.6582202588555744,-0.38149864172372355,0.2272491655173784,-0.14524678175561556,-0.7594723556382935,-0.7985036289917354,0.6750122778799774,1.2032952867760165,0.1954992830765651,-0.7995079619150695,0.666053979430311,0.23361860492652234,0.23361860492652756,0.45103347982769565,0.08143118626080617,-0.7178967531401977,0.4302869570393896,-0.8330029115674511,-0.5484481276940817,-0.6410503440085937,-0.758994980075044,0.459538867609128,-0.18835874750177486,-0.31074411219979836,-0.9010218142453739,0.28494731611350693,-0.5930738477784178,-0.6904291566005691,-0.6904291566005706
wgsm_maize_0070.jpg,growing,-0.04023740799302881,1.9908929003510738,-0.13262092592764396,1.2327028865160903,0.5679015986945332,0.4942738037760811,-0.26404437443017537,-0.4006916326287038,-0.18829988813422752,1.1456654773949033,0.2196261026689771,1.2954302698830027,1.0692829428751116,0.22944856545687098,-0.5669744798044325,-0.04440182958204395,0.19813443152736976,1.311663790250409,-0.26893005003144926,1.2030319847153972,1.4355444860251594,0.051031001986273784,-0.8790524315099645,0.3532549172210489,0.8599850611876186,0.8599850611876182,0.711813254330687,0.06829061638150673,-0.7880733285615409,-1.078575085861544,-0.5678302099141573,-0.16265266234903308,-0.41491306452774684,-0.7716388553018872,0.848154552363992,0.4885220727102037,-0.11868455241959913,-0.8060350116920934,-0.20603124346851917,0.09998759016651901,0.09745857289030621,0.09745857289030659
wgsm_maize_0071.jpg,growing,-0.11256150624054624,2.0864162121547793,-0.16638761079454312,1.120337458438113,0.5692543989501707,0.5232420307990819,-0.4674475817860269,-0.25083770120949594,-0.2093664257830768,1.1198064605760374,0.3383558769326235,1.0746382561991588,1.1473727061223151,0.3428492969945774,-0.6135430310441344,-0.0188174994777421,-0.04773118120115965,1.4301378405163907,-0.17795112049193,1.1113663434330219,1.2338817364749055,0.06503615645018852,-0.8687084893388529,0.3445402225826282,0.9766002753324253,0.9766002753324203,0.729785418818235,0.05115705565490635,-0.7889942059071229,-1.294126806275963,-0.47891628628287675,-0.25999532609869713,-0.36860303654898696,-0.7851037613876211,0.927395488337339,0.4657606680273333,-0.19116616019751947,-0.8000104787605967,-0.22157809429834316,0.18424170335170764,0.3424274787320099,0.34242747873201046
wgsm_maize_0072.jpg,growing,-0.1084809635837272,2.4144853584593853,0.012034088015712775,1.1239754752453717,0.6385178425767524,0.7879473414606077,-0.4216523448227125,-0.40297834936642185,-0.2348159347387254,0.8912320228184022,1.0910463311444283,1.2787533439151546,1.1510311638263313,0.48798749907814526,-0.5859574087878945,-0.1403528516355025,0.3853577562545986,1.460597168652173,0.05735915104354902,1.2408823575785184,1.3417117793048714,0.1266815869630685,-0.8507684454087445,0.2487288057526745,1.2042687697200607,1.2042687697200578,0.729785418818235,0.050818256431498995,-0.7889049843339404,-1.294126806275963,0.07025794791035711,0.3245481822610991,0.4403188807427993,-0.3618349859366053,1.5465145798181585,0.3527565160303753,0.7125158206464964,-0.5121382135172038,-0.6042740629456516,0.6125951119168296,0.9776989426548376,0.9776989426548385
wgsm_maize_0073.jpg,growing,-0.12452173592355334,2.1418584382689883,-0.04290947836361384,1.1908936819642775,0.5636808430868245,0.4665286349172691,-0.4758419336163855,-0.27222726548125825,-0.21869791431999674,1.0698331542501205,0.46673178721720193,1.2159033425233168,1.2030701756955526,0.3166474917096227,-0.620501222373302,-0.03996333214916194,0.0011097214265996332,1.5359287325109985,-0.10625222011542917,1.2826789405274182,1.292314347677135,0.0028245786154837867,-0.8850224035704302,0.3251783977019325,0.877968647470681,0.8779686474706756,0.729785418818235,0.05106025587678996,-0.7889967058444046,-1.294126806275963,-0.8152201268411705,-0.5365849983890372,-0.35657445785322345,-0.9108856889689458,0.8532056692404034,0.33816432801940044,-0.4959563311530274,-0.9960086167986486,-0.03671520967264054,-0.20362321669404196,0.7230805741527027,0.7230805741527022
wgsm_maize_0074.jpg,growing,0.15365877509661222,-0.26229558673321485,-0.36098181180849154,1.076261944085799,1.1075609776353368,1.6804269395989837,0.17709787329321688,-0.5292389050640243,-0.056952125812550616,-0.6705142254195406,-0.6737657794601419,1.1710386179071444,1.3180602594107584,0.7644511985799609,-0.3003292359415725,0.02222630885451905,0.37505793723898584,-0.4378241029979096,-0.696502313722001,1.0501960923720424,1.437248095408905,0.26125930796706764,-0.7335897889250648,0.4911382633240224,0.6269400306947377,0.6269400306947355,0.45103347982769565,0.08000338953358947,-0.7185946702709208,0.4302869570393896,-0.23466450783690015,0.013019156538073723,-0.07510571637172367,-0.30912480479612076,0.8929493351996706,0.10918539978115828,0.41440598220506836,-0.5077704271418654,-0.22304820830665434,0.03317629840611951,-0.0034056217111830918,-0.00340562171118531
wgsm_maize_0075.jpg,growing,0.0909028300253434,-0.25350423735130584,-0.650028379027207,0.8994235655636591,0.9419240061769049,1.2977886125826137,0.07189948874981664,-0.3201381264008458,-0.08735015199831982,-0.6354712569742684,-0.6924029535644811,0.7777197768772159,1.0829706397389465,0.5116587963430331,-0.37681232025742645,0.18408344834002816,0.16407870931044388,-0.6260087624908294,-0.77929536269165,0.8179821578465265,1.2956469088365694,0.15420112005809883,-0.8023912954163959,0.628562815412962,0.3036989720914459,0.30369897209144586,0.46298215219896693,-0.3745683685009607,-0.5260997578109166,0.2147352366249705,-0.7467041033370848,-0.4699564639360219,-0.42333306961478145,-0.6984029026892576,0.5556579258280411,-0.19979966519951534,-0.13187820913494555,-0.8925874681412772,0.22599258284474313,-0.5114625863242526,-0.4862884017324827,-0.48628840173248394
wgsm_maize_0076.jpg,growing,-0.09961634433878379,2.452959372502073,0.10206164260189896,1.2330607794645767,0.5640055527684174,0.5782172715220001,-0.3570672166438959,-0.44759870990458905,-0.2161529576649185,1.1213456373407655,0.7574234764457083,1.4420584862289483,1.212153280903149,0.37479763366386615,-0.5988281575954119,-0.1329841230237791,0.6734191965227269,1.773789930256062,-0.1362314681161526,1.2278768760055239,1.337120014609633,0.07122711642923919,-0.8668038169907197,0.25414664088625244,0.9106913585939853,0.9106913585939878,0.729785418818235,0.04975345887221875,-0.7887074421035705,-1.294126806275963,-0.5019293018109253,-0.11585017961130388,-0.08352572145875825,-0.6321730800724593,1.2072520028850044,0.37782617603822793,0.09024284695867091,-0.7473460200510865,-0.32782149483443723,0.14407035704008264,1.140328801549748,1.1403288015497504
wgsm_maize_0077.jpg,growing,-0.12452173592355334,2.1418584382689883,-0.04290947836361384,1.1908936819642775,0.5636808430868245,0.4665286349172691,-0.4758419336163855,-0.27222726548125825,-0.21869791431999674,1.0698331542501205,0.46673178721720193,1.2159033425233168,1.2030701756955526,0.3166474917096227,-0.620501222373302,-0.03996333214916194,0.0011097214265996332,1.5359287325109985,-0.10625222011542917,1.2826789405274182,1.292314347677135,0.0028245786154837867,-0.8850224035704302,0.3251783977019325,0.877968647470681,0.8779686474706756,0.729785418818235,0.05106025587678996,-0.7889967058444046,-1.294126806275963,-0.8152201268411705,-0.5365849983890372,-0.35657445785322345,-0.9108856889689458,0.8532056692404034,0.33816432801940044,-0.4959563311530274,-0.9960086167986486,-0.03671520967264054,-0.20362321669404196,0.7230805741527027,0.7230805741527022
wgsm_maize_0078.jpg,growing,0.09526477096959617,-0.39912895761102646,-0.7067104195797793,0.645587408752471,0.9926812316544311,1.0422884754203188,-0.1270063439631673,-0.09146697734604933,-0.13047294226108583,-0.7114062439226633,-0.8462635190018757,0.7121884236072235,0.7600140368284295,0.45493202935666516,-0.46570992898470603,0.33505758880686093,0.07055012673972358,-0.6701122555327543,-0.8144805383791429,0.5212794221755537,1.034218330540286,0.11811236535308528,-0.8284017486977387,0.7071684602048864,0.2732010345289329,0.2732010345289312,0.4751797552446394,-0.4265256494049311,-0.5021932032249107,0.4302869570393896,-0.9967091356650125,-0.7389082310573543,-0.644658917617323,-0.9653474026083837,0.3896116983639892,-0.351120855591179,-0.6076848924512435,-1.1086673826176539,0.47062429613090845,-0.7379021226387789,-0.5057693923865609,-0.5057693923865588
wgsm_maize_0079.jpg,growing,-0.0741481179664422,2.4480438897167924,0.1119124621568838,1.1898202622737488,0.6578358349297895,0.5901907941695298,-0.4398208779886949,-0.39931057745346876,-0.2126183052431673,1.1816831946248794,0.7021075447536248,1.5060201879596438,1.2014931030532883,0.4101727452819729,-0.6049593583077214,-0.14097351875334957,0.7093022681457225,1.8292314645385856,-0.14492007874207585,1.2135260468234128,1.3627444686733503,0.11950907531841987,-0.8667134664565807,0.23921132124087044,1.0875608566768877,1.0875608566768897,0.729785418818235,0.05045525726356255,-0.7888026925665509,-1.294126806275963,-0.21583567695031466,0.05917160479333587,0.131184408261043,-0.5507815542615602,1.2790517813135915,0.342660407956757,0.2545790268053812,-0.6843896509169385,-0.39672716109493905,0.3396413851361976,1.124671182893199,1.124671182893197
wgsm_maize_0080.jpg,growing,0.03053892324814488,2.5243301944991567,0.14362479472556725,1.2134383461695701,0.5380318348854752,0.5563301946317754,-0.19450897632543834,-0.5797460657583318,-0.19254146336097444,1.3341176522366647,0.7359283987797662,1.6281881550808008,1.0347794768138856,0.16528833809871935,-0.5362994557065252,-0.18055221149619002,1.085077833364198,1.768216780668027,-0.21073083621531674,1.3417863512364094,1.4957545597191004,-0.06263346823084297,-0.8709971023890851,0.2564629328198326,0.8847356670514209,0.8847356670514233,0.711813254330687,0.06727421871128467,-0.7878332394817327,-1.294126806275963,-0.5542316098293404,-0.26113288644301486,-0.22606437900390774,-0.8040969419231819,0.792887941857705,0.6770563532976692,-0.1853208692476803,-0.8664309543303543,-0.24841953070814612,0.1712388728350491,0.7722382141209375,0.7722382141209357
wgsm_maize_0081.jpg,growing,0.010839743895371201,-0.5617218899422688,-1.0401122268702034,0.5038781279127675,0.6649245458895694,1.0796898598114553,-0.0338887214209094,-0.020672158104901136,-0.10657867499548108,-0.7894447798808506,-1.0893798847906964,0.4361327971425669,0.4627931270751369,0.33304339229113084,-0.4269170390968257,0.42598557244741175,-0.19093126130980886,-0.9252689110691944,-0.945922529163634,0.6412879754507206,0.7958221070281597,-0.16497294164447765,-0.833603806642011,0.8253746851064859,-0.017131915154322015,-0.01713191515432496,0.46298215219896693,0.07833359336108181,-0.7200485097827924,0.4302869570393896,-1.2210860370639767,-0.949519403377146,-1.065659171969961,-1.1008722297151603,0.03460442053314358,-0.41394554400156713,-0.9928060618887345,-1.144714171324449,0.6965792384405235,-1.0682585890173555,-0.922607972783871,-0.9226079727838724
wgsm_maize_0082.jpg,growing,0.14409058370767544,-0.13827124435435187,-0.5908178256431855,0.933777401294324,1.0436547735020325,1.2864587164269723,-0.009506058573867689,-0.30874914365826417,0.002430080948996341,-0.7081225627859823,-0.4815590872966072,0.9441640801811022,0.971575974675316,0.6215272626007571,-0.3981907009600001,0.15973342794462184,0.4950005252307373,-0.48481019843285267,-0.7424226676817753,0.8458764907263164,1.2663195017734714,0.18564653175680404,-0.7969934888854868,0.586003791191941,0.4403371482833737,0.44033714828337045,0.46298215219896693,-0.41534527503248847,-0.5057627354702257,0.2147352366249705,-0.4093542166183642,-0.22814363645773103,-0.13945861239419924,-0.5805576067438268,0.7460234330824222,-0.10508090973350112,0.13216193348461813,-0.7769164358565235,0.03618189515881178,-0.2020375056554281,-0.07523039566477069,-0.07523039566477209
wgsm_maize_0083.jpg,growing,-0.10243051827670918,2.419920854715558,0.2288585554196673,1.1816493667105585,0.6266131533018463,0.5679174294977795,-0.42790867028499446,-0.41059356735965324,-0.20441790855295613,1.1022593104024925,0.8363187942495369,1.5945722919711616,1.2074856501944773,0.33504667773315977,-0.6069745851680018,-0.14513053336237372,0.2710635114127253,1.9837382012840359,-0.13052288837643122,1.2419585966928206,1.3660031767248106,0.09399020827708454,-0.8712455336459719,0.2388557658451118,1.1593098040124048,1.159309804012409,0.729785418818235,0.054762847389741735,-0.7898121308523303,-1.509678526690382,0.025277963014564243,0.2122547254146716,0.3176273780457297,-0.4593734519722541,1.3498659759614149,0.42399128253787355,0.4411273122614455,-0.5865913996622925,-0.5176479901978768,0.5431409684253947,1.2266277694939824,1.2266277694939807
wgsm_maize_0084.jpg,growing,0.1072250006526033,-0.14985129946869047,-0.46849848524676085,0.8574952793247897,1.069303781703382,1.569381929486149,0.13736930960413102,-0.4547915307032672,-0.10686144795715828,-0.6416794631398716,-0.5607520710471715,0.9957652200663997,1.1027769618488374,0.6952825285389218,-0.3234471386613788,0.07801409718511144,0.42921486384506585,-0.46424776690789904,-0.705837180129839,0.7886528394810036,1.2741698136201656,0.23411720641992353,-0.7632589808711108,0.5499747092280031,0.29424368445808324,0.2942436844580812,0.46298215219896693,0.06509622370366598,-0.7143154620437933,0.4302869570393896,-0.6232706564136697,-0.3687135932915552,-0.3379301608747197,-0.5563098287113938,0.6236385671061712,-0.10235114691439248,-0.04286277838463909,-0.7523162597195734,0.10796455872590037,-0.4697055289740013,-0.1838778832612305,-0.18387788326122895
wgsm_maize_0085.jpg,growing,0.01857869356513781,-0.5650777430680112,-1.0313675529955657,0.5009557674250161,0.6880304259836818,1.0755699230017701,-0.018016242857885525,-0.035548410108353495,-0.1207172846824859,-0.7760535630299746,-1.0913448551939604,0.4410378338754303,0.45333137642866067,0.3627247749599274,-0.4238086580228897,0.4191798094834041,-0.20671317365894393,-0.915468146435188,-0.9356541995159436,0.5930333732211649,0.8235942545235131,-0.16078272973379334,-0.8316088001157365,0.8218884883673546,-0.015463334983728596,-0.015463334983724361,0.45103347982769565,0.07954359058753664,-0.7191073859735726,0.6458386774538086,-1.2493292833939158,-0.913279980979527,-1.0999406212529574,-1.1105603938500204,0.03551608553035051,-0.39268952322629497,-1.0161872256880717,-1.146471326762805,0.6864465171574358,-1.0232243955206233,-0.923199685116822,-0.9231996851168222
wgsm_maize_0086.jpg,growing,-0.08104283456118677,3.3215556174684564,-0.15248050410009867,1.1384088495197306,0.6122734941047377,0.4525594785424835,-0.417049663788746,-0.4878639192442569,-0.2013074059745235,1.2856832997356202,1.6661180531298379,1.1790174549251096,1.1558881857751546,0.28780957353454795,-0.612031631550971,-0.2096006368160263,2.0313281164302057,1.9859000747954325,-0.14836672424353972,1.203749672323223,1.281501705610939,0.07609681994666558,-0.8828692999654101,0.20125020227778218,0.7721992044347314,0.77219920443473,0.729785418818235,0.04897906064728766,-0.788547238210934,-1.294126806275963,-0.731536434011719,-0.2699083519563402,-0.2056157952210394,-0.7477194896130079,1.0172314499538897,0.47963027176266326,-0.13571940033054117,-0.8722546694974741,-0.24075280711641817,0.05590482329296735,1.4322705633610984,1.4322705633610988
wgsm_maize_0087.jpg,growing,0.17954909890012075,-0.03102606491590783,-0.3785238059119243,1.076918124350507,1.1176798812247366,1.8967229228176707,0.16582812152964632,-0.5838215427895058,-0.03192676670023705,-0.6460406125998346,-0.4207056117036537,1.1928169468998144,1.2956679657367776,0.7084098323989169,-0.26682153561277916,-0.030775752848517274,0.6602952510474683,-0.2931184440199331,-0.7262661951308247,1.0463393252979365,1.4365813257369922,0.27971900764866725,-0.7081289298957415,0.4468819802743687,0.406872845973139,0.4068728459731407,0.33406803560617065,0.09445075641746013,-0.6872433870834266,0.2147352366249705,-0.4972220940892791,-0.17565335199841406,-0.1496829042855984,-0.38892900427983734,0.7895369570031089,0.030524072662848387,0.19946628356410714,-0.5934192036513265,-0.08733929689430997,-0.2645145205769373,0.12035328854217855,0.12035328854217911
wgsm_maize_0088.jpg,growing,0.16238269519782228,-0.17925033908866883,-0.44769058600784506,0.9935385265083109,1.1272577587624812,1.7255529607568014,0.15548521245730815,-0.5126268891853146,-0.0402685402720896,-0.6685132287434415,-0.5482479021009015,1.0609694856344358,1.1493913262144706,0.7948177529762721,-0.2986942545921699,0.03192617685954677,0.3996445030233797,-0.4139467361287846,-0.7209165857119743,0.8833681172179967,1.3836291300258547,0.28409793533329025,-0.7296976174538379,0.49972141841020057,0.42773009810555673,0.4277300981055582,0.45103347982769565,0.08445617932694324,-0.7186514207676725,0.4302869570393896,-0.39052538573177875,-0.18296623992616945,-0.18336292463380643,-0.4178292905126273,0.7828103476994005,0.008525395826494515,0.21650113147504918,-0.6362435919060542,-0.06631508580771513,-0.27667163853966814,-0.09471138631884894,-0.09471138631884714
wgsm_maize_0089.jpg,growing,-0.017583355558612686,1.9181986317479753,-0.23033942616509245,1.1396613452619673,0.4926317313379783,0.514422865365402,-0.31746510300200964,-0.3181079962819309,-0.19056207182762852,1.1534128603252345,0.16669175727822688,1.0731993260698518,0.9562481661167832,0.24948222164952005,-0.582554364290692,0.007582679239024843,0.12387639076272264,1.1903070332135812,-0.2804908912429644,1.0785388094998793,1.3113475325299488,-0.006575041608657965,-0.8814840777645864,0.40032056622284035,0.700913751591046,0.7009137515910414,0.711813254330687,0.06768561776827932,-0.7878811280578278,-1.078575085861544,-0.8058057113978777,-0.5279720414963286,-0.6398474861390174,-1.0037169114136577,0.5000956401875256,0.5416922323265342,-0.5063108465498704,-1.0227173794616244,0.00515142420919839,-0.03617213101607421,-0.1432317976208289,-0.14323179762082702
wgsm_maize_0090.jpg,growing,-0.07935433019843804,2.6531756491301772,0.10885714243804337,1.3175732730521001,0.7480405841908703,0.7068362778245999,-0.34424917260859683,-0.542258183562478,-0.18123058329072508,1.340120530795043,0.9376620829673036,1.355991225715133,1.42712138320289,0.4771271492186482,-0.5758718365004771,-0.23392205735232408,0.6656112750257696,1.9908004049235215,-0.07329294122850358,1.3682456986304667,1.4924960125676445,0.2065976733248932,-0.8563469530079327,0.16894209522349338,1.4377772947047731,1.4377772947047711,0.729785418818235,0.050624656875266225,-0.7888971243696095,-1.294126806275963,0.36105878049267515,0.580824276974303,0.7813290867683986,-0.1460133408307752,1.7235500664377188,0.4283669317626209,1.0268254654345876,-0.3989774032872355,-0.7930493477547619,0.8401975029930064,1.2791991344600113,1.2791991344600118
wgsm_maize_0091.jpg,growing,-0.06528349872151523,2.647881862706117,0.44204813541463905,1.2312117090898889,0.6965800953841337,0.5692049621975536,-0.33683433954776415,-0.5609758888098115,-0.2058317733613256,1.2852728674610145,0.9785089399917202,1.7747507265447695,1.2862063521317229,0.38808300121225264,-0.5964897468333418,-0.23214685907993696,1.1995383731377207,2.1322390379790015,-0.10355939668716081,1.4130919180339736,1.45605891643774,0.06960388192343483,-0.875499058185763,0.1738158349364317,1.1081400121142064,1.108140012114209,-0.5313406491104775,0.3402495929994941,1.0350566420282619,1.939148999940323,-0.018132952640740902,0.22785555299392113,0.465578896003973,-0.32986951783064117,1.5925413423797918,0.2840708662730764,0.6268405561532301,-0.6020543675198059,-0.5568668380970061,0.4009555452960566,1.5772400849340873,1.5772400849340888
wgsm_maize_0092.jpg,growing,-0.1156571166786099,1.9395152818997463,0.1666980894737254,1.2085478336200821,0.6243405382204401,0.7027163410149145,-0.4447500957894946,-0.3310894951555301,-0.16864719609535322,1.0886628774143106,0.12870306254287606,1.3435653031647365,1.4576509222150746,0.5298998041392775,-0.6008148639771727,-0.09155095520611026,-0.015668967976111284,1.7918539741618211,-0.0990715656483398,1.1405163860453011,1.2762434930438136,0.07602136644295956,-0.8560985053950464,0.2712555519812666,1.0652204221706092,1.0652204221706145,0.729785418818235,0.051326455266610026,-0.7890404081641746,-1.294126806275963,-0.16301034585171706,0.0414581651460684,0.14922727630468868,-0.54317333496922,1.2173049574487864,0.3994234171658877,0.23169888794459997,-0.6538653507306831,-0.4057296334361539,0.3591984879458058,0.8847090737149267,0.8847090737149247
wgsm_maize_0093.jpg,growing,0.1359294983940373,-0.13685322183864518,-0.551414318526054,0.807336362313001,1.0103215965069903,1.285106849049611,-0.012507817023299192,-0.2912241201789052,-0.066283614349454,-0.6932947215040597,-0.5982049412056488,0.9513581624736729,0.9665928746216195,0.6544244395560362,-0.40651773069382324,0.17688832589061282,0.4506449839982178,-0.43667104116513467,-0.749926411038269,0.6726803290331753,1.1548606808521258,0.180286216435939,-0.8024741221913565,0.6076759289356602,0.20998038584311557,0.20998038584311596,0.46298215219896693,0.049777658816747845,-0.7121300416904193,0.8613903978682277,-0.8863512657462316,-0.5588486794135942,-0.4636288082457297,-0.7421912151631808,0.5557564842061173,-0.25124365126846665,-0.2536272692043004,-0.9662373832288348,0.28648856467060685,-0.6402223226599685,-0.13121548562859373,-0.13121548562859553
wgsr_rice_0001.jpg,growing,-0.3745605601069144,0.9588058166969146,0.15247487575712532,-0.41079077235992106,-0.7045430330157069,-0.23546843023758968,1.9957720156525243,-1.4071376904492352,-0.3228995299159784,1.9157383080651371,-0.6768024636990138,-0.25580475407009773,-0.7501234654723709,-0.04327200264154121,2.020532819933854,-1.5850386083663235,-0.43214533049967296,1.6473405791375002,-0.3365000116868819,-0.8745151172801353,-0.44755618802591346,1.0185190366546366,1.8316933453841504,-1.5870650876735992,-0.7235902196039024,-0.7235902196039066,-0.45500392541743245,0.0507698565424408,-0.5021357334700202,0.6458386774538086,0.8464241989034692,0.9196547509610241,0.15283584991348786,1.5264812541105375,-0.49204227271758394,0.9542075665790197,0.8593161276436889,1.5823910690001333,-0.8327424259791529,0.6030808456851217,-0.3032217091841118,-0.30322170918411157
wgsr_rice_0002.jpg,growing,-0.3766711857837725,0.6411823280317348,0.3537590550016986,-0.21767014355492484,-0.6087647572820857,-0.1118706056629159,2.0883841583644123,-1.5037973853563626,-0.31752685324334196,1.7376503841815671,-0.5630742793956358,-0.13677580585055601,-0.6355116845924969,0.08304516663272694,2.1205141763926796,-1.6934968003846758,-0.4308163245051073,1.2527149522922407,-0.08492570130917099,-0.656562374060114,-0.3942336809248409,0.8274676487140397,1.7661364109707225,-1.5193074698946472,-0.5128856236173001,-0.5128856236172992,-0.4731109640942836,0.22108906613822255,-0.411490653674683,-0.4319199246182867,1.0802155157457263,1.0785881819245642,0.23763732971876148,1.5237444845809167,-0.34228281723063897,0.9863625668452962,0.8641593687164166,1.6511209488603056,-0.9281891827767917,0.759749096300491,-0.4232482801065519,-0.4232482801065516
wgsr_rice_0003.jpg,growing,-0.3728720605207476,0.7095753951652864,0.25556650867961583,-0.13047358243122703,-0.536471062244254,-0.02554521640821512,2.1698002317506555,-1.590433935902799,-0.31950626397506576,1.5897311274701293,-0.36836672757010264,-0.1332441964535082,-0.495795149245433,0.16950588964511829,2.155713857723821,-1.7511255164884134,-0.41586504090256854,1.3263649893903264,-0.1286558058905066,-0.508928498967494,-0.29662376584716077,1.0767670091338155,1.7986890345540842,-1.601278534200462,-0.30440580119148897,-0.30440580119148924,-0.494908903617729,0.49287864314450625,-0.3787100011909134,-0.6474716450327058,1.4379633025915812,1.3142256818193978,0.8252333990080765,1.6031655363304873,-0.24719862198152742,0.93911358393218,1.1555888746437457,1.655890370764404,-1.008634453618658,0.9998257475471337,-0.4017190544537972,-0.4017190544537991
wgsr_rice_0004.jpg,growing,-0.37568622968209114,0.44867034260962246,0.749848249574055,-0.18892273584818542,-0.5379320794665498,-0.05116608218459009,2.0713531722028375,-1.5382891334144535,-0.3220512110309468,1.0500285150963298,0.3156103694356788,-0.009244779751857956,-0.5150337772798479,0.13102035953279773,2.077310752489744,-1.7046688085059227,-0.4324775819983192,0.9506682811087721,0.29022792517723167,-0.5626543243750861,-0.2921801900679015,1.0304101807799435,1.7248133086005286,-1.5563685394366333,-0.4092482552437755,-0.40924825524377384,-0.4341920297051019,0.23933582431316136,-0.5303522884232874,-0.0008164837894485803,1.1325178237640803,1.1214904577674907,0.669463304897587,1.5753052225189577,-0.3160662886623421,0.9263479283957571,1.0097906175236455,1.565773398997419,-0.9249565127262596,0.7936833125269013,-0.10945867830931941,-0.1094586783093188
wgsr_rice_0005.jpg,growing,-0.37850039884341835,0.6219925576210964,0.50347132350514,-0.3704131396020455,-0.7058958332713443,-0.21454693294320015,2.1242156075695386,-1.5028465981308587,-0.3196476504559044,1.4729041777535712,-0.19354677967990463,-0.19040419325434157,-0.7577558502254208,0.0029634588360623387,2.1639079295715358,-1.703016539452511,-0.44194672715204236,1.1475006434029287,0.004329983482723885,-0.8102055918879113,-0.45074072116938185,0.9205962996921605,1.94212642837201,-1.6545992875160909,-0.6470209295533377,-0.647020929553339,-0.33063199413475863,0.08012438925623495,-0.3021483067303871,-0.21636820420386765,0.9259237070913963,1.0257728802239943,0.17629157837022671,1.5552173341715505,-0.42117879888072246,0.9571179754670422,0.9100866547508117,1.6240105506685643,-0.8839197819136276,0.7037206396026907,-0.43007573010214006,-0.43007573010214145
wgsr_rice_0006.jpg,growing,-0.3775154379651551,0.6507298739380644,0.6245263502615466,-0.36862393401454474,-0.7179087101220968,-0.21119957169657455,2.0301290838512944,-1.4563545720113606,-0.32431338512516716,1.3473549291170877,0.11322158731061038,-0.17653934057463774,-0.7648204723822839,-0.009583934549773269,2.0277762367002765,-1.6179485164177287,-0.4291550782907042,1.277168797888834,0.02942639268607374,-0.8407907661346395,-0.4564433395844403,0.9799765668149889,1.7544147867139643,-1.5381877802931943,-0.7264638854532577,-0.7264638854532559,-0.49424739279840607,0.1705111820724107,-0.596130306487714,0.2147352366249705,0.9337690532942016,0.9209548199259583,0.4318988756557647,1.5708716558809763,-0.44438929691768964,0.95671653975835,0.8481265706825863,1.59218093501382,-0.8646581268692548,0.6454721874508184,-0.23922574455879864,-0.2392257445587988
wgsr_rice_0007.jpg,growing,-0.3704800174501118,0.8406896447461258,0.42245178901298464,-0.1546882409594995,-0.5843060769323357,-0.06462028142266844,2.157993284672566,-1.6126310396558252,-0.3196476504559044,1.6551994225965763,-0.29143644485140546,0.09434973529292975,-0.5957098546946903,0.15411163178463075,2.1352005913190255,-1.765653241411731,-0.4248358200871505,1.4929783013018485,-0.043529137822789506,-0.5918043669873657,-0.2932911242377239,1.2333528768752076,1.7936977072908138,-1.6493875310143598,-0.3410218660461779,-0.3410218660461777,-0.5023216295506102,0.4406551628507158,-0.35719111487062666,-0.0008164837894485803,1.6042846420900572,1.2643355352899304,0.9238677443134785,1.6160283531197066,-0.2454245711761519,0.9300210651302935,1.0515426957367404,1.6594548860822054,-1.00533855285809,1.011031438886696,-0.07468419966512363,-0.07468419966512625
wgsr_rice_0008.jpg,growing,-0.37864110276373353,1.4279620933616026,0.02193778282204745,-0.4242698734195404,-0.6708312435914232,-0.15905673508356724,2.108322168412371,-1.5557385976441036,-0.32063734622257734,2.2106021284382744,-0.7259258829164306,-0.09570427553988109,-0.713033890805647,0.062168045946356304,2.0860939859676084,-1.7067982436297247,-0.4186891786410617,2.2130955288707153,-0.5258180883965482,-0.7980074357993592,-0.40623119071882713,1.1806541815348728,1.795353981094056,-1.629853708203989,-0.6439618659072498,-0.6439618659072467,-0.490174306362856,0.18834654119035488,-0.46081833617141116,0.2147352366249705,0.8929732530398112,0.9596318716328291,0.02593434467290102,1.527740168094167,-0.5010110851225262,1.0450123238852804,0.830924714458792,1.6259685238712966,-0.8753994437364284,0.64452076082765,-0.049559183681359156,-0.04955918368136092
wgsr_rice_0009.jpg,growing,-0.3958075303489579,0.4426203596611481,0.536816608641562,-0.20347532138706567,-0.6770000221621929,-0.3476077592304327,1.7539358198468764,-1.222271491696164,-0.3349173519896015,1.3997397758636398,-0.23635867178945344,-0.21244417819973052,-0.6182915396088079,-0.22146555990768113,1.8646673515638696,-1.4423644480639417,-0.4635430350880244,1.0809130186999785,0.05674869868998711,-0.7597087274044191,-0.4884368599350861,0.8193892029368552,1.8642006955644534,-1.5798698741659316,-0.6642629246494697,-0.6642629246494676,-0.4234316006810608,0.01829353098439319,-0.2968231848043406,-0.4319199246182867,0.8861739529974331,0.9893709492057586,0.05360007567322746,1.4703227433627388,-0.46373137861516434,0.9301214240574669,0.7437463751498772,1.5853029265836904,-0.8303080436428104,0.7154549012884575,-0.2804635425321512,-0.2804635425321505
wgsr_rice_0010.jpg,growing,-0.3761083557727825,0.9002439205104869,0.2349691948573422,-0.3003934963436802,-0.5778126474615971,-0.04788305561555875,2.297769876259494,-1.6795686641427363,-0.30833675118726056,1.910145861781364,-0.6023730406423218,-0.1692144658278385,-0.6149484142083942,0.23456238393202153,2.2496684508779254,-1.8310400456126,-0.4371290917005192,1.4682359553969546,-0.18638840509138585,-0.6232864558789143,-0.3161012760978974,1.3700823349696654,1.9629197434787262,-1.7690616177375744,-0.46023264934524105,-0.4602326493452416,-0.4624248964868431,0.32357583121894656,-0.16298479743682226,-0.8630233654471249,1.344342171238654,1.1765808801566953,0.29958451000208436,1.583515531107819,-0.3374534567049014,0.9965991774169563,1.031835714820167,1.6801893202547802,-0.9778490016704299,0.9385115873872747,-0.5102299930503452,-0.5102299930503444
wgsr_rice_0011.jpg,growing,-0.36935435265151695,1.0941265891493164,0.21963972101179574,-0.26836577041197085,-0.5310057233475662,0.02872192328722144,2.291661098735022,-1.7238794416439018,-0.30833675118726056,1.8806952838848934,-0.4157038923796502,-0.057052512198903414,-0.5665680656053226,0.2913418388145242,2.3036231658409907,-1.916172794644312,-0.42566643755493794,1.6563245872908796,-0.16703645705921538,-0.5949436413186,-0.2650005568864501,1.1504544087647344,1.8768406109849933,-1.7018484939839664,-0.2801186898195181,-0.2801186898195148,-0.42309664714059353,0.2835007230787626,-0.3627093981382533,-0.0008164837894485803,1.3124377633473734,1.1609800525774456,0.6640504444844932,1.647774879663295,-0.26841331286245074,0.9894937653730986,1.020646157859044,1.635557572120601,-0.9985096361743243,0.8855488386974606,-0.247691782553328,-0.2476917825533264
wgsr_rice_0012.jpg,growing,-0.3585198020968668,0.8472121991782159,0.41886954795815967,-0.004748394135609102,-0.5595227456826108,-0.02400034499807845,2.287289945311907,-1.7336459993857896,-0.30904368359145357,1.7305185381932102,-0.3385949583474259,0.17041055604905933,-0.524432283311758,0.23561682908807205,2.2863035321649705,-1.9135024709570185,-0.42666319205087666,1.5837314800487408,0.0021756935388654334,-0.6295649071089057,-0.28188596785761777,1.2286340803651934,1.9129994050547943,-1.756063915557196,-0.4300128084778269,-0.4300128084778254,-0.36883344003126345,0.42136780706102583,-0.44083333123722873,-0.4319199246182867,1.2209087243151782,1.2384966646118236,0.6760790231802569,1.6220492460848643,-0.26915250069802427,0.9852786904318263,1.0049473764509373,1.6878203953013449,-1.0000666924089332,0.8472803456321604,0.0432486199253361,0.04324861992533775
wgsr_rice_0013.jpg,growing,-0.3918676963890359,0.7494200924246913,0.33721802831889097,0.5042360208612467,-0.375271280326841,0.022091395613565573,1.9740436596594246,-1.5755881174860351,-0.33251378661496866,1.652274897567648,-0.5612283883074339,0.6983889316325108,-0.21907426526166943,0.1554824333952792,2.014838802429223,-1.7504396216217224,-0.44144834990407295,1.353172972451961,0.2996705138825742,-0.22819104858256273,-0.1265840643575956,1.4165146168272391,1.7642542935441279,-1.7284802707542855,0.04961129166941475,0.04961129166941352,-0.5185459891317356,0.8576686069761081,-0.21419939872446597,-0.4319199246182867,1.6398502115426183,1.6920582247542049,1.0525735363584297,1.5443249914436605,0.048821466570652505,0.8884523974951779,1.3259373537531276,1.6463515269562015,-1.1306064932759257,1.3273279340561923,0.4658222583189402,0.46582225831893875
wgsr_rice_0014.jpg,growing,-0.3589419281875581,1.0093797966365454,0.12876959586184747,-0.2730775308534134,-0.645993803858372,-0.020137886756746732,2.416038884574166,-1.7646504781830097,-0.30649872693637537,1.892752540108347,-0.5723034761091741,-0.13095515089380827,-0.6888121627175356,0.277950980934967,2.4497259980007673,-1.9859328685292188,-0.42201168234867664,1.5558665671311533,-0.19985205421406424,-0.7703821626981447,-0.39845505378013346,1.1127046928020612,1.948570691668714,-1.7120942292895491,-0.66250164558051,-0.6625016455805115,-0.45563838678937124,0.3038286764832038,-0.2509509732713436,-0.21636820420386765,1.0090843768406652,0.9237174664764436,0.28695450237153247,1.5930394890708957,-0.4079719762184965,1.0175541214107093,0.8467905041797706,1.6527776954164644,-0.9102237572881344,0.6171408168941893,-0.39302543479274826,-0.39302543479274704
wgsr_rice_0015.jpg,growing,-0.365414513915013,1.0922358924617075,0.010190321134133519,0.5593451856322457,-0.4839823653002249,0.029816312096229012,2.3697802262652345,-1.8611894881774078,-0.30508487172718657,2.008553520608326,-0.7963064798971216,0.5524150327789634,-0.24361146269480563,0.26413827626965336,2.3375490288411,-2.014433380758765,-0.43031795853594673,1.8379754036944673,0.08859502917663081,-0.48982403678269526,-0.23515472996744,1.6204764273105958,1.9791810077520493,-1.9225455547365142,-0.32109160289742317,-0.32109160289742117,-0.4968872793513605,0.5221847759692422,-0.03345616464718511,-0.21636820420386765,1.3830458791722515,1.4463451903811113,0.6580361551366116,1.535238916605322,-0.1428252995987206,1.0177347674796209,1.1716216726775759,1.6839044488958683,-1.0794923680514865,1.1022626806417977,0.49003694763662625,0.4900369476366277
wgsr_rice_0016.jpg,growing,-0.3585198020968668,0.6930797545773804,0.36782432965582,0.11095702258832817,-0.48896063967452974,0.1348100863497172,2.305342783320698,-1.7577598943831672,-0.30352962043797854,1.4598720055405232,-0.16669268006289134,0.2044187254771532,-0.4438823525225003,0.37933154166486305,2.219925205889284,-1.8787952875490017,-0.42516806030696846,1.4504119804886937,0.05294308286765683,-0.5553892719074089,-0.14243271606695002,1.8069978165298015,1.8461776940113976,-1.8008019123913497,-0.26843862862536416,-0.26843862862536355,-0.46238806158499923,0.42410240079281375,-0.3457617175583327,-0.21636820420386765,1.4750979412846301,1.3847544231672355,1.1067021404895057,1.621885039913093,-0.19124210282870463,0.9590850104396366,1.104150314285215,1.6680398455095944,-1.0441543049807476,0.9976057520930739,-0.11164346230790761,-0.1116434623079077
wgsr_rice_0017.jpg,growing,-0.35781625861238137,0.8499063290009482,0.6970645570984638,0.3827453592166059,-0.38593132753114406,0.2657465396255209,2.4128898527798595,-1.971192736696323,-0.30720565934056837,1.702196927726724,-0.12507171046774787,0.7753000099075263,-0.3681894436820655,0.5651168520689871,2.2790412807306173,-2.0597129787505772,-0.41470216065732596,1.7338180246611021,0.28132386995629877,-0.3598596383891411,-0.07518704776419197,1.8348949452020693,1.7776246024209554,-1.841188142372146,-0.00035341455002152277,-0.0003534145500164605,-0.5311632442534238,0.7136547370834544,-0.2410328257107407,-0.0008164837894485803,1.6252055652974353,1.6441181816721584,1.2630736635347135,1.6255523110827832,0.015015942890478947,0.9251034776988083,1.2927026994955226,1.6799885024903969,-1.1333096061299168,1.1059626730652423,0.5217618319494594,0.5217618319494582
wgsr_rice_0018.jpg,growing,-0.3945411520769005,1.0773945601313184,0.039743008696286435,-0.1495590467260463,-0.617476781523334,-0.2709385155790649,1.7117638366789805,-1.2463780406553755,-0.3359070573554716,1.8238980115115377,-0.6776955909029485,0.1291428015349185,-0.6268700583140804,-0.11539291294949552,1.8053801125473161,-1.4547055381452403,-0.423008436844596,1.7245937387545751,-0.23668886779247242,-0.6906455202932685,-0.4022320207875012,1.1603071600844954,1.6761276517698498,-1.530860230023877,-0.4781235367299372,-0.4781235367299329,-0.5200676096221282,0.2814437277937894,-0.5171814456032837,-0.21636820420386765,0.9766569458692624,0.9550816302555591,0.23643447184918528,1.4932568720209571,-0.41607840281527303,0.9287364708624775,0.7948509188826843,1.5865078331699938,-0.8564697499197388,0.7609119510621531,0.060726891914041826,0.06072689191404415
wgsr_rice_0019.jpg,growing,-0.38581723197567397,1.2905614724021968,-0.0899512847778433,0.24556895713283453,-0.431277234422879,-0.03867760240034536,1.9038657598490685,-1.5031635272060266,-0.33166547252952744,1.8965494287931826,-0.7425386439827694,0.6819080877796437,-0.43517768719165056,0.09691044465527332,1.9257703186553978,-1.660680719941223,-0.421181053602061,1.7950729862848145,-0.045503864603109116,-0.35232547742664977,-0.1727969628418721,1.4670993018289662,1.6955656434404796,-1.6706528926578865,0.020689235379128815,0.02068923537913356,-0.5211872589315759,0.6689090396491548,-0.3321317396147755,-0.0008164837894485803,1.3830458791722515,1.362003216280828,0.6009004063315941,1.4630429364139523,-0.1288300099118858,0.8823104311521822,0.8990641061025413,1.5775212382138382,-0.9764737337271716,0.9784715055604174,0.3339614407374806,0.33396144073748274
wgsr_rice_0020.jpg,growing,-0.39158627899524173,0.9077118232863866,0.16064009639020793,0.84365835010541,-0.23739375365522702,0.15000230088869157,1.9662811004101672,-1.6471978222466133,-0.3312413130870116,1.6589960883415498,-0.6092205216907848,1.1804562429659233,-0.12433191406483762,0.28443548648186434,1.9608560006806488,-1.7863374623221004,-0.4103829024537722,1.4510365773934923,0.45753726786414955,-0.0487163382269531,-0.005349280181864954,1.6924653029613557,1.613152871506617,-1.7141352846751794,0.3203847737973801,0.32038477379737795,-0.5476576957419154,1.1301841823182648,-0.3573289153560271,-0.21636820420386765,1.867365251422619,1.680520112690394,1.296753683882922,1.5564215127645806,0.16420868770348343,0.8675175252868593,1.4289814827830203,1.643740896019219,-1.1719040507674512,1.3303936420641913,0.7380099314763887,0.7380099314763892
wgsr_rice_0021.jpg,growing,-0.39721461254133056,0.2695345330797715,0.6867921089158097,-0.010951137637062704,-0.5366874961775708,-0.22491110964500782,1.758212147175965,-1.2774281698326282,-0.3383106227301209,0.9188353210693705,0.12685704209094606,0.24836797395793375,-0.5506094553981699,-0.10258196554409801,1.9069488680365638,-1.52554136813416,-0.4439402361439005,0.7263551162930345,0.38070420266380345,-0.5431910183863692,-0.30417778031189857,0.8851115010755025,1.8495805267280285,-1.6169193841715088,-0.23330574614453609,-0.23330574614453284,-0.42878811304971703,0.409872833409705,-0.24531126219588595,-0.21636820420386765,1.376246579129874,1.225495974962443,0.7464462085506144,1.5446534037872146,-0.20555770724428965,0.8749440858976729,1.0490375710439606,1.57486040283576,-0.9628475157146562,0.9818543557761393,-0.02411555336446722,-0.024115553364468936
wgsr_rice_0022.jpg,growing,-0.3907420268138756,0.2333765505976116,1.3390037564037385,0.1267024982371809,-0.5608755459382482,-0.21641375745727606,1.7960658818264865,-1.407613084061987,-0.3327965595766294,0.7715831004066093,0.6968677961632185,0.6847856638612793,-0.5560971419541906,-0.08887475120994907,1.918507736788274,-1.6323829154850078,-0.4308163245051073,0.8931606921582074,0.7635050982325525,-0.5730586511739976,-0.33335707890901956,1.0518520981808361,1.7479103333438293,-1.6421349184293497,-0.3344402442621705,-0.3344402442621732,-0.47094563020432123,0.6062311833187947,-0.4333184980472259,-0.0008164837894485803,1.2193396550746292,1.2644980439105475,0.8492905563996034,1.504696568654764,-0.16914038654509353,0.8921656778005833,1.066907460519143,1.5639660391179733,-0.9706090853714371,0.9157830625004268,0.5821164899104587,0.5821164899104597
wgsr_rice_0023.jpg,growing,-0.3465595915202037,0.9607437499952316,0.10358930246131619,0.562685174278205,-0.4034636517619166,0.29600229934829597,2.602579751596862,-2.064267564978372,-0.2997121950545501,1.7265678210078526,-0.4327929707062584,0.5341028103898418,-0.2211558558855543,0.627431743134593,2.4885855527001355,-2.1840561346201177,-0.42317456259391917,1.5867102144185867,0.2516677108449797,-0.42578361988528535,-0.079112203687539,2.657952589561352,2.0777270746292014,-2.1676441989418147,-0.16989969966198615,-0.16989969966198507,-0.4380802628312467,0.7763083934692854,-0.08283612414754467,-0.21636820420386765,1.2753031246543243,1.5978032247962788,0.6748761653106805,1.58034087845346,-0.03547058627910606,0.9925045331882911,1.2292395406116299,1.718796535457462,-1.125144940696664,1.1083940966577834,0.3523500393922647,0.3523500393922657
wgsr_rice_0024.jpg,growing,-0.35570563771210517,1.1004129605278885,0.5081069494375615,0.2960856375156373,-0.4408009740864791,0.2652315824888062,2.6043594799484633,-2.1027592308179286,-0.3060745770930568,1.77997885991084,-0.2857798863173338,0.8186605857778936,-0.36572941318143387,0.6063437563247953,2.467216795852008,-2.20481260780613,-0.41686179539850726,1.786761588835731,0.3053790936222915,-0.4555615173638098,-0.12643595589161855,2.395931440358084,1.9809652508853255,-2.0812585875417993,-0.14320241693249144,-0.14320241693249178,-0.41958293323500856,0.7816565812102158,-0.42893386364699443,-0.4319199246182867,1.714642512008899,1.58268992307888,1.393583742384029,1.7155372932166835,-0.08654846571715058,0.9991081505962845,1.3970828950282317,1.7032331587177567,-1.162253463648379,1.24920523688699,0.6107007472253213,0.6107007472253211
wgsr_rice_0025.jpg,growing,-0.36302247084436073,1.4326413930933601,-0.3227899719772144,0.16409803529758327,-0.5312762951550211,0.10255869289968637,2.438251988630938,-1.8689484786318908,-0.3060745770930568,2.281406266074417,-1.0617516726029501,0.35209313936847253,-0.4986966586752372,0.4100145670546738,2.358974950558558,-2.005534810560691,-0.42716156929882665,2.0341351552843228,-0.26135438780580733,-0.6121646363371313,-0.21575123372468205,2.0278338189408003,1.9615947767753268,-1.9323382757962682,-0.38644432624566544,-0.38644432624566805,-0.4066365083570126,0.3537289621022009,-0.39878968217989724,-0.21636820420386765,1.076031331104202,1.2136328456573984,0.19433444641394237,1.622213452256647,-0.2689800235363883,1.055971518732588,1.0196441079819323,1.7289378325588132,-1.0245606887086915,0.835757512084875,0.06778192357614961,0.06778192357614798
wgsr_rice_0026.jpg,growing,-0.3582383847030726,1.1612906828982639,0.41581422823931924,0.4870591029959142,-0.4389070302159384,0.3023108739180126,2.6055288797334897,-2.128737445358471,-0.3016915961870933,1.9951621922875185,-0.6218437052702631,1.1370303063905578,-0.4006112505987027,0.6799936464706967,2.447093109683863,-2.2205169409682117,-0.40805715324207664,1.892456244475695,0.2994909507190313,-0.4284744125359955,-0.10755087950478133,2.6460614454360454,1.888381665021457,-2.0639091185080627,-0.20781354909380328,-0.20781354909379898,-0.5093794527904196,0.7894973632376431,-0.31380262841401224,-0.4319199246182867,1.5253081569823128,1.5339373368937492,0.7205847643546522,1.5915616335249045,-0.05678383553810847,0.9969203259839096,1.2332477401200777,1.6879710086246325,-1.1241095378198431,1.1864110797577458,0.660495615859811,0.6604956158598082
wgsr_rice_0027.jpg,growing,-0.35978618036892424,0.7218170708943483,0.534446149321197,0.10791532125859091,-0.3702929471709122,0.4118752074403066,2.594880531784928,-2.042281922181129,-0.30282268803378554,1.3197001317594221,0.10155116761540611,0.33933998702763396,-0.35342926067829733,0.7054047896969661,2.460629288135416,-2.144254162275465,-0.41951980738765793,1.2293660503510917,0.30523541189021475,-0.36559997006198136,0.0032415739946970398,2.852741058317006,1.969439375215205,-2.091016829294677,-0.02028367769877625,-0.02028367769877296,-0.5301838255744163,0.6620362554028913,-0.21562776929944533,-1.9407819675192202,1.6665243886320085,1.6294924058166094,1.1548164552726308,1.6195861535082114,0.029651862034811183,0.9361831032587237,1.3256033371274236,1.7109144382054187,-1.156649641971539,1.242756678663281,-0.024934847363937803,-0.0249348473639377
wgsr_rice_0028.jpg,growing,-0.36260034953026776,0.7220062227137379,0.5489854700599527,0.15717950589916413,-0.4380412357010663,0.2603390701160539,2.4640355331083676,-1.9295008218013876,-0.3055090311697024,1.515232653482844,-0.08458215607039891,0.33103420439620534,-0.3910234903680636,0.5535711014041659,2.381864689450198,-2.063256852520467,-0.41603116665189166,1.304505350256273,0.2592433730706216,-0.389278789496235,-0.118585644044933,1.7135673515368612,1.8561527593547669,-1.8225200889783542,-0.05912451611425639,-0.05912451611425872,-0.4385520915560617,0.5733192587592233,-0.2623724193068442,-0.6474716450327058,1.3778156483704225,1.4656837162345469,0.7668947923334825,1.6246765448332998,-0.09913929851640081,0.9800800980042561,1.1425622262412705,1.6710019075342413,-1.0885975902965075,1.0771027321624087,0.12326633387362951,0.12326633387362931
wgsr_rice_0029.jpg,growing,-0.37723402057136085,0.7534376688534382,0.4571141485921873,-0.42337520583705757,-0.6511344624642853,-0.17894817824654372,2.1180751603264043,-1.5179715659979363,-0.31908210453255004,1.4818315813408718,-0.04510474351018584,-0.298315072421579,-0.6908306457682689,0.07197395064980283,2.1200006838670182,-1.694153593640344,-0.4331420849956117,1.2777453809941353,-0.07189278537028378,-0.7004219922259353,-0.3896419966796048,1.214893177193608,1.8836161813815397,-1.6701598186393285,-0.5800923249328683,-0.5800923249328682,-0.4831384614506422,0.33378820781022533,-0.20533842969112495,-0.21636820420386765,1.112642946717129,1.074037940547294,0.30680165721954245,1.5781514628297628,-0.3859934579074807,0.9794378008703494,0.9358059349300575,1.668190458832882,-0.9310819877608877,0.8203232579756754,-0.5060880067196885,-0.506088006719691
wgsr_rice_0030.jpg,growing,-0.3701986000563176,1.1780699485269701,-0.13925825780411732,0.11411806476003751,-0.3760288578750547,0.16751196240086985,2.5165186640989625,-1.9332368069258834,-0.3107403117623195,2.1276379593051287,-0.9527274123131116,0.21141658356624266,-0.30290421387819655,0.4843497434669981,2.470591175306354,-2.098678028902369,-0.4311485760037536,1.9183513390798854,-0.3004171761878928,-0.32111249702990496,-0.11999279514670073,2.1759260826052707,2.157399366350147,-2.1097765617703357,-0.15321389795605198,-0.15321389795605317,-0.5257420673769543,0.5958978070048704,0.014887944813607877,-0.4319199246182867,1.6968597272826798,1.4292817852163107,0.8402691223777807,1.6199145658517644,-0.11229684198958578,0.9402978192728233,1.1919966868455574,1.7037352031287143,-1.0788363494348743,1.0677998940691829,-0.046418556683388595,-0.04641855668338636
wgsr_rice_0031.jpg,growing,-0.37540481228829703,1.250196967048469,0.013983147605607272,-0.13530461892592313,-0.4190478942480042,0.11742909419271286,2.4480681369203374,-1.873944834018892,-0.3127197224940434,2.141490996067388,-0.8425717368254722,0.1587692461355715,-0.42767144906418536,0.3745339651054026,2.426009185884075,-2.0449107955302006,-0.43148082750238037,1.8902941622086475,-0.278408520168254,-0.40345014806014823,-0.14791305110802236,2.042518382996777,2.158092075586548,-2.082772089601996,-0.20679386121177398,-0.20679386121177193,-0.4725276687581451,0.5851772315784806,-0.20341578149734707,-0.21636820420386765,1.4845123567279226,1.388167104200188,0.7482504953549787,1.6446549623995281,-0.2112987327672337,1.0155670146526803,1.1430632511798267,1.7156838601095161,-1.0760541981933405,1.1027912509880027,-0.07837102266274125,-0.0783710226627415
wgsr_rice_0032.jpg,growing,-0.3897570707121778,0.5453753911872297,1.493720404215915,-0.007491937726582155,-0.6358748708781666,-0.2431933467202531,1.930333772985892,-1.5452851853336815,-0.3301102212403194,1.3069245633204456,0.3580649589181596,0.8844535239563507,-0.6570841965019588,-0.03768364948449383,1.9538501650763562,-1.7110776857058099,-0.438624223444408,1.7629321313882864,0.3999483503953552,-0.6884032093230933,-0.4393356452392952,1.5412774772926838,1.6307992925567711,-1.6571736759953588,-0.5127929247189338,-0.5127929247189331,-0.5288590090759504,0.8023233338380642,-0.5432528236277395,-0.21636820420386765,1.0498801770949946,1.1123899750129314,0.6730718785063159,1.5195298595053048,-0.24438970820635292,0.9188812242140745,0.9645313647406583,1.5602509104768791,-0.9315799296024125,0.7840633322259647,1.0093783106343668,1.0093783106343654
wgsr_rice_0033.jpg,growing,-0.3627410582271649,1.1173811725994098,0.5036819089217824,0.2844554124645083,-0.500486540175329,0.40241227565673204,2.676991508362149,-2.162791054711653,-0.30791259174474483,1.9609915317631883,-0.5042452168406827,0.8826876482135801,-0.5009043959247069,0.797453751327497,2.5038898769076825,-2.2493059605484143,-0.4025750147932804,2.0957264222601832,0.06163153748736068,-0.5558377535879332,-0.14813525403198902,3.237146806354786,1.9381062548587522,-2.1667325899843033,-0.2857733226198625,-0.28577332261985827,-0.5039660901759845,0.6797506147981901,-0.37325291526466436,-0.21636820420386765,1.5922551112458498,1.3787416042043952,0.7705033659422117,1.6282343452218109,-0.16049188886889867,1.0197620178085187,1.2023512022424003,1.715081406816368,-1.0996945799076274,1.154802573054648,0.7015968648332518,0.7015968648332538
wgsr_rice_0034.jpg,growing,-0.3641481404195375,1.0688395991795012,0.20910404105834182,0.7512133834837378,-0.23414706831067275,0.6720100986910102,2.8044344836190263,-2.331905773485477,-0.3055090311697024,1.9536033049406099,-0.6731108108863454,0.8516877762771118,0.08312988158672723,1.0956908384444413,2.57081969547766,-2.3829661477124593,-0.4105490282030953,1.9302180540041047,0.24387676003055248,-0.19330067429743236,0.12336542400060516,3.4998847638432555,1.9615345867018956,-2.2777489825417367,0.1957974543930715,0.19579745439306864,-0.5006850127413603,1.0005450794758943,-0.17093818137996805,-0.4319199246182867,1.9494798750115219,1.898769190179194,1.4609437830804457,1.6287269637371422,0.15277591584663303,0.9492699073621026,1.6245482171331118,1.689677959621886,-1.2575658551871947,1.5470017699392875,0.8345500744140055,0.8345500744140071
wgsr_rice_0035.jpg,growing,-0.3841287323895072,1.0332486614023726,0.0012878226456164222,0.22499244498928556,-0.4154224201293368,-0.01672605097453549,2.2748193986375855,-1.7432388757967492,-0.315406056030763,2.005013235697573,-0.8854431362516251,0.3065743814368804,-0.25849772380344016,0.22839412030082049,2.2792596967920478,-1.9246238021349327,-0.43928872644170047,1.706001125543012,-0.08711571667827213,-0.3364498300172245,-0.2701105805375874,1.2936013513787166,1.9381892124816986,-1.8046604059237976,-0.28679301050189177,-0.2867930105018962,-0.38503604341202696,0.6194685529762105,-0.23397104307162145,-0.0008164837894485803,1.3699703021676177,1.4042554576412873,0.5648146702442332,1.583132383373673,-0.18604314838517894,1.001817841629961,1.131873694218704,1.6980118968437916,-1.0534334116783652,0.9723400895444314,0.1400163445294725,0.1400163445294746
wgsr_rice_0036.jpg,growing,-0.3711835609345808,1.209595867888081,0.0490671358124728,0.2514734133180591,-0.295672440395919,0.2919466972161976,2.471565969795413,-1.9761665292518138,-0.3199304138183844,2.1299980006190675,-0.8561476842892107,0.5352146528172002,-0.22626510256482824,0.5583686779636259,2.423613878729301,-2.1292136468958502,-0.42583256330426106,1.9815278964618417,-0.1596762394285831,-0.14755749153286632,0.012202739561202719,2.1040884420206303,2.0920083471826114,-2.100591712883824,0.12729296850037503,0.12729296850037417,-0.43126019308164926,0.8743181688121265,-0.23976610962541509,-0.4319199246182867,1.7784513277913383,1.633717629952665,0.9377006098136765,1.621611362960126,-0.037195357895443634,0.9866636436268149,1.2606371034278627,1.7234153440382736,-1.1512987431348374,1.215799591006784,0.287534780767481,0.28753478076747885
wgsr_rice_0037.jpg,growing,-0.3631631795412579,1.607948572637285,-0.3142561124164113,0.7550304763426975,-0.2505430262191183,0.5916071360824839,2.699889264140274,-2.256914792300425,-0.30734704582140693,2.2618067315880013,-1.1008122752194978,1.1727389908564234,-0.09203632229448874,0.9732750933397832,2.507663419149029,-2.3250634750635766,-0.41005065095512594,2.255998155036018,0.04084355216550804,-0.20074509995083023,0.09914804058865331,3.2850512516814008,1.9286658343850351,-2.2242101924531483,0.1596448840302141,0.15964488403021074,-0.4862426110629401,0.9119490825548717,-0.3252146319270001,-0.8630233654471249,1.7632836584660334,1.7570616730010522,0.8426748381169338,1.630806908579649,0.060820949101440445,0.9619552757567866,1.2658143611262938,1.7517306488163116,-1.1922485317211715,1.331979353102805,0.9614040953320339,0.9614040953320316
wgsr_rice_0038.jpg,growing,-0.3690729352577227,0.4522625841654565,1.0018091226418468,0.6721281122909735,-0.36412416860014873,0.21521304895823593,2.59345850649844,-2.113884280903541,-0.3076298187830841,1.1067745113028453,0.3870626155701033,1.0748343383141394,-0.2996241960509271,0.49568451346948433,2.516570564915905,-2.2497459969771545,-0.43164695325170355,0.9700775464231283,0.8728665531298095,-0.2037946389729707,-0.07977873200942805,1.7056398127670849,2.023108770125983,-2.0208681812001896,0.10643571636795729,0.1064357163679567,-0.5144719729800397,0.9434332103872264,0.08889382953456261,0.2147352366249705,2.3689443853190846,1.8792681557051416,1.6552053290174484,1.707874338533745,0.10899135638623417,0.9395150196408723,1.7581548674149774,1.7107136204410354,-1.2689236714772083,1.5501731920165271,0.5650023485881844,0.5650023485881839
wgsr_rice_0039.jpg,growing,-0.3669623095808811,1.0710137155313417,0.10311502747948952,1.1100790699711993,-0.2064957817088828,0.7529280184362439,2.8485655958569516,-2.4072971137505834,-0.30409516636133294,2.013735534617499,-0.7414072287849683,1.079477790138538,0.1880907261421143,1.1584803787308458,2.5737473298260243,-2.431183503161826,-0.4156989151532647,1.9114811906384002,0.3590185575304548,-0.013556855447019072,0.10588749871553581,4.17054667035715,1.8592318741547265,-2.3278075549617494,0.2026571728721778,0.2026571728721826,-0.4802076117846892,1.0535429579946158,0.1112983702592293,-0.8630233654471249,2.430661108780853,1.9793734660052908,1.7520353875185561,1.6992808822107428,0.1910165665402368,0.94188349032216,1.8065872781421524,1.6969576035807814,-1.3200061813466302,1.78929841663999,0.8236261544210645,0.8236261544210621
wgsr_rice_0040.jpg,growing,-0.36006759776271846,1.3349437595612403,-0.5860241461996922,1.7481882027531643,0.5373283364297756,1.0757629270345381,3.1014082088001897,-2.7546057297545734,-0.3043779393229936,2.169761330367027,-1.1984042097624026,0.6059779884335115,1.886892874989237,1.4727968954357926,2.8463335483855126,-2.7898289977705444,-0.4019105117959878,2.006414492520883,0.697407133301378,0.5871137657950813,0.4642594637676017,4.238080836760873,2.1348971765499285,-2.6799895591124305,0.6614240208870017,0.6614240208870037,-0.44979696657186596,1.7522679563832215,-0.24696519241469905,-0.8630233654471249,2.2031460689007907,2.3607811985936866,1.692493922974386,1.5903574549318673,0.5991714497487308,0.914626005701933,1.8433291069696687,1.6889248930054503,-1.443843526949927,1.8504011486613667,1.800133569123389,1.800133569123389
wgsr_rice_0041.jpg,growing,-0.36513309652121884,1.1764628768801555,0.11639014902682067,0.6514323888828965,-0.42911277752650745,0.33584966020981893,2.7475168597679946,-2.215736050643096,-0.308902297110615,2.127586683138288,-0.9870840909161268,1.0749652018126143,-0.30467040367776793,0.6952298406427931,2.6162568449104993,-2.329155763675671,-0.4166956696491841,2.013188195852068,0.1463633538027487,-0.4535883148884486,-0.10207046401368938,2.9662168947748597,2.1389474450999018,-2.291836071377506,-0.1488570497328358,-0.14885704973283523,-0.38119273135072085,0.6368441131481019,-0.264842171918347,-0.0008164837894485803,1.3684012329270687,1.5378375437885523,0.6243561347884032,1.6173420024939211,-0.05739982540108395,1.0395929418179304,1.282849209037216,1.709960553824594,-1.1466591897860285,1.184508226511409,0.8381003484117114,0.8381003484117108
wgsr_rice_0042.jpg,growing,-0.3711835609345808,0.4587851385975518,0.9942234696989122,0.056265356398072494,-0.5084409868683571,0.005804792265576356,2.413858616659378,-1.8624120788150587,-0.31286110897488195,0.8673228379787259,0.7094911091064251,0.4231182019817491,-0.5249369383347933,0.29028739365847367,2.4058095001786692,-2.044968497000332,-0.4354678454861161,0.8766819386585439,0.631524612965209,-0.47959908316949396,-0.2164917760545585,1.8295721926036996,2.153356686983346,-2.060853215546646,-0.21865932020266052,-0.21865932020266612,-0.49557427119322817,0.5979548022898437,-0.03970973737981189,-0.6474716450327058,1.6973827503628627,1.3173133456111168,0.627363279462344,1.618710387258728,-0.27003952610070925,1.0033232255375568,1.0375139974571346,1.7052413363615913,-1.039617501535745,1.0951798380026436,0.10678942121761005,0.10678942121761212
wgsr_rice_0043.jpg,growing,-0.3590826368844552,0.8437146362203606,-0.05987190477689872,1.433994475673003,0.6120029810789068,1.3971174387582812,2.9363855426432894,-2.6416813816305917,-0.30098467338208107,1.8019384357111887,-0.8093464734202583,0.8787635904095925,1.3668823610258543,1.7570105263028917,2.602540250166145,-2.609835031842984,-0.39293974389023406,1.7242574334024214,0.5066528632958059,1.0341411692093738,0.706877060135029,4.70077943665467,1.6922758633835104,-2.3967063780075817,1.1751613156330423,1.175161315633046,-0.5295231993182498,1.839799155744964,-0.14809389916541008,-0.6474716450327058,2.9725130198514647,2.47876245716172,2.547124439310214,1.6728984239452045,0.7089408433312123,0.8120792539164157,1.9887933474640649,1.686314262068468,-1.4993521865217905,2.033497916587028,1.6124697269113222,1.6124697269113197
wgsr_rice_0044.jpg,growing,-0.37540481228829703,0.7594876518019126,1.280214717198787,-0.1864177443637123,-0.6032994183853978,0.03161866207472683,2.3752889266927575,-1.8826241781121906,-0.3131438819365592,1.6578160676845803,0.20164376777470608,0.48845333104826,-0.6401163447694393,0.39783621801957075,2.246721651428861,-1.982562600921637,-0.4156989151532647,1.8185659296244614,0.23885023950110215,-0.6793442301332981,-0.33261645612914087,1.9037128053449222,1.746660473384233,-1.7910034115633915,-0.4465132123870285,-0.4465132123870251,-0.49672824239650326,0.5692778680228642,-0.46498903084406623,0.2147352366249705,1.2094022165511538,1.2448345008158785,0.6057118378098996,1.6004287668008674,-0.18823607229737796,1.0210867556472039,1.0871154663742926,1.6526772865342725,-1.03641644684023,0.8720174378345857,0.6649562165235953,0.6649562165235938
wgsr_rice_0045.jpg,growing,-0.3730127692176447,1.0095687430793665,-0.14468426574052154,0.43934557183634154,-0.18506741155199433,0.32690168556296695,2.4099615937063965,-1.915523410039264,-0.31243694953236617,1.9621715524201515,-0.9449868040607069,0.38348545971189574,0.08003904943748275,0.6553208210236897,2.31507728740439,-2.044391482299019,-0.4281583237947655,1.6734279376953363,0.036463365421082,-0.11643414901274841,-0.07600168455204935,1.9772114071872227,1.775381082857803,-1.8298187404066486,-0.026772600584417324,-0.026772600584422157,-0.4216255782888619,0.612353769284656,-0.5184139228019436,0.4302869570393896,1.2622275476497513,1.3449398111160278,0.7765176552900933,1.5684085633043165,-0.05993770363654938,0.9427265053104128,1.1535847748895214,1.6295832436301994,-1.0593612907441343,1.0037371681090599,0.19408974849453084,0.19408974849453187
wgsr_rice_0046.jpg,growing,-0.35570563771210517,0.8701359209768015,0.5708469830736513,0.7253883362647496,-0.22803242761404727,0.6481273880735299,2.73934387560984,-2.300599057689421,-0.30338823395714,1.816253180914888,-0.508651474907487,1.2343464284109134,-0.11815038680775627,1.059261281670284,2.493889659535345,-2.3394903478521427,-0.4065620214981879,1.652625228417235,0.478038045728064,-0.09221721002135425,0.07100566215336727,2.917104537271529,1.8243530350812374,-2.0915728828564304,0.28831095496264,0.2883109549626395,-0.44212346455887036,0.9064072952577086,-0.3084030455259639,-0.4319199246182867,1.789957835555424,1.6940083282016252,1.156019313142207,1.5721305698645989,0.19892587638086093,0.9387723635797921,1.3387969938427504,1.6609610193150823,-1.2088149777503083,1.3219365165248929,0.7972266811047902,0.7972266811047897
wgsr_rice_0047.jpg,growing,-0.3644295578133317,1.581196426229336,-0.1074932788812765,0.8291057645665295,-0.1968638838602419,0.622506522297155,2.896825487486156,-2.443803775134245,-0.30296407451462415,2.298081052592049,-0.9839877699969223,1.3820207002137475,-0.09241469365053182,1.1068675447585297,2.671903706092298,-2.510585743581629,-0.41420379468818486,2.2944805890682325,0.0963142171281298,-0.007009393154680311,0.07485664316871361,3.06663107362383,1.9711707557622504,-2.2472184531638892,0.289237943946303,0.2892379439463004,-0.4496787473531784,1.0516795622658754,-0.31031661721605086,-0.4319199246182867,1.8098327126023752,1.848066500546643,1.1024921379459889,1.6117042572629032,0.17517330726447236,0.9708872202751969,1.3454773263568494,1.7661895278519049,-1.2436313874632592,1.3233107994250253,0.9490691690066712,0.9490691690066734
wgsr_rice_0048.jpg,growing,-0.37470126880381155,1.5368143444468614,0.17839267591028354,0.06598703501972158,-0.44269485917540224,0.2661328274070544,2.5674011013324693,-2.0684259472974214,-0.308902297110615,2.274582300026978,-0.6219628492671929,0.5777249711686813,-0.44829782702142495,0.6610672378691346,2.4092982093716757,-2.160976048319514,-0.43031795853594673,2.23303336349087,-0.13536968973611868,-0.3978891895730285,-0.13428618728830172,2.2676955863405515,1.8200845120910836,-1.9247472478177623,-0.00016801675328892066,-0.00016801675328426938,-0.48879092612568265,0.7863997703379186,-0.4047956603350765,-0.0008164837894485803,1.7130734427683505,1.4934726903600934,0.7999733837469027,1.5795198475945758,-0.10194821229157532,0.9685990367356492,1.1450673509340503,1.6988653723424183,-1.0894591087207328,1.0964484068335345,0.3936333536989212,0.39363335369892144
wgsr_rice_0049.jpg,growing,-0.4314067542382973,-0.2678256588990846,1.8936550716138962,0.9112923427212882,-0.5026509970717006,-0.43271002039194534,0.003733256791315052,-0.20255691479654184,-0.3825644952403985,0.255995000479717,0.9537983974096441,1.7530379003455756,-0.4186513829090221,-0.4909174740151266,0.19092689902393167,-0.3553931852650688,-0.5110548950650504,0.13585802941057076,1.7215127972665427,-0.2980615324619066,-0.3479466879825747,-0.5375251082794463,0.7528666197941616,-0.7192241224499011,0.11190495137156906,0.11190495137156779,-0.5245391415436548,1.1359437691161898,-0.3455049737909067,-0.21636820420386765,1.410766102422008,1.167480397402136,1.2757036711653353,0.6668072094663323,0.12766816903169526,0.07343754992208429,0.922278261589026,0.7170171178315995,-0.4860010198254234,0.9154659202927039,1.5325885619629405,1.5325885619629396
wgsr_rice_0050.jpg,growing,-0.37976677233891026,0.6667057064316418,2.137872352676274,0.9343141111395882,-0.32115921131971975,0.25486726592899983,2.5616716281841048,-2.331362691378194,-0.32841359306945345,1.4024076971184907,0.49358588683421517,2.5060594351188223,-0.23408674151659978,0.27805635672722984,2.4077296450091827,-2.356190658563882,-0.41603116665189166,1.9421327827278325,1.3109942759228799,-0.2321375509657623,-0.04637806055700595,1.8770613156012212,1.9635145784218089,-2.188800542198862,0.14648164046219936,0.14648164046220188,-0.49600001338314537,1.6261378454975701,-0.37839940899884483,-0.0008164837894485803,2.1560739916842055,1.8989316987998113,1.9270512075422677,1.7378693325783803,0.29162003096162425,0.9729144706040949,1.7720165573817317,1.6993172123122862,-1.342682294732887,1.5169789742748034,2.2202948418518855,2.2202948418518873
wgsr_rice_0051.jpg,growing,-0.3711835609345808,0.861439044816303,1.6700875218307631,1.3374341288761422,-0.2678047786424362,0.4434183600048647,2.7777136619187823,-2.531270427993456,-0.3228995299159784,1.5463249604777243,0.3267449645540163,2.643923917632908,-0.1850124836917567,0.4792359249918476,2.4920930965610717,-2.4689142436047224,-0.41387154318953856,1.9249334047243707,1.3257147111841445,-0.07768700765352264,0.11373781056222121,2.294195841018129,1.9579961954720588,-2.2705936295044453,0.47741670762989413,0.4774167076298897,-0.5485926730537238,1.929314750558092,-0.1956675847229839,-0.0008164837894485803,2.8992897886257323,2.309428474478668,2.61147733533262,1.7546183620996576,0.45944030923105167,0.9313458029689785,2.148286286238048,1.7258753616519684,-1.4831967401078807,2.0312779211329683,2.2791019444805514,2.279101944480553
wgsr_rice_0052.jpg,growing,-0.37244993443005636,0.6935050894502932,1.246447803434696,0.70797286629291,-0.20454775874582168,0.3249705263712968,2.578270588125789,-2.216053504435276,-0.32332368935849426,1.450226289737705,0.3029870564924795,1.3733223270868862,-0.10856255805641352,0.421243961264897,2.503499966238261,-2.3217509089261257,-0.43231145624899603,1.4826488629842216,0.8112924566751417,0.12331384904278171,0.089224210218324,1.872606934412892,2.2473631138439316,-2.302322563924163,0.33002545922747545,0.3300254592274747,-0.4805867224208018,1.453737440672286,-0.14111052406094085,-0.8630233654471249,2.3783588007624377,1.8329531988292627,2.2446056851111282,1.8902526599876193,0.09866736628274286,0.9838937372368369,1.823121101114539,1.7274316993259418,-1.3169236842324303,1.4987961543653279,0.9138850433627401,0.9138850433627412
wgsr_rice_0053.jpg,growing,-0.39791815602581604,0.6211418878752707,0.507790842415406,-0.4710291313643732,-0.5344147635329168,-0.23978151093804162,1.6755743182848264,-1.1890254218242462,-0.33732091736425074,1.4065635189712231,-0.0925014156363305,-0.31342263102711615,-0.5624679919307044,-0.25177954094676575,1.7791064116509794,-1.3867713394760532,-0.47749756419462436,1.0796158110908842,-0.04525253857663332,-0.5787092475377442,-0.26011265570926845,0.10724033561587094,1.8925674920846365,-1.5056333355319786,-0.36790454657240523,-0.3679045465724031,-0.39258592259086666,0.9376978235338305,-0.6551963397870623,0.2147352366249705,1.0540643617365189,1.163580190507314,0.25928877137120604,1.5696674772879389,-0.3598015689337028,0.9956758752869627,0.9805641627744884,1.640929447317853,-0.9411514783339409,0.7645062294163445,-0.6374481446348049,-0.6374481446348049
wgsr_rice_0054.jpg,growing,-0.39566682165206085,0.7945113394974473,0.5634192691931956,0.12831275735043862,-0.42310629501491653,-0.007520597759322093,2.048234277579953,-1.6104419202823146,-0.3320896319720432,1.5779302520808909,-0.22439045678377853,0.5525457541889455,-0.4302576261903946,-0.03135732216489533,2.0710272429221925,-1.7576568211553618,-0.4657026641898012,1.2856244454920647,0.3065998423231918,-0.30873487032315494,-0.11540111090146464,0.539965687280003,2.025329783835592,-1.7821051594588864,-0.0772008012956851,-0.07720080129568205,-0.4894050408800059,0.8840707464573525,-0.3673777008978589,-0.21636820420386765,1.6252055652974353,1.5706642851532189,0.9383020387484646,1.605245481173001,-0.03276023088201044,0.9715094456236709,1.3419701517869578,1.6750182628219097,-1.127310592515358,1.1096626654886745,-0.005909020042898756,-0.005909020042901043
wgsr_rice_0055.jpg,growing,-0.385957940672571,0.6241668793495053,0.43951950813459073,-0.045603131106491765,-0.3735396912970967,0.12225713202987953,2.0818224855568848,-1.5901999121155062,-0.329544675316965,1.2672127326791827,0.04956945674518791,0.05497857793154881,-0.31823209095743316,0.08146349889865119,2.0997537462754035,-1.742450225892152,-0.4547383872921893,1.2721242176065968,-0.005256286954699451,-0.24245214245558014,0.06633988345014125,0.9374326008385955,2.1283702173262498,-1.888219511369414,0.1327622035039868,0.13276220350398563,-0.4612818656956388,0.7605784295253726,-0.37139623804858063,-0.4319199246182867,1.9677856828179852,1.4910350610508227,1.6233295954736051,1.7713673916209287,-0.07548528777808555,0.9575194111757337,1.3421371600998093,1.6677888233041107,-1.1452285949714898,1.1627311282477293,-0.40244731578665993,-0.40244731578666043
wgsr_rice_0056.jpg,growing,-0.3862393580663652,1.0556998117173373,0.35765740307867955,0.8295828687795367,-0.10584736039517906,0.17967862893917375,2.323921741395576,-1.9756685728075516,-0.3313826995678502,1.781056328234122,-0.4433916118839941,1.2479496961821523,0.026360062914978857,0.19860736183976113,2.2995165473667836,-2.093662516768174,-0.4603866514903281,1.6022760794608006,0.4961692450593298,0.23767180595420198,0.15210039719980378,0.9074593526089265,2.2173400435205064,-2.1080336627031215,0.5453650001323928,0.5453650001323981,-0.5027791773784953,2.1518090405586063,0.3782997117060541,-1.078575085861544,2.3046125464564624,1.863667328125892,1.8260111464976425,1.729932700942486,0.19525457679751762,0.9552111558507514,1.5938186875682867,1.7187463310163607,-1.3001596422344346,1.5528160437475504,0.9523463450045535,0.9523463450045543
wgsr_rice_0057.jpg,growing,-0.38511369326778677,1.2008517551168743,2.612873854191215,0.11417767039230163,-0.37586650303425845,0.23240089722447363,2.489260738615176,-2.31848666062398,-0.3254444769718594,1.9677639987039248,1.174883602228193,1.5407477514081407,-0.35866472250386694,0.22639083485878536,2.3849350707555033,-2.3732878550397416,-0.43563397123543923,2.545265014082168,1.018131280362512,-0.2743827130276635,0.010129060137545793,1.517079866712977,2.035154112299411,-2.2148934054096903,0.3798047676501791,0.37980476765018306,-0.44991671317063997,1.7096760540120117,-0.3900872119283557,-0.21636820420386765,2.0551305372087176,2.1977850521147073,1.3346437067747174,1.634693121311714,0.41629637922814766,0.9554118737050976,1.639411956976978,1.8059514451997887,-1.3824386036673126,1.5947845292362837,2.2411868388383853,2.241186838838386
wgsr_rice_0058.jpg,growing,-0.3914455702983611,1.0474757124170222,2.196608745527062,-0.15808783523771605,-0.5886891873808345,-0.1479199828186928,2.2314571466214987,-1.940550312637291,-0.3303929942019965,1.7912665277519297,0.8734741278250143,1.1016485675381555,-0.6037837183769201,-0.09852259222499796,2.1791075065907726,-2.0344246822756444,-0.44277735589863865,2.291886173850038,0.7233651648785379,-0.6014912010434056,-0.2994379876006854,0.9164060057667957,1.9919716600521384,-1.968344238687388,-0.279469797530954,-0.2794697975309522,-0.41752311987014945,1.1584739174727787,-0.5039605419006286,-0.0008164837894485803,1.5221700185012157,1.524186819656723,0.6580361551366116,1.6423013406040543,-0.07065592725234801,1.0679543746370599,1.2810121175958442,1.7659887100875225,-1.1672565935798884,1.1743596758642554,1.6887551015286941,1.6887551015286917
wgsr_rice_0059.jpg,growing,-0.37104285223768374,0.8932013526075057,1.0347858832991474,1.8595398167728705,0.09139096390206179,0.6314544969440072,2.803686858584266,-2.602156023277657,-0.32304091639681703,1.7707435763826214,-0.14686471280788893,2.2290229718137757,0.64388842792085,0.6101395756243334,2.616028846298719,-2.604140649368897,-0.42450356858850424,1.8841928608261145,1.2063721340971354,0.5637040548556419,0.44344881642307604,2.0823443825462067,2.297132977084286,-2.538935711195708,1.2257749141410426,1.2257749141410381,-0.4556343470796773,2.04803967841784,-0.11107367597299861,-0.8630233654471249,3.594387462190247,2.727238138085299,3.1004390593164626,1.7883900980951675,0.7850771903951567,0.8891749817708253,2.303102992252156,1.7476138846464577,-1.6429017059784585,2.2850974013809564,2.5100973359979513,2.510097335997951
wgsr_rice_0060.jpg,growing,-0.38483227587399255,1.1108111761800439,1.1215999502068286,0.299485231793854,-0.2677506407682982,0.1505172580254063,2.4419381242087863,-2.0854834479192066,-0.3258686364143752,1.961607068705162,0.006281376739105052,1.0256532495755177,-0.17725388379241844,0.19201736596169927,2.4143267352761253,-2.2122821885526047,-0.4324775819983192,2.1173935886849367,0.4094627019636262,-0.08378608569780381,-0.008830110707289607,1.4216862983888412,2.2242812674669743,-2.2070042211127676,0.10977287670914414,0.1097728767091474,-0.3953446622678073,1.2233055688662284,-0.4303010311953375,-0.0008164837894485803,1.6555409039481062,1.680520112690394,1.3520851458835748,1.7384714218748951,0.030489608248458006,1.0172530446291885,1.4368308734870834,1.7559980263094588,-1.2182284497067501,1.1752053884181826,1.0908525472483857,1.090852547248385
wgsr_rice_0061.jpg,growing,-0.38806856634942916,0.9143762929271634,0.20262464824435347,0.6368200681342943,0.012928549075084159,0.19293968428648547,2.0355111054041704,-1.7178493937435217,-0.332937946057468,1.7595586838150752,-0.5592634825860376,0.8028989938569441,0.32660876576508263,0.1344998223777441,2.145076896402352,-1.9357240597324512,-0.46753004179293184,1.5242542815404243,0.44881277580675955,0.251663888764872,0.004944942028410281,0.8070827364824557,2.0515433459027683,-1.9389030959649307,0.1949631643077748,0.19496316430777397,-0.44276613055813485,1.4713308003449392,-0.47072224004253577,-0.6474716450327058,1.9740619597801805,1.6142165954786125,1.7285796590617475,1.7620623752202214,0.018440846528631927,0.978915934449048,1.4824241428957747,1.6749178539397185,-1.206712556641649,1.2836680234596047,0.12977516953609022,0.12977516953609228
wgsr_rice_0062.jpg,growing,-0.393978322065894,0.4322693806197005,0.5205916889809099,-0.2946082514229767,-0.5622824840680236,-0.24132652220617723,1.6370359319129522,-1.1515522317047246,-0.33859339569179814,1.1764499044488654,0.03396922560717708,-0.228794300642608,-0.5960251869982854,-0.21814427529003383,1.7480130183612752,-1.3561634692069293,-0.4818168280375825,0.7252021588380876,0.20869142833683552,-0.5394239866213673,-0.32328505962270243,0.14978430159226439,1.8613322460215025,-1.4840353382631597,-0.39395293701333584,-0.39395293701333356,-0.43241581727450223,0.25615478576088346,-0.33672694195969743,-0.4319199246182867,0.9991469383171893,1.069650207790622,0.1829072966528967,1.550838502924155,-0.41765533686449335,1.0008142523582293,0.8761839672417793,1.6626177658712469,-0.9118677557490403,0.7363862869982092,-0.5325329963692667,-0.5325329963692672
wgsr_rice_0063.jpg,growing,-0.38891281853081167,1.1422900643070149,1.1396686367490596,2.128345928126217,-0.0818216654752982,0.29606663402589023,2.5156022559393127,-2.4200970605380765,-0.33053438068283514,1.9441114176383198,-0.4421413114167265,3.2785053188855127,0.30377478759979554,0.34095138734480507,2.466712885876697,-2.51903675107225,-0.44942237459271617,2.0740108245246325,1.592907194637734,0.1867265085064137,0.10884982893503767,1.4984690959946092,2.2555916202739117,-2.4521371453225917,0.42782279700392306,0.42782279700392445,-0.3415698418463772,1.8614581060985054,-0.37272929966747465,-0.4319199246182867,1.6712315963536553,2.24393750036997,1.0940721328588838,1.5737726315823735,0.5487341997681809,1.0463370617239656,1.6819990767543134,1.7443505959752308,-1.4359871112280942,1.5741702857342668,2.8045424961410177,2.80454249614102
wgsr_rice_0064.jpg,growing,-0.39341548727830566,0.9234985039605802,0.9067771887469258,-0.09164666794308464,-0.5572500718195809,-0.25729117245021993,1.8462213800264404,-1.4597657573055105,-0.3309585401253345,1.7075327702364258,-0.16496593297162626,0.6236361775072131,-0.5346508451910169,-0.21392660920473325,1.928450789291282,-1.6458067861971177,-0.4740089347376863,1.38459299408904,0.5003339872087506,-0.587499118232725,-0.3794958829352979,0.34812154546242724,1.9987697363022292,-1.7369370681493699,-0.4581005746828161,-0.458100574682821,-0.39716003028823044,0.7053541561099742,-0.3024618389170793,-0.21636820420386765,0.9682885765863357,1.2003071387667836,0.09329438536931768,1.548703822691056,-0.2734151505498243,1.0335312626166735,0.9580180405394305,1.6607602015507,-0.9831287659583419,0.7915690311420831,0.5052849192934399,0.5052849192934413
wgsr_rice_0065.jpg,growing,-0.3806110245202764,0.6119249982438748,1.944278890185759,0.610935415283042,-0.4095782924585421,0.10165744798143812,2.226896707134245,-1.9837214047886804,-0.326999728261084,1.4328842442315346,0.5498547117743009,1.8072548893155438,-0.3806156742900757,0.13355086755285786,2.1507137490376524,-2.0585729984015484,-0.4593898969943893,1.7359318843729958,1.0817877478918905,-0.3239826628663354,-0.1266580783655743,1.1652145903537727,1.7964831992108186,-1.8786848868553476,0.15176547766907852,0.15176547766908077,-0.5172903792225977,1.274585251323384,-0.42289708020609634,-0.21636820420386765,2.0854658758593883,1.728460155772441,1.3292308463615534,1.6906326904971434,0.15361366206027985,0.9634405878789507,1.5183309301590306,1.7020282521314598,-1.254594011815555,1.4571448110843177,1.699724537854939,1.699724537854941
wgsr_rice_0066.jpg,growing,-0.3865207754601594,1.0923305710596862,0.9564002687953556,1.9825811318985118,0.4128165162553634,0.9499119901642549,3.1757569922520688,-2.986250712474128,-0.3254444769718594,2.0332835699972125,-0.43273333402592595,2.927500714092077,0.6278667786612638,0.9753310666779468,2.9565147036101767,-2.99004507109551,-0.44477086489051615,1.7039832934301187,1.3277612008273882,1.1135190165265703,0.7724935353120658,1.6078300920308048,2.2476719150902307,-2.4869965217833303,1.905721333657861,1.9057213336578585,-0.4989907116035949,3.485225984111828,-0.03791059157793048,-0.6474716450327058,3.9673029183614674,2.870245724228375,3.5755679178001074,1.790962661453011,0.9882306472049375,0.7784590133134124,2.332162438688461,1.705291540802687,-1.6815356698097659,2.32717160093893,1.8270337221060065,1.8270337221060087
wgsr_rice_0067.jpg,growing,-0.38947565331840006,1.0851935299352888,1.8198000192313966,2.276914003154624,0.04907536720318811,0.6555946861298486,2.78880428755686,-2.783376488232274,-0.32304091639681703,1.8607368162305749,0.27369160453006514,3.6246047448575838,0.3541106487218783,0.717846692751631,2.557369099113716,-2.7588315171400564,-0.42317456259391917,2.3477120272842127,1.8093321327563086,0.48441584541506205,0.35835491144530496,2.182683107891471,2.017319531845793,-2.481068074024229,1.0798668481124847,1.0798668481124811,-0.49762688619662243,2.434391792824867,-0.3053189871672593,-0.21636820420386765,3.061426943482745,2.6776730087970657,2.82318032037855,1.749144823040416,0.8968177515391663,0.8957183838225125,2.323478006420158,1.7318998945834658,-1.658598729744616,2.265857440779059,3.360387958448503,3.3603879584485017
wgsr_rice_0068.jpg,growing,-0.3830030675909287,1.164079285942412,1.5863816498932726,2.3087032417685593,0.2953934070407311,1.1105249113485394,2.904714359486145,-2.9376529969860057,-0.32459615808684433,1.9618636724792338,-0.20009659478163935,3.7099527534394814,0.7497323673760264,1.1506250715733,2.6216752814843693,-2.878303163674773,-0.4130409144429229,2.4611899285787553,1.7305961036385713,0.6977943288181161,0.6232644007170154,2.6621048286761457,1.783986169790685,-2.4116476767235198,1.318288414710611,1.318288414710609,-0.5274216461791387,3.0160858594707616,-0.3973313228380255,-0.21636820420386765,3.7235741629957353,2.6243701812346645,3.864855235433853,1.9209592141099547,0.812993850985269,0.9091664800637131,2.5607968189833246,1.6680398455095944,-1.6884910479136015,2.3246344632771354,3.6264764429432264,3.626476442943228
wgsr_rice_0069.jpg,growing,-0.43070321254503646,-0.5925389007338104,1.5928083963531097,-0.7177678770916247,0.25897595832355486,0.14858609883373614,-0.4998244001414109,0.2849671058356634,-0.3798781593038837,-0.26944425432715474,1.695770807719313,-0.7890152540883689,0.17131206008761274,0.21405430759638325,-0.4216793905526223,0.21007219048716327,-0.514543530161393,-0.45891499945083397,1.1471318907498735,1.055487844931881,-0.03689847513458825,-0.4392248577544038,-0.21911781865608512,0.058309758298138364,0.3145447432003032,0.31454474320030207,-0.5220771426312182,0.7464940618094384,-0.07191629641550754,-0.21636820420386765,0.724559821220542,0.5283339925149858,1.0381392419235127,0.35744278183810324,0.0443124207736596,-0.19016520819089255,0.6138139077507548,0.2694445254624223,-0.15207173629251056,0.5265438595545329,-0.2890206131932884,-0.2890206131932912
wgsr_rice_0070.jpg,growing,-0.43126604613847447,-0.6615464032155209,1.6736171165314302,-0.49059169987219264,-0.45871202830974095,-0.4670857169244131,-0.5971234095050063,0.49769840150395234,-0.3795953863422065,-0.3868868524556177,1.8334950587143668,-0.5115208395828982,-0.4636886746323984,-0.48622538778683694,-0.5303203573289766,0.43026551627541126,-0.516370907764543,-0.620387703481119,1.100852332459899,-0.25913492048448294,-0.4407427963410629,-0.5711978746016722,-0.500007881121082,0.43429683396238694,0.006320906132352153,0.0063209061323544246,-0.5822024915019853,0.15226442389747186,-0.18498139965332655,-0.0008164837894485803,0.635645897589261,-0.08724866238269244,0.5515832336788229,-0.18651752986915485,-0.3758912241546603,-0.5668122618716965,-0.0844478482848631,-0.25097471093678086,0.41398538761717196,-0.16556615176723558,-0.7353992939048433,-0.7353992939048413
wgsr_rice_0071.jpg,growing,-0.42845187757421105,-0.44417286538479306,2.3699205434230697,2.193832822206115,-0.30638662547436,-0.3358917151512566,-0.4467933875945221,-0.12097706209347132,-0.37634350448233733,0.024649866193693522,1.6885065167271782,2.0797135456781612,0.6675424619334858,-0.36043549836004796,-0.32414108878393566,-0.1993523539687942,-0.5075662627884102,0.1394612563073874,2.7079916321361943,0.057120759051812915,-0.2676666701740064,-0.4807495453133443,0.09001846391025319,-0.4100372160661601,0.552224718611499,0.5522247186115011,-0.38624624355273596,1.7580275431811465,-0.4659605516468232,-0.21636820420386765,1.2857635862580439,1.2682357421847525,1.4723709328414913,0.6050109534875159,0.4409852529362619,0.0818275562337605,1.154586824766634,0.618214777755039,-0.6024166608383776,1.1895825018349857,2.575640855955598,2.575640855955599
wgsr_rice_0072.jpg,growing,-0.43084392064485927,-0.4738555300455657,1.5413944246744504,0.2031038314712361,-0.2982157448480214,-0.32861749105671295,-0.5394896930414081,0.3189456806561481,-0.3811506352316194,-0.17042094708828248,1.6280100850338222,0.1592270552475098,-0.1367581446728478,-0.42043086206792885,-0.45367565008415695,0.24617926173575652,-0.5188627883649468,-0.31930183017677477,1.2964894412628447,0.12815731478704023,-0.29847524234685086,-0.5361661250659624,-0.20056802311252148,0.09807137470813448,0.17160304191946693,0.17160304191947137,-0.5596420238869887,0.9065524949248832,0.04525892418001908,0.2147352366249705,0.5660838279248099,0.5689611476692585,0.6081175535490522,0.2134887045800951,-0.03847661681043573,-0.19401899099434017,0.5368230755258314,0.20548406750635453,-0.08801902702718555,0.5879637337836325,-0.17104227726952473,-0.17104227726952337
wgsr_rice_0073.jpg,growing,-0.4183208740864769,-0.5314720265440399,2.673875413654053,3.061861870164676,-0.165695340106443,-0.2625698327465071,-0.39179278856327715,-0.3286065342553736,-0.3749296420737465,-0.31449215041797507,2.1326419614494068,3.008139341790628,1.0382488173605875,-0.2844132784213848,-0.26116560048497145,-0.4086406036541417,-0.5098920176394908,0.2191166715668288,3.3085460148250285,0.36377943727365025,-0.21464029955486838,-0.46840535210709366,0.23025649362934197,-0.6477511102271528,0.512178794517257,0.5121787945172556,-0.4388526360202097,2.2205852829102986,-0.3382767437795022,-0.21636820420386765,1.0613866848590798,1.4140059748783138,1.4988338059721713,0.6851435653147859,0.7182053308703858,0.28385007663329576,1.1438982927440868,0.747892849105525,-0.8108487926295787,1.2487823806100264,3.4971190236934824,3.4971190236934833
wgsr_rice_0074.jpg,growing,-0.42704479418768937,-0.5179068528648197,2.273677056690881,2.094707878292524,-0.3499468054622127,-0.43155129690535093,-0.46837442447725797,-0.050190113607501134,-0.37634350448233733,-0.2569765658290958,1.8754138236199809,2.3541995206035287,0.2522404992743281,-0.46613910096750116,-0.34600425566521703,-0.13409550351369925,-0.5223514234613086,-0.20313379919851485,2.751614092423139,0.11443424303869675,-0.37994020833322045,-0.551568071509892,0.04712950369495005,-0.32716012326868665,0.1073627053516203,0.10736270535161767,-0.36510927615345984,1.63257503074231,-0.47134147261676673,0.4302869570393896,0.7800002677200544,0.915754544066202,0.8739491427259891,0.45580227873264256,0.281271401263614,0.04708329564641758,0.8108837169165145,0.48206033350318916,-0.4140997986770197,0.7682062218397894,2.1850196835413467,2.185019683541348
wgsr_rice_0075.jpg,growing,-0.42957754476108706,-0.49209995211239965,2.352694656341793,2.5185236194371483,-0.01915986828610102,-0.15751172381543946,-0.3973117862259132,-0.24831696068448503,-0.37238469021827514,-0.1635457048739966,1.753349311079535,2.5490278467592207,0.9177077339540908,-0.21150147697693572,-0.273161838312794,-0.32044766969781424,-0.502748627336887,-0.014708861952441744,2.9775894195476704,0.4732042905641853,-0.08799927479604636,-0.3939251165845158,0.10898998251179198,-0.5029990078688957,0.8338439718483217,0.8338439718483218,-0.44065545489978647,2.1934813450377106,-0.44022753712980844,0.2147352366249705,1.5504132648311546,1.4281442248719929,1.7538396743229212,0.6184211241826573,0.6021774802800574,0.06500740003954159,1.1363829186657277,0.6007938366947928,-0.6655762363244601,1.2466680992252073,3.019698203668653,3.0196982036686535
wgss_soybean_0001.jpg,growing,-0.3620375147426794,1.1413447159632104,0.13266771504163605,-0.04965877607195156,-0.762821719756399,-0.18236001402875496,2.419198533962011,-1.7813380533114285,-0.31681992083914895,2.233793001062433,-0.857517258117143,0.034704397684683724,-0.6797920965623722,0.12284869592065992,2.3157807787732017,-1.8951925401045733,-0.4278260722961192,2.1540986771130495,-0.36059111678434086,-0.9097642866529245,-0.539241362214588,2.1738497990185137,2.045799381025638,-1.973022861397833,-1.0757533344974801,-1.0757533344974761,-0.5055797871982349,0.23645603091419887,-0.613166991751716,2.5858041611835803,0.7350202828242616,0.7602337941356145,0.3717559821768064,1.7375409202348264,-0.6774552214736295,1.0881867343551654,0.9276225276003093,1.657948752849334,-0.8658120873273909,0.6130179681937932,-0.07468419966512363,-0.07468419966512625
wgss_soybean_0002.jpg,growing,-0.3872243189446449,1.4256932984117836,-0.42751467191604847,0.6068201646853183,-0.5764057093318217,-0.08090674491265926,2.6197685371658714,-2.0098281749971307,-0.32827220658861483,2.1702743149753196,-1.0100083790903336,0.6676506446045071,-0.4296899321149188,0.2424703789856958,2.5584621707191775,-2.16628056955628,-0.4374613431991655,1.9561611624077992,-0.15676812741152915,-0.3067616678477939,-0.35720407048102576,1.7195317869754378,2.2676895633375995,-2.134241124766283,-0.6483187141304659,-0.6483187141304644,-0.46159092913954886,0.8331540631681332,-0.28092006908875117,0.6458386774538086,1.5143246722984105,1.1382288456910579,0.6838975993325032,1.6955588756504552,-0.4493418554160252,1.062795925780362,1.2790080178416205,1.70413683865748,-1.0125626614795749,1.0339713919120253,0.21407141881495223,0.21407141881495417
wgss_soybean_0003.jpg,growing,-0.3814552719250771,1.0803723149948503,-0.06545585177578153,0.3616917428600498,-0.5957237016848527,-0.0766581387477927,2.539900801816846,-1.916421200846569,-0.3279894336269377,1.978487405769887,-0.7253900583395638,0.11769771582490424,-0.29577648414818924,0.22333298972179833,2.5440040848373826,-2.114851500104214,-0.4459337451357587,1.7563022606999492,-0.1666416053068866,-0.3237135543715213,-0.38556873229028926,1.7501468820746735,2.269767429350831,-2.111473820598968,-0.7540881571664154,-0.7540881571664103,-0.3797739013265645,0.41004223302140863,-0.3276642223966973,1.0769421182826469,1.3459112404792026,1.1037770181202229,0.7614819319203889,1.69079689666892,-0.4609963836235468,1.0103884940105454,1.180473113258751,1.650167064479482,-0.9629502656184632,0.9244516161781946,0.0471175082561694,0.047117508256168276
wgss_soybean_0004.jpg,growing,-0.37484197750070863,1.2020334918907707,0.07998931527436594,0.42425614687473195,-0.39220832306856596,0.02286383131863417,2.5367199172419217,-2.002733476279672,-0.3187993315708728,2.2154249863396833,-1.067229709187223,0.7923041656658159,-0.22676975758786352,0.33241067938193514,2.4198687537062353,-2.110239898260938,-0.43530171973679305,1.9376167717513888,0.052548075109104274,-0.31752474101814643,-0.3395780367299794,2.1724529250238236,1.9107935697115286,-1.9631898812629989,-0.6996739038253967,-0.6996739038253965,-0.4935810662930759,0.6753946247829526,-0.4225080376565158,1.939148999940323,1.335450778875483,1.058274604347428,0.9479249017050754,1.7194782413393346,-0.4238645146832991,1.0353577950912234,1.3902355542012805,1.6722570185616403,-1.0053069375030728,0.9644115343513502,0.5355077646072435,0.5355077646072459
wgss_soybean_0005.jpg,growing,-0.37188709964248434,1.2022698803208627,0.050331335003898206,0.23912753194742278,-0.5299775739918977,-0.14135392968062233,2.521616573493673,-1.9259610808393302,-0.3142749737832515,2.260626710931032,-1.0394228456859425,0.4685060964148584,-0.3940511464234527,0.22807787838513036,2.4152869729077673,-2.047567070163897,-0.43181307900102667,2.019097650792257,-0.09580432730419566,-0.573596868163626,-0.4706626372680518,1.968151409744436,1.9826364413589401,-1.9465114632480514,-0.8766361008066654,-0.8766361008066648,-0.4445837873673003,0.4382835682868644,-0.44509184518642236,2.3702524407691614,1.0331434385291407,0.9437060268123462,0.5696261017225385,1.6980767036177065,-0.5372312890655672,1.0233749391867515,1.2242292912260504,1.659254068317822,-0.9230516875864593,0.7896661778957335,0.29194986509796134,0.29194986509796056
wgss_soybean_0006.jpg,growing,-0.3465595915202037,2.000204057827306,-0.8522082329840842,0.3119503244290183,-0.52223956123218,0.2620772252749561,2.9027867170728188,-2.2561602492373596,-0.3005605139395817,2.5619038421371525,-1.3234457051795128,0.5545732148401806,-0.45403787534932616,0.6419298486052372,2.7500880648321737,-2.369701332357146,-0.41137965694971096,2.339304602236129,-0.48783236698328225,-0.2176073485979307,-0.26211224067493577,2.9956237496386633,2.2911330735470865,-2.352725132203526,-0.5681341670436155,-0.5681341670436186,-0.4307750709104177,0.6370377127043346,-0.25874264046338735,3.2324593224268376,1.4949728183316422,1.2399592421973749,0.6051104088751115,1.7006492669755506,-0.4149942606564329,1.0525994587795704,1.264311286310606,1.7242688195369003,-1.0237861125107641,0.9990857490624471,-0.029759578694153445,-0.029759578694153882
wgss_soybean_0007.jpg,growing,-0.3434640097416643,1.733249227699742,-0.7115567453774362,0.7688674055620773,-0.5568712830454738,0.2565410864103078,2.7917955199437308,-2.2066568721867545,-0.2940567454202365,2.4548253834969618,-1.183101515207399,0.767517255004542,-0.4255268193878674,0.6317022116549296,2.7075025502104393,-2.3650099519595145,-0.42251005959664606,2.2406241364361543,-0.16922662843454436,-0.42407942847226116,-0.2944019779575268,2.910120823415499,2.3632996631111687,-2.4177194228736254,-0.6017838671505827,-0.6017838671505809,-0.39091246474990876,0.64090970382899,-0.23805043451163752,2.154700720354742,1.4646374796809714,1.163742699127931,0.9220634575091136,1.7024007994745096,-0.41341732660721253,1.0563528826558455,1.3404670769712896,1.6827999511917628,-1.0215098069495092,0.9778372211449724,0.17966107083718783,0.17966107083718705
wgss_soybean_0008.jpg,growing,-0.3360064583593478,1.8193667034292305,-0.261314251981149,1.316917351942315,-0.1655871231397846,0.66621634140001,3.000517638242581,-2.6068427956276565,-0.2943395183819137,2.56641882009765,-1.2163863506110777,1.5134102102787026,0.44569912871703293,1.1442459418186715,2.7584817180733894,-2.6675211985408964,-0.4009137573000491,2.426983227769831,0.4224238550395849,-0.006381538288435404,-0.06430031124000639,4.0734166872716475,2.2222936865638894,-2.648994655254697,-0.3468618966432549,-0.34686189664325334,-0.41204207551089034,1.7422491793481756,-0.4363215291365007,1.508045559111485,1.8856710592290826,1.680520112690394,1.8753283191504138,1.862392346176089,-0.10209604985868954,0.9880887403926728,1.8854152018084682,1.713876500230071,-1.222464907279086,1.3812421093691742,1.1300876265563657,1.1300876265563629
wgss_soybean_0009.jpg,growing,-0.34205692277270977,1.8432830101823279,-0.35060418536610927,1.1750289950509034,-0.06466813001863873,0.7048407839553428,3.0416783871568014,-2.627688753075124,-0.296177542632799,2.5708312457244538,-1.1569023194823214,1.2221164458870044,0.5497768783726381,1.1001720585493036,2.8117041940165923,-2.6893960767436274,-0.3970928763444647,2.411033043575972,0.4039695668189145,-0.029253129670723778,-0.09784909115839698,3.970473175754978,2.191615852919922,-2.601217895461388,-0.42593405694970965,-0.42593405694970576,-0.4226349188862015,1.4078059459560608,-0.5035735319634302,3.2324593224268376,1.628343703778533,1.4260316128039747,1.4856023694068312,1.832944706037376,-0.20003843807201652,1.0594238658273445,1.732936612174288,1.6904310262383218,-1.1646641344684594,1.1414826003302665,0.9694604863268279,0.9694604863268301
wgss_soybean_0010.jpg,growing,-0.3701986000563176,1.7574491594936341,-0.7880985929996552,0.288272505323468,-0.45211038187234387,0.17150322985538122,2.839160238600364,-2.1758858924598155,-0.30621595397469814,2.3995670649484726,-1.2954601903647052,0.44470030677095307,-0.3436523147696404,0.6437750703588746,2.7218658018870454,-2.329299766475042,-0.4228423110952923,2.1117726340530485,-0.44675904839252484,-0.14836471958483177,-0.3138794882082721,2.429528917205964,2.1643931911868735,-2.1496525777303126,-0.5714713273848023,-0.5714713273847986,-0.48059414776015735,0.41442242298117515,-0.17892997499750127,0.6458386774538086,1.4332560948699349,1.1247406301798266,0.5852632540270312,1.6355141521705983,-0.4322173372252685,1.024117595247831,1.131205660967296,1.693041657175305,-0.9740472552295832,0.9244516161781946,-0.11469305663927035,-0.11469305663926946
cosegppb_buckwheat_0001.jpg,young,2.601421992950694,-1.1020598367846568,-1.8659519509491946,-0.8683638069971317,-0.8490222061247054,-1.3191383127419753,-0.7917740985898056,1.2541215256227805,2.7440493889734006,-1.2878962733787338,-1.781514399992548,-0.7748233492288396,-1.0458936547711095,-1.30697034526771,-0.7738666880303211,1.2286546673825975,3.3410608622836078,-1.2861683404229114,-1.3731717234655643,-1.108343459193333,-0.9924090407033077,-1.1947858369214523,-1.0900869497126626,1.416795645014765,-1.1614998154863085,-1.16149981548631,3.5034887342583443,-1.0482222243574222,-0.7813808191222448,-1.509678526690382,-1.4538313077458678,-1.5937035755034357,-1.2575150021677415,-1.579587955836275,-1.0728714343157588,-1.7695136451146423,-1.404815569695455,-1.5286275323841385,1.8211058010557044,-1.7242143886586416,-0.6975297045959808,-0.6975297045959834
cosegppb_buckwheat_0002.jpg,young,2.598045213501358,-1.1186027139832657,-1.8620010709666495,-0.8769522335354317,-0.8369552207906269,-1.3083235135810398,-0.788403704843982,1.2520992662590424,2.7427770738321064,-1.3106254654289295,-1.7659735468074063,-0.7910426792174808,-1.02785352246079,-1.303754422124965,-0.7717754203286838,1.2277309421085836,3.292718212836785,-1.2806433872955665,-1.3777314343719804,-1.116415788429214,-0.9695247742726378,-1.1936155951115022,-1.087813388269788,1.4153678429658791,-1.1381396930980008,-1.1381396930979968,3.5034887342583443,-1.0481496245238349,-0.7813632031937084,-1.509678526690382,-1.4240189921753799,-1.5339004031163443,-1.272550725537516,-1.567108286781209,-1.0651099620422488,-1.7618662948640484,-1.3864446552816967,-1.5188878708115474,1.8042469129926566,-1.6708287836918643,-0.7183306689158728,-0.7183306689158745
cosegppb_buckwheat_0003.jpg,young,2.608457408689156,-1.0792779146704328,-1.8802278110199524,-0.8610278438066951,-0.8568143273677554,-1.313473417110908,-0.7866553144112449,1.247978138847836,2.7467359336923267,-1.2772756415863211,-1.7786563023853426,-0.7697875200417401,-1.0539675869740504,-1.3015929155035437,-0.7699598264920238,1.2233431216190342,3.345047970497911,-1.2738693186419952,-1.3727049723448614,-1.0936338836397912,-1.0092945120119794,-1.1915393576580018,-1.0862399657755037,1.4120598225293295,-1.1340609415698835,-1.134060941569888,3.5034887342583443,-1.0472784265207875,-0.7821300315776946,-1.509678526690382,-1.3685785456758675,-1.5247999203617855,-1.2539064285590122,-1.5656851666258094,-1.0549091699113524,-1.7522318378554256,-1.3144640724423522,-1.501165703104727,1.7887949082278847,-1.6646973676758783,-0.6989862272617063,-0.6989862272617058
cosegppb_buckwheat_0004.jpg,young,2.606909641682828,-1.108251593745421,-1.8722206725100974,-0.8585825227432184,-0.825970463904731,-1.3242238466297493,-0.7834639724219935,1.2459028830659005,2.7450391039384674,-1.2907694943733325,-1.7962812052888175,-0.7574268161078413,-1.0313858335392219,-1.3018037959443376,-0.7662240774988258,1.220708924069562,3.3410608622836078,-1.2959210651629578,-1.3680734595739639,-1.085740976305859,-0.9857437172594201,-1.191992355479777,-1.0869401006350945,1.4123635593135986,-1.1257180407169163,-1.1257180407169167,3.5034887342583443,-1.0470606270200256,-0.7825249520099135,-1.509678526690382,-1.4093743459301966,-1.5495012306955747,-1.2454864234719778,-1.5622915724090813,-1.0552048450455809,-1.750887028231306,-1.4430604733386387,-1.5206952306909989,1.7986193797995533,-1.6631116566372643,-0.7008068805938632,-0.7008068805938642
cosegppb_buckwheat_0005.jpg,young,2.6047990781016,-1.0881638142899674,-1.8931340075180774,-0.8694373562651183,-0.875969994270802,-1.2631330528521438,-0.7732685311978589,1.2396834123242373,2.75196710869384,-1.3039554950869088,-1.757994682902069,-0.8032071944700214,-1.0722600467958947,-1.256780914897996,-0.7554635962772618,1.212964885026027,3.3133178508680112,-1.2769440545163844,-1.3791675691655547,-1.1137250201366284,-1.0168485465892243,-1.170022007257078,-1.080254933929682,1.4085967448630181,-1.1190437200345427,-1.119043720034546,3.5034887342583443,-1.0475446259106076,-0.7818552391337223,-1.509678526690382,-1.417219692133002,-1.5075740065763679,-1.223834981819533,-1.5234294450884764,-1.054391738426453,-1.73719807056489,-1.35220795114698,-1.4929823792061088,1.7761408623821555,-1.6584602375906516,-0.7100011799212552,-0.7100011799212531
cosegppb_buckwheat_0006.jpg,young,2.6216841981545294,-1.095348143369211,-1.9186830542949223,-0.8709284041138549,-0.877214577559781,-1.263004296085717,-0.7773130105576712,1.246831107459894,2.7415044515167164,-1.281072390933743,-1.814918347052223,-0.7971903153098077,-1.0859478464407966,-1.2473440259105553,-0.7578115069814888,1.2185724644189615,3.3535202596463,-1.3036079700850647,-1.3850916130010555,-1.116415788429214,-1.0400290500643468,-1.1576023400434468,-1.0814218280883323,1.4123061602362565,-1.0945712108658392,-1.0945712108658394,3.5034887342583443,-1.0489966225823533,-0.7808195424520754,-1.509678526690382,-1.4339564306988555,-1.5221997824318978,-1.2701450097983633,-1.5391385021884942,-1.047911525067935,-1.7522719814262948,-1.3744200567563338,-1.492078699266386,1.7837443552638488,-1.6450345507970296,-0.736082038904402,-0.736082038904404
cosegppb_buckwheat_0007.jpg,young,2.609301756402275,-1.0771982330318923,-1.8968215126690737,-0.8691391337376285,-0.8721821653113382,-1.2597212345521784,-0.7745956274179684,1.2382042350677822,2.7471601411307955,-1.2701952250359567,-1.7895528035554167,-0.7958169234961079,-1.0742154394036654,-1.2539340361059774,-0.7554540860090794,1.2112975634151908,3.3761132713235416,-1.2786736211710843,-1.3834759735462738,-1.1141734774590386,-1.0209958450990255,-1.1631893029268061,-1.0839362929399157,1.4094393952067779,-1.0919756417115827,-1.0919756417115776,3.5034887342583443,-1.0480770246902478,-0.7815904351624,-1.509678526690382,-1.3795620303597087,-1.4986360324424257,-1.1612863726014222,-1.5503045218693456,-1.0447083777804562,-1.746390948293949,-1.3473647100742527,-1.5021195874855455,1.7806776658271584,-1.6686087882378047,-0.7016261745933338,-0.701626174593333
cosegppb_buckwheat_0008.jpg,young,2.621824820872854,-1.1061719249429192,-1.8841786910024976,-0.8710476801671084,-0.8685566324110531,-1.2561162898437002,-0.7733422594012742,1.2387630586854208,2.748291156183976,-1.2957463201126835,-1.7731187584844794,-0.8014413542493819,-1.073836982396737,-1.2437063562035893,-0.7564711993813782,1.2127917806156332,3.3136502602701357,-1.2806433872955665,-1.3815012857675113,-1.1122899372184183,-1.0161820182673351,-1.1599050764078305,-1.0787191506762894,1.4065499097091834,-1.1008747359547477,-1.1008747359547455,3.5034887342583443,-1.0478108253004277,-0.7817025140796962,-1.509678526690382,-1.3680555225956843,-1.4950608427888374,-1.2124078320585576,-1.5311471351620014,-1.0415298700874935,-1.7351507484505573,-1.333837036733222,-1.4844978286609165,1.766245256261698,-1.6267460168183128,-0.7198782242482061,-0.7198782242482046
cosegppb_buckwheat_0009.jpg,young,2.634629130780114,-0.9171576180029822,-1.7986289091226972,-0.8406899485583788,-0.8065442545850416,-1.3126365593169997,-0.7237448370203787,1.1542316727905964,2.758046698572292,-1.195132476339794,-1.5634658147310037,-0.7580808139011379,-1.0134087745416838,-1.2857769110788348,-0.7036478552471032,1.1266846293665744,3.4580130288840834,-1.0926509134729265,-1.3478239882357426,-1.035423485008087,-0.9814482901711437,-1.1741367246567163,-1.0629246865920228,1.356284660750267,-1.0136450725920583,-1.0136450725920538,3.5034887342583443,-1.0461168291833909,-0.7831890192750195,-1.509678526690382,-1.1285109518714154,-1.2197712394634317,-0.9652205398601246,-1.3546802358921128,-0.9465442332164579,-1.6163057068921225,-1.0090058682354166,-1.346184593441951,1.5837851386173205,-1.3284209134198104,-0.49452685806049246,-0.4945268580604925
cosegppb_buckwheat_0010.jpg,young,2.6461672248192496,-0.9868740803984054,-1.7554852791125495,-0.8346660867424426,-0.7870639073912143,-1.3115422054724843,-0.7254616263826885,1.1561867683768152,2.7543707460624276,-1.2222741079505375,-1.5682888827414663,-0.7493171511135246,-0.9948639872083217,-1.279661392613216,-0.7072885428625816,1.1301125984442866,3.473961100819007,-1.114366354641741,-1.3462442497132014,-1.0526444313103795,-0.9508619008097585,-1.1728909832097991,-1.0639635991536407,1.357408726014885,-0.9936221105449373,-0.993622110544942,3.5034887342583443,-1.046165229072449,-0.7831060323212976,-1.509678526690382,-1.095037474739647,-1.2662487049599274,-0.9393590956641626,-1.3611390119820153,-0.9439817153864737,-1.6299745927731044,-1.0193603836322598,-1.3442266202392126,1.59274018792601,-1.3533694337607176,-0.4982136810581101,-0.49821368105810776
cosegppb_buckwheat_0011.jpg,young,2.6508108315398182,-0.9924986514577575,-1.7920441091517825,-0.8374692683600391,-0.8173125481468151,-1.2989892861171541,-0.7240292123301074,1.164149349031902,2.7612987508178004,-1.1941576439526476,-1.6495658515284959,-0.751213748266277,-1.019401116120747,-1.2815065857321268,-0.7063759908101602,1.138231947919631,3.5252939911959706,-1.1650517828558662,-1.3507680596873726,-1.0526444313103795,-0.9762641519495096,-1.1725889846619535,-1.0634366129801536,1.3639275073402621,-0.9971446686828568,-0.9971446686828542,3.5034887342583443,-1.0470122271309674,-0.7824045349462704,-1.509678526690382,-1.1781981444888545,-1.2495103170363606,-0.960409108381749,-1.3348660244976676,-0.9571885380486967,-1.6245552107057544,-1.0034945939113011,-1.3241950482419838,1.5882666151910427,-1.358760851292017,-0.5498747193580606,-0.5498747193580623
cosegppb_buckwheat_0012.jpg,young,2.6502480349649344,-0.927697800207968,-1.8037387242004963,-0.8320418515990893,-0.8012412705291504,-1.3117353143987516,-0.7209642631811936,1.1518772675583473,2.7590364135373426,-1.1699405513045704,-1.6013355595150138,-0.746374107760528,-1.016373425804995,-1.279081467821696,-0.7001877697928578,1.1231844080132178,3.4364168844909844,-1.0978395351536665,-1.3412177876860825,-1.0314769826248873,-0.9774491001273106,-1.1734572330499742,-1.0611103566000302,1.3545475414512578,-1.0104933100476041,-1.0104933100476063,3.5034887342583443,-1.046649227963031,-0.7826822113628399,-1.509678526690382,-1.123803744149769,-1.2665737222011613,-0.8966576412941317,-1.32747674676769,-0.9396697863456357,-1.5949091836188087,-0.9856247044360988,-1.3144051822283027,1.5639227918276168,-1.3217609270576198,-0.5041763207209238,-0.504176320720925
cosegppb_buckwheat_0013.jpg,young,2.6523585985461624,-0.9679679093564951,-1.816328870900759,-0.8476084131680652,-0.8446932335503446,-1.2397009472115377,-0.7155505719096563,1.1557035040088834,2.762005558432512,-1.2119100102634923,-1.6096716290246176,-0.7831946346537444,-1.03958591236774,-1.236220107714136,-0.6977447977109114,1.128943516484236,3.4423973663513046,-1.1287312484295051,-1.3588463154636263,-1.0756057092855231,-0.9724130904841521,-1.158281841902026,-1.0575946225167203,1.3582916354337244,-0.9997402378371132,-0.999740237837116,3.5034887342583443,-1.0471332268536129,-0.782298310594753,-1.509678526690382,-1.1483858289183666,-1.29176255839682,-0.9074833621203189,-1.3403942989474948,-0.9626092488428937,-1.6147200358427858,-0.9911359787602145,-1.3494980865542738,1.5908274589474545,-1.3532637196914765,-0.530029598037551,-0.5300295980375515
cosegppb_buckwheat_0014.jpg,young,2.6384283897875638,-1.0453886372858439,-1.849463599232688,-0.8272108474987594,-0.8465330395467473,-1.2313323517902326,-0.716435298909271,1.1708888143323266,2.7615813509940432,-1.2264813174400417,-1.7433469892618025,-0.7570344032230248,-1.0436859517820027,-1.218400746260578,-0.6948265393924153,1.140144626216505,3.475954474465023,-1.2529705817648937,-1.3495473499880335,-1.062959071516436,-0.9987781271027429,-1.1386897245547565,-1.0567062791856696,1.3680554576524555,-0.9477361558536184,-0.9477361558536214,3.5034887342583443,-1.0477866253558985,-0.7818461711030671,-1.509678526690382,-1.167214659805013,-1.2857497394339799,-0.9670248266644891,-1.3403395635569024,-0.9515460709038286,-1.6269838967433439,-1.0465827386271929,-1.3536148507241277,1.598241259699044,-1.3812779480403832,-0.6250221856428344,-0.6250221856428337
cosegppf_sunflower_0001.jpg,young,2.6100051756954996,-1.171067300758257,-1.9547677810252209,-0.9089203214405108,-0.9136860906740686,-1.3217132732480326,-0.7498021849794878,1.2617823939960433,2.7461704261657447,-1.3260689899571092,-1.8983984448726547,-0.8415319056311735,-1.138869850428733,-1.2963209044837338,-0.7358437581282823,1.2357564639759753,3.2543435143868362,-1.4066122611912037,-1.391949139577192,-1.1557010980618294,-1.0891302245351324,-1.1753447188481079,-1.0850956592503878,1.4409215933148642,-1.2977671960847712,-1.2977671960847703,3.3530788601710606,-1.0391956450480693,-0.7739726724869448,-1.509678526690382,-1.6112612548812342,-1.6380684289319134,-1.4451608298220746,-1.5486077247609784,-1.0909815362872792,-1.707090392412946,-1.364399557985195,-1.5075416671238937,1.8079854287234687,-1.8359541598465319,-0.8699455751512343,-0.8699455751512338
cosegppf_sunflower_0002.jpg,young,2.6263274991735446,-1.0928430755136143,-1.7161344755738752,-0.7651832181180739,-0.8868465194946367,-1.369671812150383,-0.7504341262984286,1.1983692936778465,2.7419286589551852,-1.2640383368384154,-1.736975825473595,-0.5343455792536891,-1.1099172812777387,-1.3346483494316166,-0.7402068956927909,1.1790298978139415,3.388074235044162,-1.3119194197230617,-1.2334361103129239,-0.9930885876370923,-1.0891302245351324,-1.1936910947484602,-1.082731759540373,1.3902840475626312,-1.21183531729921,-1.2118353172992151,3.3530788601710606,-1.0378404481544399,-0.7749930966007742,-1.294126806275963,-1.4057131843689163,-1.511474213471171,-1.2094006873846168,-1.4788748371462612,-1.0051371889828191,-1.665080145498269,-1.2331310240832567,-1.460098470288349,1.7165301104967803,-1.6853116111779078,-0.5404983546974529,-0.5404983546974529
cosegppf_sunflower_0003.jpg,young,2.6281568173181067,-1.0643893072212307,-1.9090955809593364,-0.8972305069543044,-0.8966408015748796,-1.378555408414026,-0.6902094309768366,1.1973350764474548,2.750694793552547,-1.2795844764021171,-1.756327475468335,-0.843755519441636,-1.1188112179374987,-1.336440826019672,-0.6726971882622907,1.1672663241858712,3.3199627906103295,-1.2965936758672594,-1.365955148565456,-1.1637734272977105,-1.0744665210035875,-1.1996933030721533,-1.063398973739261,1.407931473612433,-1.2949862291337821,-1.2949862291337872,3.3530788601710606,-1.0418818388907989,-0.7715836979733237,-1.509678526690382,-1.47370618479288,-1.4814101186570086,-1.2731521544723041,-1.3689661728367308,-1.02807665148008,-1.592962220431649,-1.071132960616494,-1.353765464047415,1.6563265707048276,-1.6948258774096032,-0.7394502475688922,-0.7394502475688924
cosegppf_sunflower_0004.jpg,young,2.629704584324434,-0.9948619196289872,-1.5543063639641477,-0.7684038983164136,-0.8842491359500139,-1.363556294060188,-0.7036278038192776,1.1251439852377276,2.75196710869384,-1.2301754447850723,-1.58180525820674,-0.4293123472123186,-1.1026633877919725,-1.3236825879864496,-0.6850356305282644,1.099136944022066,3.4492083303335503,-1.1527047211809958,-1.168451132783588,-1.040715335000403,-1.0725409902709047,-1.1879908798467058,-1.0620965701353986,1.343974950288587,-1.1765170370216493,-1.176517037021652,3.3530788601710606,-1.0407686414424604,-0.7725723331309825,-1.509678526690382,-1.1787211675690377,-1.32442679114087,-0.9393590956641626,-1.28160848945126,-0.9329678166364468,-1.5453720171661454,-0.9124750634067706,-1.3135015022885743,1.5499725164261733,-1.505386265329486,-0.30212931718481767,-0.3021293171848197
cosegppf_sunflower_0005.jpg,young,2.62562377417875,-1.0921813650466425,-1.8564698275462237,-0.882260374243128,-0.8702882214407974,-1.387374626294451,-0.6971819291412924,1.194829552715789,2.7502705861140777,-1.2803027886176346,-1.7354872370124612,-0.8221733436081854,-1.0896694288481312,-1.343136269276811,-0.6754443443617106,1.162149458165009,3.3452139947378385,-1.314561770457383,-1.3419717657655017,-1.1193756408584892,-1.0614321312727633,-1.2033172753944954,-1.0622923064550376,1.401234914589176,-1.2793201153098772,-1.2793201153098825,3.5034887342583443,-1.0440840338429467,-0.7843119729365304,-1.509678526690382,-1.502472454203002,-1.4841727652074939,-1.2196249792760159,-1.3801869279081682,-1.0314769155237113,-1.5964547110972742,-1.1399403855116508,-1.3765080758638237,1.667992636706262,-1.7065601390953702,-0.729755268575157,-0.7297552685751562
cosegppf_sunflower_0006.jpg,young,2.6631929675905193,-0.7537611498483353,-1.4114424133239067,-0.7991194904792632,-0.896478461429486,-1.355960178049574,-0.6645839147342896,1.04110373446601,2.750694793552547,-1.1191462132245527,-1.1377293208011154,-0.5675036687735057,-1.1115573073215512,-1.3149837877004613,-0.6407864695142699,1.011240043695106,3.6829470002168065,-0.8338429650512588,-1.1784681754063595,-1.0707622922575029,-1.0768364173591898,-1.1815734260826838,-1.0415517189975663,1.2850870843778206,-1.1723455865951657,-1.1723455865951664,-0.6388260761184029,-0.9237135097552204,-0.6094755863402141,2.154700720354742,-0.9972321587451953,-1.1604555929381908,-0.6795417958351075,-1.10037961119983,-0.8402243828666455,-1.4390919132897857,-0.5929881609202486,-1.2118877135106485,1.3969146789480116,-1.3711293973932297,0.030321981267022492,0.03032198126702443
cosegppf_sunflower_0007.jpg,young,1.0858519336332018,-0.824375672632717,-1.7971539242295813,-0.8452823681578422,-0.9246167243812357,-1.3848640441716114,-0.5794920487708002,1.144427860140866,1.1397404754144704,-1.0940055922236525,-1.5335153941947928,-0.7675639062312777,-1.1573515473191247,-1.3224173053416923,-0.5583527866473406,1.1036547182573893,1.614187341139919,-1.033173610586788,-1.3213632656040823,-1.0798212714472981,-1.1471925645724235,-1.1908976133067852,-1.0183794811964744,1.3928869362782195,-1.2446507273208807,-1.244650727320882,4.706767726956614,-1.1903726985213356,-0.764074546296569,-1.294126806275963,-1.2085334831395256,-1.2672237566836282,-0.9327433773814926,-1.091348271752084,-0.914709877097812,-1.4386503340102248,-0.6424226215245354,-1.1720755917216692,1.4362916036222275,-1.4938634317822008,-0.42575167843826756,-0.42575167843826733
wgsm_maize_0001.jpg,young,-0.4368943820728546,-1.1000746925477036,-1.9453383325885634,-1.0452021774206746,-1.0308927733030917,-1.2380916012658154,-0.7146131802731183,1.4111000646291225,-0.4010860858333669,-1.419038017067087,-1.9315046774742037,-0.8370846424881255,-1.2185997510659103,-1.3016456320344052,-0.8139523548294528,1.482161811513169,-0.25821204316056035,-1.2610418058386514,-1.5194776411108177,-1.3889912717016477,-1.1913317936892922,-1.1270250537107465,-1.0697001956535757,1.5689035985763085,-1.404278230307651,-1.4042782303076558,-0.5604099104230613,-1.2909476679842609,1.870225219728695,0.2147352366249705,-1.6353203165697097,-2.022238808070794,-1.3639679236254598,-1.8556185305937394,-1.0724772008034544,-2.2328306683021726,-1.844715465748516,-1.7780431957481362,2.1723998183319435,-2.313358896539541,-0.45820482408396335,-0.4582048240839647
wgsm_maize_0002.jpg,young,-0.4375979240646521,-1.1736669060154408,-1.9511329651466098,-1.0370312332659382,-1.0051895537505777,-1.1834381912710914,-0.6943171010361314,1.3981489993422116,-0.4125383667832423,-1.4294534214010326,-2.0057555138992296,-0.8693925100111795,-1.1803748139434962,-1.2618420311596517,-0.7956728346066095,1.4730755860991895,-0.3472552643360602,-1.3283501333287655,-1.5091733959053015,-1.3663887644560595,-1.1620784509154363,-1.121815594138116,-1.0565632378032803,1.5638580602360466,-1.3338270675492623,-1.3338270675492623,-0.5670147989364716,-1.35364972425915,2.6479613475831014,0.2147352366249705,-1.5950475393955634,-2.004200351182293,-1.2749564412766687,-1.8449451294282249,-1.0305406109319855,-2.2177969010116367,-1.8166580691893233,-1.7759346092221104,2.146277631248788,-2.3014132067152917,-0.47864165773742395,-0.4786416577374252
wgsm_maize_0003.jpg,young,-0.43900500804824716,-1.2528836969605408,-1.9586132967690735,-1.0340491375684648,-1.0264555837620724,-1.0815343346603825,-0.6637413263090342,1.3806764475640394,-0.40985202934684584,-1.4245792176640757,-2.093820456418125,-0.9527127915259287,-1.1424652519501346,-1.1946767467821886,-0.7718134510753861,1.4604745885263442,-0.46553653844047804,-1.3355085472284447,-1.5193340276314593,-1.3886325009720928,-1.1778530383355488,-1.0825558649325355,-1.052219379085349,1.5637891016222945,-1.368589154436625,-1.3685891544366284,-0.5916626634085523,-1.3169868082975689,1.8337061353925956,2.154700720354742,-1.6076000933199535,-1.9824241960196056,-1.308636461624877,-1.8027988786720768,-1.05547588058529,-2.1895558989051143,-1.8029633875354403,-1.724173830452329,2.1269843608493977,-2.289890373168007,-0.554289803688541,-0.5542898036885388
wgsm_maize_0004.jpg,young,-0.3884906924401204,-1.1450240757559216,-2.0266738310421255,-1.0169318982227118,-0.9473978947937551,-1.080826233632901,-0.7087887208515138,1.3894995641185897,-0.3525906236975547,-1.3922042410132163,-1.9740187904437523,-0.9393056769139168,-1.1565946161751015,-1.218980671052098,-0.80379072104863,1.4662191461918501,-0.306388397675753,-1.3804287967509912,-1.5162104417682305,-1.3109587963516818,-1.1064600614667317,-1.1428044419543906,-1.0684128477460706,1.5741496350825621,-1.3547770185800463,-1.354777018580046,-0.6259400018310589,-1.304741636365846,1.7467825031923196,3.8791144836700946,-1.6091691625605025,-2.0211012477264765,-1.371185070842988,-1.796449573363359,-1.0547120531552003,-2.1870669975112187,-1.860915272095198,-1.7150366221728925,2.1306280305151555,-2.313358896539541,-0.6577484292883538,-0.6577484292883541
wgsm_maize_0005.jpg,young,-0.44027138363348267,-1.2528836969605408,-1.9314839008604263,-1.0254010487077652,-0.9924191066993066,-1.0752256901616666,-0.6909783026400493,1.3897939303622473,-0.4122555944215163,-1.424681832699598,-2.102097010525893,-0.8621984632407397,-1.16119925922187,-1.1739050591575346,-0.7915663606967385,1.465923614314394,-0.5294948151737733,-1.3747116840478235,-1.4862311888923134,-1.3486296498803667,-1.1402310141403411,-1.0624729922561327,-1.0463397493810231,1.5523910001181265,-1.3148237933841704,-1.3148237933841667,-0.57499604496282,-1.2715635124164546,3.5553730665305734,1.939148999940323,-1.6222447395651367,-1.9822616873989884,-1.3128464641683943,-1.8275940106104325,-1.022508103118769,-2.194714347761812,-1.8094767117366877,-1.7613753213043255,2.1280355714037276,-2.2842875274982255,-0.5320323167029235,-0.5320323167029252
wgsm_maize_0006.jpg,young,-0.42563770960702096,-1.2439978037590227,-1.7828780641588236,-0.9536517892969765,-0.9772677320798462,-1.3174645971541665,-0.7853176921285738,1.4511092120670002,-0.3781815239336322,-1.4129324363873068,-2.131273362960155,-0.6671740904921901,-1.0875878724846015,-1.267746669184483,-0.8475931317936324,1.491507944418696,-0.5065695111121736,-1.238605714071581,-1.4391260749173844,-1.2876387476469835,-1.125715429131014,-1.1644727916292439,-1.0700690847483163,1.5563758513416681,-1.3252987688995626,-1.3252987688995586,-0.5486597585196884,-1.2224376250223885,5.5995318797753315,-0.0008164837894485803,-1.5014264080425752,-1.9492724374137054,-1.2936007382551025,-1.948449753038445,-0.9603424061471405,-2.2453554624133805,-1.7157850482265253,-1.825436188142585,2.1360895830944204,-2.1322706959294564,-0.30185621918499417,-0.3018562191849968
wgsm_maize_0007.jpg,young,-0.43928642484496616,-1.1659626404815209,-1.8561010741699102,-0.9601527553259197,-0.9817049216208654,-0.9922477670470906,-0.7213644938273267,1.367355456783762,-0.4119728220597904,-1.4228860730614121,-1.9671117373968172,-0.8008527526832073,-1.0786308625120529,-1.1238738070151197,-0.8091709719854363,1.439595687873271,-0.37283856205873644,-1.2203013141293035,-1.4817791807826275,-1.334099459691603,-1.0772067086366266,-1.0884070791082152,-1.050871808392416,1.5294285789483195,-1.2740362781029981,-1.2740362781030035,-0.6034570626091886,-1.1892837010175261,1.1969024803989186,3.4480110428412565,-1.4637687462693434,-1.9070201960532458,-1.1366277862751069,-1.781835224075187,-0.9565232689966832,-2.193128676712478,-1.6890637181701482,-1.736674736285184,2.0724794887993387,-2.1612363509015315,-0.3694479741413171,-0.36944797414131714
wgsm_maize_0008.jpg,young,-0.4283111700714616,-1.2150713869668086,-1.9963310619035601,-1.0764545604147076,-1.0311092219318112,-1.170370279814554,-0.6940748528593906,1.4176364644459547,-0.39797559045433095,-1.4198076280917804,-2.061845558162046,-0.9249829618390936,-1.243136888543415,-1.2462896380239523,-0.7981348168988954,1.4908295758307186,-0.4326437077476423,-1.3780746984276322,-1.5279508217673166,-1.40388022044091,-1.207254499631631,-1.08531159911869,-1.0607414675052886,1.5792693138977243,-1.3943594481824568,-1.3943594481824604,-0.5701847925831688,-1.3846256532563939,2.6544599809452283,-0.0008164837894485803,-1.7158658709180639,-2.0794418425280172,-1.3904307967562097,-1.9091497425931085,-1.0935440541172636,-2.2655476785606172,-1.9472585698398535,-1.8258378236713506,2.220202235118307,-2.362938795013633,-0.6298469169730501,-0.6298469169730501
wgsm_maize_0009.jpg,young,-0.41789874799578564,-1.1539572376582306,-1.8084797859019757,-0.94351266068613,-0.9963692904995666,-1.2801921268697014,-0.7908261751700209,1.4409428199620695,-0.37026390020509825,-1.4007212715443147,-1.9025664957979234,-0.7695912958382665,-1.1113680702530035,-1.2763400364087543,-0.848030392446492,1.4771964745703934,-0.4140376689388617,-1.1815305624499866,-1.4333815454934784,-1.3255786731333115,-1.1597826188490674,-1.1091694228876856,-1.0835147048189258,1.5523567201136033,-1.3715555191843467,-1.371555519184344,-0.5873859495521342,-1.1863797076740346,1.4691052780439862,3.0169076020124184,-1.6201526472444048,-2.0521403942643395,-1.2929993093203143,-2.006633473238165,-1.0189846411025398,-2.350692192374312,-1.8826263527659959,-1.9208748306657268,2.2471780367869343,-2.3019417770614963,-0.3552923944837976,-0.35529239448379524
wgsm_maize_0010.jpg,young,-0.43534658939236337,-1.155800582210817,-1.870376934240668,-1.018542222124702,-0.968988590400628,-0.9340537994682283,-0.6694393814489286,1.3291502864326856,-0.4112658911554755,-1.4147795018015379,-1.9868801973352224,-0.7482053442082895,-1.1631546689598147,-1.0838066091687233,-0.773990259560538,1.4124810144307034,-0.4554028902894819,-1.248214319129759,-1.4789428218781109,-1.3355345426098129,-1.090389226945926,-1.0514123287596557,-1.0435994327280886,1.5251112914018368,-1.29804529277987,-1.2980452927798687,-0.5530023444861464,-1.2068286608011212,2.2248759258852644,2.8013558815979995,-1.4789364155947091,-1.8252783598828504,-1.2214292660803803,-1.6700655564855127,-0.9429468524166716,-2.084981896790699,-1.6387942160015818,-1.6110632246634624,1.9817671314155594,-2.123179285974725,-0.4221558881072578,-0.42215588810725974
wgsm_maize_0011.jpg,young,-0.4404120920318422,-1.1129781429239136,-1.9654088252173676,-1.069536095805021,-1.037927339041026,-1.2020422415922845,-0.7126330677262006,1.41463980559118,-0.4122555944215163,-1.4315570250572118,-1.99521629918576,-0.8032725906971433,-1.240235327723074,-1.2803467504664467,-0.8203972395013928,1.4929369338702965,-0.3474213788065551,-1.2793462057809288,-1.5266583004531005,-1.4023554509298344,-1.1944422725997679,-1.1273647995141174,-1.0747366572939203,1.58029572100992,-1.4125284322622518,-1.4125284322622502,-0.5387717541714869,-1.3328619719086563,1.2150504175009,-0.6474716450327058,-1.6431656627724536,-2.0935800925217154,-1.3687793551038352,-1.9235998857094971,-1.1178386943130736,-2.259927578638921,-1.8951519762299345,-1.8349750319507874,2.226224960249129,-2.363995935706042,-0.4820553827352181,-0.4820553827352175
wgsm_maize_0012.jpg,young,-0.4405528004302017,-1.264700044234712,-1.6985398923405781,-0.9828166955844662,-1.0465311536633235,-1.3820315963560776,-0.807214705391467,1.4797440688386254,-0.4125383667832423,-1.4290942696475668,-2.131630625161058,-0.7620702324101166,-0.954115954837589,-1.3354918711947859,-0.8672604851424356,1.514984916483421,-0.534644702123931,-1.1033164483870515,-1.482389535632297,-1.393206821684366,-1.2126608106084755,-1.210036727706363,-1.0850203725906042,1.5798943260732283,-1.492342183755637,-1.4923421837556423,-0.3999147781690483,-1.248863964448162,0.20960917204525478,0.4302869570393896,-1.7969344483466005,-2.2426004976276124,-1.4469651166264392,-2.101380434353607,-1.1626088375542334,-2.4123125736586224,-2.048799624054078,-1.9922655459039715,2.379203759339747,-2.5018470819965017,-0.2897488745261511,-0.2897488745261524
wgsm_maize_0013.jpg,young,-0.42957754476108706,-1.281195667173066,-1.9073045176562204,-0.9276478927868439,-1.0505354459469034,-1.412673556449133,-0.820222315804527,1.51819008429815,-0.3957134115605255,-1.4272472029270513,-2.1455638206765344,-1.0222335544243708,-0.924091070848432,-1.3365462662400627,-0.8762434032740416,1.5477939724000753,-0.5216869204640161,-1.2252497363402608,-1.5047931945352906,-1.3933861948700759,-1.2215479068576187,-1.2241173818072402,-1.0906064039489718,1.6046688042263528,-1.5598269817663042,-1.5598269817663097,-0.47507438496761606,-1.3163818096843414,0.7840902328146546,-0.8630233654471249,-1.858651171808308,-2.281440057955119,-1.6105537868891748,-2.149164430340773,-1.1957737317769095,-2.4249176549115687,-2.1662064679892814,-2.031726236605281,2.421362835255498,-2.5408555735464766,-0.4522877007544536,-0.45228770075445124
wgsm_maize_0014.jpg,young,-0.43858288285316865,-1.2302908432314796,-2.0238291968824487,-1.0929157409746206,-1.0536198278845839,-1.2000466428295284,-0.7107056312575764,1.4451767615308264,-0.3913304402537592,-1.4166778764752517,-2.066251783887916,-0.9792654003193567,-1.2748017728811163,-1.2950029053081213,-0.8091994821379328,1.515266399307279,-0.42998570703731986,-1.4093026779139417,-1.5330849914663551,-1.4126700850463674,-1.2176968303078832,-1.1435971855795366,-1.0669071799743919,1.5986426983148299,-1.4234669022694753,-1.4234669022694726,-0.48675740330487166,-1.4062846036099352,1.787882994235751,-0.21636820420386765,-1.7237112171208078,-2.085617170111474,-1.4439579719524982,-1.928252393909854,-1.1233826030798657,-2.2817054658354943,-1.9569450519852882,-1.843760809142554,2.2448385005156437,-2.3835530385156622,-0.6967104105965103,-0.6967104105965092
wgsm_maize_0015.jpg,young,-0.43576871488597857,-1.11784647895074,-1.7809816223109372,-0.8760575983473151,-0.9841940735034207,-1.3139884092121148,-0.7972931134145006,1.4305576208631892,-0.41027618788943476,-1.4089817644866078,-1.9444851798512064,-0.7407496770072617,-0.9620006328418009,-1.2627909859845377,-0.8580779494762437,1.4709827788651242,-0.43098245025443044,-1.0580118797128542,-1.4449065052735315,-1.3069226439127986,-1.1357874685298297,-1.1565831026333382,-1.080955068789272,1.5422429229649663,-1.3181609537253574,-1.3181609537253574,-0.5424808340229496,-1.133357629210784,3.475360122176928,-0.4319199246182867,-1.5239164004905021,-1.9998126184256395,-1.2521021417546478,-1.9684281706046736,-0.9656152793742203,-2.2896739646530415,-1.8016273210326244,-1.867507509780877,2.1782012359776437,-2.2278362145234487,-0.11109726630826057,-0.11109726630826185
wgsm_maize_0016.jpg,young,-0.4405528004302017,-1.2433833555748308,-2.0165069044649853,-1.0452021774206746,-1.02569801356156,-1.2344866740395832,-0.6759484697091415,1.4155229043221518,-0.4109831187937496,-1.4254001362065303,-2.0866752285705883,-0.9546748026668609,-1.2048488695431252,-1.2787651543191854,-0.7970131422067201,1.4977793415940965,-0.4487578715954237,-1.4171336894706856,-1.5170362168369373,-1.4084545411531728,-1.1972565245220488,-1.1048659487067685,-1.0695571583601864,1.5919461392915715,-1.4383914249064498,-1.4383914249064484,-0.5349421379503386,-1.3479385373502835,-0.056684909259489775,0.2147352366249705,-1.7258033094415395,-2.0880547994207257,-1.4235093881696297,-1.852115465595827,-1.1309223190027016,-2.217134532092293,-1.9168630569007323,-1.7602206191591243,2.195731950334813,-2.384398751069589,-0.6639386506176871,-0.6639386506176851
wgsm_maize_0017.jpg,young,-0.40706420221771744,-1.1512631078354985,-1.8346082859203754,-0.8564950622338618,-0.9839776395701101,-1.3282794137973482,-0.7941439042789235,1.4389499447509961,-0.32431338512516716,-1.4009265016153527,-1.9603237636649444,-0.7825406013383323,-1.0298720055115236,-1.2471331454697612,-0.8568707236745314,1.4766987366715216,-0.3514083967902908,-1.135649436764945,-1.4428600156302873,-1.2910470573986792,-1.1340100462631324,-1.1505431419282082,-1.0829651351009033,1.5478963334784681,-1.288219209553042,-1.2882192095530396,-0.5929898995606123,-1.1715209417331693,4.72375427792068,0.2147352366249705,-1.4695220001513556,-1.973811239126897,-1.2575150021677415,-1.9137475154028667,-0.9635209138401005,-2.2603892297039185,-1.7386651870872873,-1.8138389622494528,2.1401600600529127,-2.16768490912524,-0.27145130853797483,-0.27145130853797694
wgsm_maize_0018.jpg,young,-0.42352708393016536,-1.1124582193052703,-1.9973319434877357,-1.0580848415239046,-1.0300269787882195,-1.0286190273778149,-0.6723147584993964,1.366449795221278,-0.3907648943304048,-1.4083660760151977,-1.9665758319676125,-0.8934599023246225,-1.2354414390426636,-1.215079390056116,-0.7693229483045794,1.4467983366013981,-0.43297595924628857,-1.30793182148568,-1.5092093017127401,-1.38549326317804,-1.179556396313013,-1.1053567040358974,-1.0472431484084308,1.5573619993787826,-1.3760977652042956,-1.376097765204294,-0.5173444726494971,-1.3527059264225154,1.6105371673717763,1.723597279525904,-1.6405505473715392,-1.9897370839473796,-1.3856193652779045,-1.7809047224351182,-1.055426601396252,-2.148810174472819,-1.8173261024407312,-1.6989712010222304,2.103399306006389,-2.2505647394102968,-0.5520595033566488,-0.5520595033566513
wgsm_maize_0019.jpg,young,-0.4405528004302017,-1.2411618806699456,-2.008078351918581,-1.0825976820867105,-1.0477216211212688,-1.3632987980095805,-0.7956500465349199,1.5226433575778686,-0.4125383667832423,-1.4337632437489125,-2.116804276164638,-0.9163500915057087,-1.245849220860296,-1.320624828753637,-0.8600361302164715,1.5567286687359707,-0.46238015484278183,-1.3844644218351012,-1.5290279179873016,-1.3913232692646782,-1.1995523565884176,-1.1913883583840768,-1.0847493537001824,1.6142261492085335,-1.4797351335778202,-1.4797351335778193,-0.572560416690001,-1.3962900265194185,1.9965258311807064,-0.4319199246182867,-1.7932732867852592,-2.2361001528029405,-1.4812465659094356,-2.096290043028518,-1.2046686253982946,-2.402477398795654,-2.0469625326127066,-1.9925165681094503,2.3876687706456656,-2.495821380049757,-0.597530320327266,-0.5975303203272643
wgsm_maize_0020.jpg,young,-0.43281383822189234,-1.1416209603474052,-2.053645187745773,-1.0692378813761143,-1.0305139918766864,-1.0467080855977937,-0.6911468226133747,1.3967679441669767,-0.39854113517778283,-1.4091869945576458,-1.988249706481287,-0.975602980707015,-1.2404876381044174,-1.1686330624550854,-0.7993705631791285,1.4760344171371405,-0.394434864355314,-1.3808611949382845,-1.5301768258221635,-1.3979605155823491,-1.1353431129631597,-1.0979577498654507,-1.0686763428773138,1.580656856871532,-1.4327367921061054,-1.4327367921061052,-0.5717871524390109,-1.3405333543243798,2.057844698973218,0.6458386774538086,-1.6850075091872099,-2.0612408770188986,-1.457189408517838,-1.848721871379099,-1.114783384592706,-2.1933695381376928,-1.9125208407665804,-1.7601202102769327,2.1770235640032443,-2.357864519690056,-0.6454135029629912,-0.6454135029629906
wgsm_maize_0021.jpg,young,-0.43492446449582156,-1.184679736720257,-1.9771561152323884,-1.0556395204604279,-0.9818672617662527,-1.0010026327676755,-0.6954440762124882,1.3820123770762538,-0.4070243054296117,-1.4195510913738332,-2.03683725261044,-0.9025505817699382,-1.1466914551201561,-1.1254026723141595,-0.7910150232928088,1.452759651093833,-0.3849657192015909,-1.3277736024123834,-1.527591788068925,-1.371680614448365,-1.0678011975597,-1.1170591221354285,-1.0510826044974109,1.5561753531756741,-1.3926908680118635,-1.39269086801186,-0.5926246978214846,-1.2540669525219177,2.1738806027221647,0.6458386774538086,-1.6086461394803195,-2.0147634115224027,-1.2196249792760159,-1.8030178202344458,-1.0726989571541257,-2.2441511552873026,-1.8463855488770555,-1.7560536505481688,2.1634684805395183,-2.3157903201320824,-0.5498747193580606,-0.5498747193580623
wgsm_maize_0022.jpg,young,-0.44013067523512317,-1.2415872700960076,-1.963670436880565,-0.6589012574882893,-0.90362125148178,-1.3022723651329386,-0.7879613413441736,1.4299463255443627,-0.4105589602511607,-1.4104696807599495,-2.096738089640242,-0.9411368956006204,-0.9302095933134282,-1.0681487686539468,-0.8485722195822402,1.4742737696702648,-0.4969342373894251,-1.1059108114163323,-1.3947136868668317,-1.2875490610541285,-1.1525248213162838,-1.1589235862532428,-1.0808797862184882,1.542575359287906,-1.3510690626453943,-1.3510690626453907,-0.589818395230876,-1.1264848449645206,1.8132950361556253,0.4302869570393896,-1.5668042930656243,-2.030526747722269,-1.2340592737110023,-1.9506939040527351,-0.9941479298273113,-2.2941901163758334,-1.779916240361807,-1.8756406292383994,2.1908078587908473,-2.2556390147338736,-0.08337781932617258,-0.08337781932617296
wgsm_maize_0023.jpg,young,-0.4366129652761356,-1.2152604489339496,-1.9517651076605438,-1.0155004884006054,-1.0124405681172313,-1.0861048939291882,-0.6863334830317234,1.3859823859880425,-0.40193440351849413,-1.415292576979148,-2.0641082106825155,-0.8720085367064659,-1.1785455679613104,-1.2109672286193405,-0.7905207268459199,1.4668182379773873,-0.4844748343873288,-1.34156196528376,-1.4966072408375086,-1.3599309035031661,-1.1705952408027562,-1.094069536502616,-1.0595971609801724,1.5665067884925676,-1.3657154885872698,-1.3657154885872682,-0.635828029742347,-1.335088366805333,3.2781097802580454,0.6458386774538086,-1.6133533472019657,-1.991849696015398,-1.3802065048648107,-1.7855572306354686,-1.0473940935830357,-2.158805923619262,-1.7834234149317183,-1.7117733335016654,2.104118555333037,-2.2325933476393027,-0.5524236340230801,-0.5524236340230819
wgsm_maize_0024.jpg,young,-0.43998996683676367,-1.1143961012594492,-1.8073735257730354,-1.0478264206626249,-1.0339771625884735,-1.385250288247522,-0.8097424992706623,1.4799702218707422,-0.4118314358789274,-1.4196537064093553,-1.9940254251827587,-0.6408830666072267,-1.21386895282847,-1.3371261910315828,-0.8709677239831359,1.5163276046057808,-0.2806389629249447,-1.1531851462150122,-1.505008614754328,-1.3719496985850652,-1.1879250777343644,-1.2062617561100957,-1.0829124401636545,1.5752390217379533,-1.4382060271097172,-1.4382060271097163,-0.5571081775501422,-1.2253174184213511,2.32253909551216,0.2147352366249705,-1.5861561470323926,-2.097317790795901,-1.2942021671898905,-2.0081113287841625,-1.114734105403668,-2.358921624402509,-1.870768762553485,-1.917812359758883,2.284776597741419,-2.339047415365135,-0.28597101886192566,-0.28597101886192416
wgsm_maize_0025.jpg,young,-0.4405528004302017,-1.2941463846455639,-2.1758064746311194,-1.1679453105117754,-1.1243983825213844,-1.5045994542105685,-0.8396336680418979,1.6247144590283844,-0.4125383667832423,-1.4339684733845257,-2.1639032419178816,-1.1609480724440742,-1.3598301915264632,-1.4388230652639833,-0.918334776661937,1.6629425244421716,-0.5500943643842728,-1.5553055184065505,-1.5786821736584218,-1.5082822835177043,-1.3021982712529987,-1.2796094970782401,-1.1281351968742575,1.7074346773228999,-1.783324025727456,-1.783324025727451,-0.28688060328828435,-1.2940694608285144,-0.6484139884997175,-0.8630233654471249,-2.1494520043906262,-2.5640425492082994,-1.9587811401321977,-2.235263199742615,-1.5577540148566535,-2.5606029244496566,-2.6588809909036693,-2.068275069723033,2.685564453297455,-2.947960454194124,-0.9551521510961747,-0.9551521510961722
wgsm_maize_0026.jpg,young,-0.43886429964988766,-1.1788188285749566,-1.9650927468073673,-1.0500331734224146,-0.9846269707608599,-1.093572261914506,-0.6931585247893473,1.3884506548118667,-0.4097106431659829,-1.4140098907768444,-2.019093270391896,-0.8628524610340285,-1.1948826351753912,-1.1828147542016771,-0.802516954347718,1.4676917880599838,-0.4024088890439572,-1.330319899453248,-1.5198366748092091,-1.3630701412972188,-1.1018683973340027,-1.1237785744472961,-1.065973665465271,1.5702907429454116,-1.353479234002918,-1.3534792340029203,-0.6127046880649862,-1.2840990836825266,2.69504629988628,1.939148999940323,-1.5950475393955634,-1.9734862218856635,-1.3266793296685224,-1.786268790713175,-1.0623996066451504,-2.1882713046372984,-1.7981201464627132,-1.721814221720825,2.1223210959843244,-2.2497190268563694,-0.5756824803413839,-0.575682480341385
wgsm_maize_0027.jpg,young,-0.4239492088267193,-1.2585555463477112,-2.009184597741449,-0.9256797083307339,-1.0160119631433786,-1.3773322978030837,-0.8133235401228002,1.5147185565476353,-0.3866646959852992,-1.4245279101463149,-2.102156554226043,-0.9538245984311561,-1.0853801523653208,-1.3223645888108373,-0.8701787486239437,1.5460473739867977,-0.4954391112849407,-1.344348474841638,-1.4879545506446041,-1.3474636389197894,-1.1802229246349019,-1.2021092863290201,-1.0871132534101973,1.6031493230955995,-1.4658302988228749,-1.4658302988228706,-0.6421238107567775,-1.3213185983682771,2.839533149539326,1.939148999940323,-1.7069744785548928,-2.1670339890406547,-1.4944780024747757,-2.0560595309430996,-1.143562430990987,-2.3797360658982205,-2.0095526705337825,-1.9399023138410416,2.333527475178306,-2.4258386662121176,-0.5204256517104237,-0.5204256517104229
wgsm_maize_0028.jpg,young,-0.43112533744157827,-1.2297709196128364,-1.8981911476295628,-1.027965662021675,-1.0353840713274434,-1.3885333585221762,-0.8107641508938624,1.5097295471988001,-0.3933098461858927,-1.4114445201139652,-2.0793513655799885,-0.8471563363844475,-1.176148627903656,-1.336440826019672,-0.8697604930184114,1.542005762318034,-0.4377935946978117,-1.2957769454810892,-1.498294696782361,-1.3720393851779202,-1.192961097433772,-1.2065637546579457,-1.087738105699004,1.6007238134731878,-1.4712068349281204,-1.4712068349281155,-0.5582268501783132,-1.3290867805621172,2.621264944525463,-0.6474716450327058,-1.6646096090600149,-2.1733718252447285,-1.3796050759300225,-2.064598251875515,-1.1454843193634767,-2.4119914250916668,-1.9526028358511363,-1.985186719709465,2.3498884213998315,-2.415372973357242,-0.49188691072886503,-0.49188691072886526
wgsm_maize_0029.jpg,young,-0.42704479418768937,-1.1932820369710637,-2.012872088586374,-1.032379159442672,-1.0320832407610432,-1.361238829604738,-0.7922901902930296,1.5037745338311181,-0.3913304402537592,-1.3974889048922579,-2.0329073764857726,-0.9192277208705255,-1.207561193294919,-1.3199394709004064,-0.8579828932615365,1.5346586090386207,-0.35772115270689386,-1.3354605073344903,-1.5105018181517627,-1.3735641546889958,-1.2092540946535475,-1.2046007692228495,-1.0796827806671236,1.5995714472746017,-1.4715776305215855,-1.4715776305215909,-0.40965937550666226,-1.3491969344657964,1.255606759163039,-0.8630233654471249,-1.8372072255207472,-2.2453631441781168,-1.4613994110613553,-2.107784475052917,-1.1465438219277948,-2.4127942965090523,-2.0984010929712174,-2.032027463251855,2.387392136289263,-2.53778986553849,-0.6678530552818243,-0.6678530552818248
wgsm_maize_0030.jpg,young,-0.4405528004302017,-1.2941463846455639,-2.1758064746311194,-1.1679453105117754,-1.1243983825213844,-1.5045994542105685,-0.8447208540103749,1.6283596681098271,-0.4125383667832423,-1.4339684733845257,-2.1639032419178816,-1.1609480724440742,-1.3598301915264632,-1.4388230652639833,-0.9208442893203942,1.6648476764603346,-0.5500943643842728,-1.5553055184065505,-1.5786821736584218,-1.5082822835177043,-1.3021982712529987,-1.2796094970782401,-1.1281351968742575,1.7074346773228999,-1.783324025727456,-1.783324025727451,-0.6211027443356213,1.7316496036444313,0.18600080332135202,-1.294126806275963,-2.1693268814375775,-2.5806184285112304,-1.9617882848061448,-2.2439661268468076,-1.5592323905277978,-2.5702373814582797,-2.663891240289249,-2.0823825176709567,2.6951755212227577,-2.954409012417832,-0.9551521510961747,-0.9551521510961722
wgsm_maize_0031.jpg,young,-0.38229952410644324,-1.0578667014449974,-1.9512383293853022,-1.0636911804633211,-0.9862503428239459,-0.8650449977639383,-0.6439086684176629,1.3039874821285848,-0.35796330037019114,-1.3750162573977365,-1.9031619247141889,-0.8621984632407397,-1.2171489706557321,-1.111273725733156,-0.7445985330837716,1.3942217605215907,-0.1763122179271075,-1.2476377882133771,-1.5125842087272474,-1.3844169509893745,-1.1468963275279709,-1.0645869820910705,-1.0257723106096557,1.516706312618241,-1.3504201703568302,-1.350420170356828,-0.5850941064142523,-1.2618351347157577,2.819385430872667,-0.0008164837894485803,-1.488873854118185,-1.8758185408947659,-1.2346607026457905,-1.6687519071112915,-0.9890721733563808,-2.088052879962198,-1.6686887040021663,-1.607548913786757,2.005170397967216,-2.175930606526057,-0.4631661044140908,-0.4631661044140923
wgsm_maize_0032.jpg,young,-0.43281383822189234,-1.203018709024711,-1.6661426707612756,-0.9441090733467569,-1.0120617793431184,-1.2919081709488776,-0.8009478824700538,1.4400749380244398,-0.38440251709148854,-1.4180118684535945,-2.0984053092018273,-0.6113874144608099,-0.9825008299131075,-1.2671667443929626,-0.8599886046906244,1.4797082446528043,-0.4743411805969087,-1.0421576709290754,-1.4624632116858116,-1.3302426804384397,-1.1599307273150445,-1.1317815257134387,-1.0876025962537927,1.5493065969203905,-1.3387401091626763,-1.3387401091626767,-0.6165914860962208,-1.161913563755118,2.4758576375505643,1.292493838697066,-1.4899199002785508,-1.9985125494607054,-1.2340592737110023,-1.9441256571816485,-1.0147219912507401,-2.3003922980751326,-1.7814193151774944,-1.8403469071480398,2.1889820720385895,-2.232699061708544,-0.15602188727923075,-0.15602188727922878
wgsm_maize_0033.jpg,young,-0.43844217445480915,-1.1434643177360246,-1.9880078735958486,-1.0904107737859239,-1.0232629775100324,-1.127626040307527,-0.6777179237083732,1.3894922180804234,-0.41211420824065337,-1.422424306272421,-2.004862354354361,-0.8688039084450124,-1.2510846484255103,-1.2109672286193405,-0.8043135379740398,1.4795782909070303,-0.2859549869032461,-1.3405050223805874,-1.5324028298770065,-1.4016379094707345,-1.1739279025247,-1.1064514564607222,-1.0758433245781438,1.5824230743139147,-1.4564677100878785,-1.456467710087883,-0.5621260185850567,-1.3455669427864319,1.716960456547215,-0.0008164837894485803,-1.6876226245881245,-2.0605908425364317,-1.4132850962782308,-1.815278547727143,-1.130306329139726,-2.199531576266125,-1.9003292339283462,-1.7302485678249215,2.174383681859288,-2.3663216452293545,-0.5673529913467663,-0.5673529913467689
wgsm_maize_0034.jpg,young,-0.43225100462845434,-1.251276673448864,-2.0588603599092288,-1.1066930281180718,-1.0655244804209765,-1.0562997916300332,-0.6499227113790873,1.3962017745111728,-0.4032068788462862,-1.4176014100532222,-2.100012985063262,-1.0184403245967348,-1.2851464728208655,-1.2160810757292242,-0.7649408005297325,1.481194935574536,-0.42251005959664606,-1.458450718620034,-1.5440713982612202,-1.4313261264459272,-1.2241399759684315,-1.1127934054618651,-1.0446609288342419,1.586075090609813,-1.4535013453401568,-1.4535013453401566,-0.6417258681111951,-1.1474419969267182,-0.23316414391211715,1.939148999940323,-1.7038363400737955,-2.0857796787320906,-1.3922350835605743,-1.8303855155306454,-1.1623624416090432,-2.224902313055494,-1.9063415331910372,-1.7634337033892553,2.207002824398528,-2.4126244075569776,-0.7571561012241176,-0.7571561012241181
wgsm_maize_0035.jpg,young,-0.4229642503367307,-1.239460329383704,-1.8138529758113235,-0.9812063716824758,-1.007516372835447,-1.3036885846701403,-0.7590918241961393,1.4419765124754482,-0.3704052866859368,-1.4173448724644233,-2.1078131936124462,-0.7620048361830024,-1.070746184507841,-1.2795559452341327,-0.8333630496866296,1.4882385289458664,-0.45124975783525123,-1.1904185169099089,-1.500556606644638,-1.363428912026774,-1.1719283075027835,-1.1389539758470815,-1.0739235965336533,1.5660081340081573,-1.3817523980046398,-1.3817523980046373,-0.6065392026603366,-1.2612785359915886,2.195466068544287,-0.4319199246182867,-1.6551951936167222,-2.1077183425153945,-1.2785650148853978,-2.0157742834670955,-1.046531707774867,-2.3727510845669677,-1.8936489014142663,-1.94673011783007,2.277947681057654,-2.359344516659441,-0.4013549237873658,-0.40135492378736853
wgsm_maize_0036.jpg,young,-0.43802004925973065,-1.1788660908577309,-1.8077949541156562,-1.0473492921538412,-1.0356005199561564,-1.363556294060188,-0.7913527986564916,1.474664283446738,-0.4099934155277088,-1.4178579476420272,-2.0548789573723485,-0.6775073692969692,-1.1945672343510778,-1.3226809094720282,-0.8547224305048882,1.5108785788177297,-0.4502530033393124,-1.167982425142844,-1.5026749030275652,-1.3636082973915515,-1.1954050480223586,-1.179723687540071,-1.0827543430849083,1.5783808240130315,-1.4287507394763546,-1.4287507394763515,-0.49781491960032065,-1.2718297118062747,1.6752800017230636,-0.0008164837894485803,-1.6975600631116003,-2.130144532160568,-1.4283208196479351,-2.068539199998166,-1.0734381449896964,-2.3600055008159795,-1.9377390960072702,-1.9347814608492675,2.295154338025893,-2.3870416028006125,-0.3675362881425524,-0.3675362881425512
wgsm_maize_0037.jpg,young,-0.42549700210427155,-1.2492442637201255,-1.8930813325517637,-0.8220816532652991,-0.9839776395701101,-1.3176577235626796,-0.7947863831017985,1.4588225521414497,-0.3759193450398215,-1.3984124402119502,-2.0898905802934578,-0.8624600481492121,-0.9904485812301083,-1.238276195591201,-0.8518326875019008,1.493954486752263,-0.44709661410219237,-1.1882565912096037,-1.468459057385802,-1.311048495123594,-1.152080465749605,-1.1615283109136392,-1.0764832325633071,1.5609741552043053,-1.322703199745306,-1.3227031997453076,-0.6210894682107362,-1.2109426513710677,3.2391424547845395,2.3702524407691614,-1.510840823485929,-1.9856743684319411,-1.2587178600373177,-1.9495444608502972,-1.0198716665052276,-2.3062532594220433,-1.8243404515805342,-1.8559604883288405,2.1983718324787684,-2.234601914954893,-0.33289835849826843,-0.33289835849827015
wgsm_maize_0038.jpg,young,-0.44013067523512317,-1.2121881951769353,-1.8227556173605897,-1.0180650855173354,-1.01114187634492,-1.3541577056953311,-0.7953867347916848,1.4769137452766128,-0.4122555944215163,-1.4252975211710084,-2.093820456418125,-0.7052371812227466,-1.1531253441491105,-1.3087628361731258,-0.8567471469813034,1.514710959938276,-0.3331345869225,-1.2401430950560068,-1.4977920544798047,-1.3554462815628154,-1.1751128507025013,-1.1665112767012982,-1.0817756573977169,1.5773257173621646,-1.4194808496397244,-1.41948084963973,-0.6105876582403228,-1.275193504095819,2.178156000356026,-0.0008164837894485803,-1.700175178512515,-2.1337197218141375,-1.3874236520822691,-2.034712728612064,-1.090636581964013,-2.352257791638212,-1.9537718940411002,-1.9254434348054423,2.2911549956161887,-2.3797473320229767,-0.32830120883457237,-0.3283012088345731
wgsm_maize_0039.jpg,young,-0.42605983569770955,-1.2668742536478064,-2.1095370108142255,-1.1103311866506766,-1.064821022377644,-1.0452274789362443,-0.6863229569691619,1.4307685571019608,-0.3942995491519512,-1.4193971688205562,-2.1172806217232147,-1.0714801459564767,-1.291895766956673,-1.2505599490533001,-0.7764997725416832,1.5032067920498393,-0.5088952659632736,-1.4962606071840867,-1.5472308874942888,-1.430339506939661,-1.2235475018795268,-1.1095846734539354,-1.0558179276766204,1.6019738378241957,-1.4519254640679298,-1.4519254640679329,-0.6061615864893403,-1.3595303107797208,2.5114326466428922,1.723597279525904,-1.7289414479226368,-2.097480299416518,-1.479442279105071,-1.8603805095752808,-1.1505600758344046,-2.2267689891009157,-1.9379061043201222,-1.7739766360193778,2.21253551152658,-2.3993044348325845,-0.8462770818331953,-0.8462770818331963
wgsm_maize_0040.jpg,young,-0.4405528004302017,-1.1350038171695793,-1.4326191803877288,-0.9600334792726732,-0.9962610588375054,-1.3551233202556658,-0.794491476008822,1.3987676406992033,-0.3904821213687277,-1.409033072004369,-1.980151779431351,-0.34147942408848003,-1.0152380033936954,-1.3035962725323929,-0.8612623713915365,1.4443372434623207,-0.3256589620394826,-0.8257717409775066,-1.4543131637954636,-1.309613412205384,-1.1465260362505343,-1.1969375688859945,-1.0786513959536839,1.5177725802008146,-1.3771174530863248,-1.3771174530863213,-0.5703135265980521,-1.0249902776094895,2.0200962114312575,-0.4319199246182867,-1.4480780538638556,-1.948459894310621,-1.2045892559063114,-1.923764091881274,-0.9564000710240879,-2.2494902502129146,-1.7212963225506412,-1.8239802593508037,2.1325881825262365,-2.154787792677823,0.10355776155303165,0.10355776155302993
wgsm_maize_0041.jpg,young,-0.4374572156662926,-1.207225328166544,-1.6945363373917255,-1.0260571155921951,-1.0210443827395228,-1.3490078021654706,-0.8100163427971456,1.4698793890155195,-0.4046207406549159,-1.4129837439050676,-2.084829377908559,-0.7581462101282522,-0.9671099137814231,-1.302805467300079,-0.8684201854183008,1.5041019174647448,-0.41287478869359984,-1.1147987397817976,-1.4916166894930214,-1.3771518619845158,-1.1904430825559438,-1.153147876840442,-1.0921873583804338,1.5726074334836941,-1.4368155436342227,-1.4368155436342247,-0.5432164202725613,-1.2094906546993218,1.5615500217257894,-0.21636820420386765,-1.7085435477955029,-2.1563084200799274,-1.407270806930349,-2.077680010227097,-1.1045086736782526,-2.380940373024298,-1.9709737502648945,-1.9732380627286568,2.325086175388651,-2.4086072729258103,-0.2982149125206805,-0.29821491252068
wgsm_maize_0042.jpg,young,-0.385957940672571,-1.105935600693004,-1.9637757868131855,-1.0632140438559545,-1.0098973004036425,-1.026752167899232,-0.6845008268916365,1.3649401843781355,-0.3651739964941224,-1.3921016259776944,-1.9684216907148804,-0.8519959768901889,-1.2135535520041565,-1.1357357995956312,-0.8058154478510686,1.4531926629957739,-0.3146946851418513,-1.282036622503667,-1.5154205725069576,-1.3826230973416094,-1.149858697972478,-1.060585506457999,-1.067870809965226,1.5576087356904134,-1.383606375971966,-1.3836063759719706,-0.536259652443786,-1.309000826602967,1.3643527520607728,-0.21636820420386765,-1.6070770702397708,-2.004037842561676,-1.2731521544723041,-1.7827109903246636,-1.0647403681244636,-2.1944132709802933,-1.845550507312776,-1.7229689238660322,2.1319953946196617,-2.298241784638052,-0.5198794557107765,-0.519879455710777
wgsm_maize_0043.jpg,young,-0.4366129652761356,-1.1809457724962713,-2.0749799582494153,-1.1097944079673885,-1.0733707248427553,-1.3184302117145015,-0.6739788832247842,1.4369728110502789,-0.4050448988975301,-1.424425295110793,-2.00140882783089,-1.044077324046815,-1.2959958020883888,-1.35252042741603,-0.8110626066634532,1.5280625783747435,-0.3836367132070252,-1.4276070778562193,-1.5401938416313643,-1.4347344422871569,-1.241099511566345,-1.1825549162372715,-1.0823402828120963,1.6212555431594347,-1.5220985301312198,-1.522098530131217,-0.5987062298044452,-1.4206593706602186,1.797629517309701,-0.21636820420386765,-1.7550926019318442,-2.1082058683772638,-1.5570266116928866,-1.8675508457428829,-1.1884557722047449,-2.2084033054282286,-1.966965550756427,-1.7514850464084533,2.219000851627645,-2.409135843272015,-0.7011710112602946,-0.7011710112602948
wgsm_maize_0044.jpg,young,-0.42985896215487945,-1.2122827261605058,-2.0750853153350723,-1.0838501616317604,-1.0543232896017702,-1.153954937182384,-0.6891140568709075,1.4272519036884246,-0.4125383667832423,-1.4126245912807407,-2.0546407825717465,-1.0294276100753397,-1.2625016717685091,-1.2408594774115707,-0.8083439710425531,1.5104385423889892,-0.4627124063414281,-1.4348615845910326,-1.5400861339594445,-1.4340169008280466,-1.2096243959872333,-1.111358917485502,-1.0752561115302293,1.6061420472114687,-1.4834430895124722,-1.4834430895124744,-0.5765108512900571,-1.418771774986949,1.2490199900737058,0.8613903978682277,-1.7833358482617836,-2.1277069028513163,-1.5203394466707374,-1.851513376299312,-1.1739184114384886,-2.229960402985022,-2.0122248035394144,-1.770211302937188,2.2287541886505244,-2.4393700670749805,-0.7267511905770982,-0.7267511905770984
wgsm_maize_0045.jpg,young,-0.43970855004004467,-1.2696629112451034,-2.05970320944144,-0.9756596626710928,-0.9979385393839175,-1.3284725227236154,-0.7933855643989587,1.5083637088169104,-0.4064587607061598,-1.4273498175271413,-2.118292864625772,-1.0298854103067492,-1.1659931564673673,-1.2621583446621623,-0.8545228078072922,1.5468988469851679,-0.5255078042393027,-1.383167253367689,-1.4797686018220113,-1.358585519356868,-1.1885916060562534,-1.1673040203264444,-1.084214843767516,1.6013775251873628,-1.4372790381260543,-1.4372790381260552,-0.5863575597768194,-1.3472367389589397,1.8807995023058153,-0.4319199246182867,-1.7425400480074542,-2.2034359200588907,-1.4650079846700845,-2.0672802860145434,-1.1208693644389194,-2.396556222092439,-1.9776540827789935,-1.9633979922738805,2.3414945446426993,-2.4645300155543697,-0.50982034605061,-0.50982034605061
wgsm_maize_0046.jpg,young,-0.42985896215487945,-1.2122827261605058,-2.0750853153350723,-1.0838501616317604,-1.0543232896017702,-1.153954937182384,-0.6891140568709075,1.4272519036884246,-0.4125383667832423,-1.4126245912807407,-2.0546407825717465,-1.0294276100753397,-1.2625016717685091,-1.2408594774115707,-0.8083439710425531,1.5104385423889892,-0.4627124063414281,-1.4348615845910326,-1.5400861339594445,-1.4340169008280466,-1.2096243959872333,-1.111358917485502,-1.0752561115302293,1.6061420472114687,-1.4834430895124722,-1.4834430895124744,-0.5765108512900571,-1.418771774986949,1.2490199900737058,0.8613903978682277,-1.7833358482617836,-2.1277069028513163,-1.5203394466707374,-1.851513376299312,-1.1739184114384886,-2.229960402985022,-2.0122248035394144,-1.770211302937188,2.2287541886505244,-2.4393700670749805,-0.7267511905770982,-0.7267511905770984
wgsm_maize_0047.jpg,young,-0.43576871488597857,-1.1829781790159988,-2.077087092809502,-1.092021105786504,-1.0459900320915245,-0.9695881845227983,-0.6634148124249438,1.3830161607199571,-0.4073070777913376,-1.3962062204316763,-2.0311210735665064,-1.0346596545853837,-1.2726571432047982,-1.2229873851097903,-0.7524692867913846,1.4618820026456345,-0.36669192061262823,-1.4440378045091542,-1.5323669240695683,-1.41249069968159,-1.207254499631631,-1.10158173243963,-1.0356193820889934,1.5694596521380604,-1.3926908680118635,-1.39269086801186,-0.5742938381416384,-1.4055828052185915,3.5299090248930627,-1.9407819675192202,-1.7022672708332467,-2.0111882218688337,-1.3946407992997272,-1.773405973923956,-1.0936918916843776,-2.158886210761,-1.880121228073216,-1.70554798280578,2.12867578234283,-2.3042674865847967,-0.7122314802531474,-0.7122314802531459
wgsm_maize_0048.jpg,young,-0.4146624551320581,-1.0241664603554779,-1.5891794806328856,-0.9690990586155263,-0.9919321009585413,-1.2818014728154234,-0.7809677738925381,1.3843673070255147,-0.3784642968952929,-1.3815836092208036,-1.747515024016601,-0.5568433733110165,-1.0975541068523431,-1.2587315553959841,-0.8456634663689133,1.4268647365546505,-0.23412386590296405,-0.919407678684153,-1.4453014350289701,-1.3032452378453558,-1.1260857204084507,-1.1194373530108537,-1.078041599361235,1.5101241531449647,-1.2723676979324046,-1.2723676979324026,-0.5856020928177587,-1.0500130202525755,1.4939612938423537,1.0769421182826469,-1.4198348075339162,-1.8945070322657342,-1.144446362427353,-1.8924007130718312,-0.9164100091196276,-2.255290996203522,-1.6289407255432948,-1.8214198328549223,2.106624072218168,-2.1243421407363754,-0.021839736699271164,-0.02183973669927221
wgsm_maize_0049.jpg,young,-0.4405528004302017,-1.2941463846455639,-2.1758064746311194,-1.1679453105117754,-1.1243983825213844,-1.5045994542105685,-0.8086681887312277,1.6025252260305352,-0.4125383667832423,-1.4339684733845257,-2.1639032419178816,-1.1609480724440742,-1.3598301915264632,-1.4388230652639833,-0.9014050714031911,1.650088643904577,-0.5500943643842728,-1.5553055184065505,-1.5786821736584218,-1.5082822835177043,-1.3021982712529987,-1.2796094970782401,-1.1279394599476582,1.7072855991636915,-1.783324025727456,-1.783324025727451,-0.2785047739595675,-1.1427472076880736,-0.6386049841660194,-0.6474716450327058,-2.123823873461602,-2.526503057845727,-1.9617882848061448,-2.1690333771258103,-1.557236583371751,-2.5004076399312067,-2.6266483865231764,-1.9952778123697201,2.633952386231493,-2.9080005360209684,-0.9551521510961747,-0.9551521510961722
wgsm_maize_0050.jpg,young,-0.4269040854907932,-1.09369386078376,-1.6851595639213752,-1.004824585155762,-1.0096267432915969,-1.3522264940569149,-0.7963662592818969,1.4361574008138378,-0.4046207406549159,-1.4020039560048965,-1.9322192018760018,-0.7878380509560196,-0.9277495628128039,-1.3079720309408118,-0.8589809964234959,1.4763736014311297,-0.3361248504102969,-1.0244777896082313,-1.4810252124535956,-1.345221327949614,-1.1712617791809032,-1.1777984544864164,-1.0816025046226143,1.5496450123138865,-1.389539105467409,-1.3895391054674122,-0.6317242429522268,-1.1357534237191647,1.0533431725243838,0.2147352366249705,-1.5866791701125755,-2.077816756321849,-1.1961692508192066,-2.022233059556998,-1.0591718197631523,-2.3860386065246924,-1.8372000916701765,-1.9521019930273225,2.2794336027434734,-2.3147331794396733,-0.1486027249506916,-0.14860272495068913
wgsm_maize_0051.jpg,young,-0.4368943820728546,-1.2228701770662824,-1.8006307009031985,-0.9185823134439909,-0.9619540320103952,-1.213372032854427,-0.7801567750963376,1.4284062811145337,-0.39868252045872166,-1.4020552635226573,-2.0102212792826313,-0.7853528522370925,-1.028295069910681,-1.2114944368800056,-0.841956232691224,1.4706290437656226,-0.5069017597911176,-1.215064600365701,-1.4365051313567077,-1.2856655208134977,-1.111422016876906,-1.0987127564869041,-1.0768671773544056,1.547116264073201,-1.2393668901140014,-1.2393668901140031,-0.620731306414083,-1.2077482586932269,4.432255124554258,2.3702524407691614,-1.4637687462693434,-1.9617856012012165,-1.108360626339992,-1.9659103426374223,-0.9383146086470865,-2.325461958082983,-1.7493537191098343,-1.8628384967589642,2.17326133675617,-2.2003505565207595,-0.34177404349253304,-0.34177404349253226
wgsm_maize_0052.jpg,young,-0.43998996683676367,-1.2443286622015195,-1.8051083591609853,-0.9983236029296392,-1.0140639254849146,-1.3560889173337545,-0.8143767928164278,1.4912537364939384,-0.40518628537836776,-1.4178066401242662,-2.1088849802151466,-0.7081148283486212,-1.1140173206920014,-1.311240670614418,-0.8691996556723239,1.52075857575995,-0.5127161497385602,-1.218379587898781,-1.4751370793007224,-1.3471048803693018,-1.1667441692811582,-1.1949368361953774,-1.0847794691818955,1.5827323915640372,-1.4028877468321566,-1.4028877468321532,-0.6277247719779597,-1.268611119183905,2.4201621109876124,-0.4319199246182867,-1.6881456476683077,-2.115031230443169,-1.3904307967562097,-2.0640508979695924,-1.1243681868606268,-2.3923411471511664,-1.9430833620185533,-1.9462280734191129,2.321568967142962,-2.3510988192586244,-0.41373536644603237,-0.4137353664460306
wgsm_maize_0053.jpg,young,-0.4366129652761356,-1.1952199189252373,-2.038421121057147,-1.0775281177812908,-1.0236958747674714,-0.9432592526834415,-0.6853328892543304,1.3871525049245077,-0.40674153306788574,-1.4023118011114564,-1.9864038477340191,-1.0285120007319917,-1.2497600232060115,-1.1200779590808547,-0.7825073913977525,1.462711900311696,-0.42383906559121165,-1.3981086519773838,-1.5386859049733084,-1.4170650203938526,-1.177927092568533,-1.0626994962929368,-1.050969674507735,1.570766676961706,-1.4053906170880466,-1.405390617088049,-0.6131708961930876,-1.324512991046118,1.5405691270609232,2.5858041611835803,-1.5971396317162951,-2.0336144115139883,-1.2809707306245506,-1.794041216177292,-1.0946281962761037,-2.2107517043240827,-1.8610822804080502,-1.730750612235879,2.1564182563706296,-2.3439102625502293,-0.7256587985778041,-0.7256587985778065
wgsm_maize_0054.jpg,young,-0.3922898177031453,-1.1433225180516635,-1.9730471960448375,-1.0370908712925615,-1.012115895174152,-0.9403624439669442,-0.6707243390946789,1.3495811927237662,-0.3554183485147032,-1.4065703163770056,-1.993251361123423,-0.8590592312064003,-1.2154458884293127,-1.1382663648851454,-0.7710910114523805,1.4327176726336206,-0.3211735780866057,-1.3274853630486467,-1.5073423313562886,-1.3622629010661966,-1.1492662238835731,-1.078063633970331,-1.0493360292280238,1.5491575187611824,-1.3301191116146103,-1.3301191116146072,-0.6312894178175418,-1.3170594081311562,2.147433089158498,1.508045559111485,-1.4569694462269651,-1.8829689202019233,-1.2972093118638313,-1.724363063953167,-1.0029196254761015,-2.1329333921940257,-1.6909008096115201,-1.6423405914661535,2.04107753742827,-2.1564792177856775,-0.560070378018139,-0.5600703780181406
wgsm_maize_0055.jpg,young,-0.4405528004302017,-1.2941463846455639,-2.1758064746311194,-1.1679453105117754,-1.1243983825213844,-1.5045994542105685,-0.8824271179523492,1.6553794459189264,-0.4125383667832423,-1.4339684733845257,-2.1639032419178816,-1.1609480724440742,-1.3598301915264632,-1.4388230652639833,-0.9235914454198141,1.6669334591676015,-0.5500943643842728,-1.5553055184065505,-1.5786821736584218,-1.5082822835177043,-1.3021982712529987,-1.2796094970782401,-1.1281351968742575,1.7074346773228999,-1.783324025727456,-1.783324025727451,-0.6891199528830566,0.7924255565256637,-0.6336684862049621,-1.078575085861544,-2.254579643507556,-2.710625325004928,-1.975621150306302,-2.475496829052649,-1.575100289398081,-2.7532719928366562,-2.7766218514645638,-2.311164155744577,2.8633613060767624,-3.067311638367373,-0.9551521510961747,-0.9551521510961722
wgsm_maize_0056.jpg,young,-0.43351738051222655,-1.1706891768239804,-1.5715321938211253,-0.9362959735489538,-1.0217478371090076,-1.329180641233343,-0.7790929906194635,1.4104662064787858,-0.3981169757352698,-1.388458802666993,-1.8950044580067218,-0.6092291968774619,-1.0499306208725836,-1.2962681879528724,-0.8401976746485933,1.4480321445583804,-0.4215133051007073,-0.9144111643903271,-1.4721211962342196,-1.3454007133143917,-1.1770383814351844,-1.1631515556712808,-1.0700991961410307,1.5275081014855776,-1.3582068778195995,-1.3582068778196026,-0.5338235497005955,-1.0929921217362508,0.7026348283496671,1.292493838697066,-1.6264289242066001,-2.0484026959901533,-1.2575150021677415,-2.02902024799046,-0.9940247318547162,-2.3772070209334553,-1.8724388456820051,-1.947583593328697,2.2579667766866334,-2.328053152164054,-0.18114690326299523,-0.18114690326299412
wgsm_maize_0057.jpg,young,-0.4405528004302017,-1.2941463846455639,-2.1758064746311194,-1.1679453105117754,-1.1243983825213844,-1.5045994542105685,-0.8824271179523492,1.6553794459189264,-0.4125383667832423,-1.4339684733845257,-2.1639032419178816,-1.1609480724440742,-1.3598301915264632,-1.4388230652639833,-0.9235914454198141,1.6669334591676015,-0.5500943643842728,-1.5553055184065505,-1.5786821736584218,-1.5082822835177043,-1.3021982712529987,-1.2796094970782401,-1.1281351968742575,1.7074346773228999,-1.783324025727456,-1.783324025727451,-0.6714168438090666,0.9011075074058364,-0.3177856704116879,-1.509678526690382,-2.245165228064244,-2.6909617819102563,-1.9738168635019335,-2.4388788527463343,-1.5712811522476269,-2.7228833096886285,-2.7624261448721183,-2.2763222736240847,2.836464542795678,-3.052088812396643,-0.9551521510961747,-0.9551521510961722
wgsm_maize_0058.jpg,young,-0.43773863246301165,-1.263471144657312,-1.9715195218793482,-1.0306495351916587,-1.0262932509643867,-1.3763023223417854,-0.796166138238144,1.5131486032481292,-0.39938945166301126,-1.4222703837191377,-2.1234731544109713,-0.9234787598100999,-1.1677593291367572,-1.3233135507944036,-0.862355530768202,1.5492299863784733,-0.5030808760158311,-1.3781227383215864,-1.498366503522036,-1.3620835157014188,-1.1806672802015719,-1.2058465106697622,-1.0770704456112214,1.602994265865835,-1.4328294910044717,-1.4328294910044712,-0.5881357579493256,-1.4019044136501688,2.1383209945174824,-0.8630233654471249,-1.661471470578917,-2.1108060063071323,-1.400655088647609,-2.049710225634382,-1.100689536527795,-2.3818235315834198,-1.8844634442073875,-1.9462280734191129,2.3055636936653854,-2.3651587904677047,-0.5799610156719525,-0.57996101567195
wgsm_maize_0059.jpg,young,-0.43084392064485927,-1.2356790964589275,-2.0221434978180315,-1.0697150179834876,-1.0324620221874488,-1.0304214822498043,-0.6798349437168162,1.3974847076051866,-0.39472370739456114,-1.4223216912368988,-2.0641082106825155,-0.9546748026668609,-1.2537969807423912,-1.1883503621931424,-0.7879351626973936,1.4801121549437235,-0.43829197194578107,-1.4067563939202976,-1.5260120397959924,-1.4006512960539916,-1.1964418676216844,-1.066851960948096,-1.062555797497281,1.5801123628461886,-1.3954718349628523,-1.3954718349628539,-0.6177039242204747,-1.3036042389729785,2.2246946091761797,1.508045559111485,-1.6583333320978195,-2.0217512822089434,-1.400655088647609,-1.8059187959358431,-1.0930019830378452,-2.162258270714018,-1.8714367958048934,-1.7061002316578386,2.1345641422148276,-2.3107160448085056,-0.7009889459270788,-0.7009889459270795
wgsm_maize_0060.jpg,young,-0.43450233900220636,-1.2052874462123704,-1.9401231675781434,-1.0208086291083016,-1.0370074360428276,-1.3970307107099078,-0.8242773155062134,1.5220094994275337,-0.36885003539671224,-1.3294552791624428,-1.9927750115222198,-0.9665123012616993,-1.2188520614472464,-1.3482501092280081,-0.8802072902803451,1.5463358813374521,-0.46786229329157814,-1.2971701806891898,-1.5038238059872295,-1.3680032205599797,-1.1982192898883903,-1.2149064466015387,-1.0901471765870894,1.6060619276660126,-1.4565604089862447,-1.456560408986249,-0.5607361466667579,-1.3352335664725077,2.6576251207379604,0.8613903978682277,-1.6954679707908684,-2.1686590752468224,-1.4439579719524982,-2.084467198660559,-1.145706075714148,-2.3936257414189823,-1.9885096231143924,-1.9745433781971513,2.346995616415734,-2.419284393919168,-0.7872423975380095,-0.7872423975380112
wgsm_maize_0061.jpg,young,-0.4366129652761356,-1.2283529612773008,-2.0270952593847524,-1.092378958242027,-1.052754040717413,-1.106768912655224,-0.6287524426464175,1.3753783798952135,-0.4125383667832423,-1.42929949928318,-2.06333414662318,-0.9720059395607371,-1.2696925005065738,-1.2577825862537375,-0.7822507380691383,1.4908295758307186,-0.4887940925908826,-1.4078613897646615,-1.5300332123428053,-1.4123113143168124,-1.2229550277906305,-1.1319325249873637,-1.053310994762215,1.588271003922856,-1.4689820613673292,-1.468982061367329,-0.6161502148683013,-1.4191347741548856,2.4009738772030924,-0.0008164837894485803,-1.7195270324793444,-2.0360520408232587,-1.442755114082922,-1.764648311429178,-1.15124998448094,-2.1565177400797144,-1.9150259654593602,-1.6610166435537983,2.1469652652204174,-2.374884484837882,-0.6648944936170694,-0.6648944936170708
wgsm_maize_0062.jpg,young,-0.4368943820728546,-1.2053347149131668,-2.1018459578674062,-1.1090787071056267,-1.0580570174256092,-1.0138774003334536,-0.6982246500516733,1.424172339545774,-0.4122555944215163,-1.4186275586667207,-2.0521994949082134,-1.0615392711559852,-1.2845787787453897,-1.1885612283165696,-0.7910910744601888,1.496783865796353,-0.45407388429489676,-1.4584026787260795,-1.540696488809114,-1.4295322727981725,-1.1973305787550417,-1.1070932008119432,-1.0544929446172224,1.591051670336322,-1.4684258679771314,-1.4684258679771323,-0.6133032398028787,-1.3457121424536065,2.229307994696006,0.6458386774538086,-1.7467242326489174,-2.1290069718162505,-1.469217987213602,-1.871327587693757,-1.1328934865642264,-2.2465396977540233,-1.9567780436724362,-1.81157976240014,2.226019460441516,-2.4167472562573735,-0.7337151895725982,-0.7337151895725997
wgsm_maize_0063.jpg,young,-0.43422092220548736,-1.2377115093966715,-1.8994554326574373,-1.0161565552850351,-1.0147673872021008,-1.3014355073390305,-0.7603662557793281,1.4606490920597592,-0.3913304402537592,-1.4008238865798306,-2.0669067605469515,-0.8962067392352031,-1.1204512268511297,-1.2867785967519367,-0.8325455590119277,1.50288918308816,-0.4916182246899519,-1.3005812480101784,-1.4935195656569074,-1.3442347145328815,-1.1628930977595517,-1.1451826830816574,-1.0679310368396535,1.5738801783028182,-1.318068254826991,-1.3180682548269913,-0.5899891973728756,-1.3164544095179287,2.659137514703382,0.8613903978682277,-1.6065540471595876,-2.066441152878655,-1.2220306950151687,-2.025079299867803,-1.0405689259012514,-2.3829676233531933,-1.8564060476481945,-1.9490897265615739,2.274304011391895,-2.32963886320268,-0.5775486500068446,-0.5775486500068472
wgsm_maize_0064.jpg,young,-0.43576871488597857,-1.1007364030146751,-1.8287082891236364,-0.9168526972915675,-0.9806768016560088,-1.2501938981620255,-0.7632100203179946,1.4074322927161695,-0.41140727733633853,-1.4036971006075603,-1.9330528055928686,-0.8419242829938746,-0.9607390980652648,-1.242915550971275,-0.8426786671512185,1.465519202271562,-0.24027050734907224,-1.091978302768625,-1.4804866692187986,-1.3313189926270947,-1.147414747383883,-1.1302715329741968,-1.081474523025582,1.5442554781142759,-1.3541281262914822,-1.354128126291483,-0.5080424588904738,-1.0121401070645393,0.3972139083984245,-0.4319199246182867,-1.6217217164849536,-2.044502489095351,-1.2484935681459188,-1.9335069914067262,-1.0123565901769078,-2.286883986477627,-1.8490576818826874,-1.8554082394767877,2.1980714866061013,-2.3224503064942725,-0.15688669761200527,-0.1568866976120068
wgsm_maize_0065.jpg,young,-0.4405528004302017,-1.240405632801387,-1.9224232344122316,-1.0231346579213452,-1.0176353205110615,-1.3044610728219619,-0.7886564848039709,1.4866194358451237,-0.4123969806023793,-1.411803672738292,-2.053688083369347,-0.8894050698274565,-1.1745086018598434,-1.2890982672832902,-0.848971459814422,1.522129863741418,-0.4843087086380056,-1.3492488571586414,-1.4802712441245676,-1.3454904120863143,-1.1730391913913514,-1.1465416662951369,-1.0816401479525064,1.588833036555166,-1.3751707762206324,-1.3751707762206329,-0.5416032181516547,-1.3480837370174579,2.636408908195171,1.0769421182826469,-1.6938989015503199,-2.139895049397594,-1.3802065048648107,-2.05118808118038,-1.0802140334824426,-2.3649230882474623,-1.9749819497733423,-1.9324218521177634,2.299374987920722,-2.4062815634024974,-0.5538801566888056,-0.5538801566888044
wgsm_maize_0066.jpg,young,-0.43253242142517334,-1.1665298263829385,-2.0998968553592903,-1.0999534897361505,-1.0267802567051518,-0.988835966229379,-0.4857214213431069,1.2567330421908434,-0.4125383667832423,-1.3917424768368047,-2.031359248367101,-1.0536258037235402,-1.2623124346999544,-1.1685276293933684,-0.7463190758687368,1.450334684092577,-0.304893277210673,-1.4560005274615353,-1.5477335346720427,-1.4368870605749435,-1.2101428057868961,-1.1018459837319547,-1.0510223735339845,1.5847620867156094,-1.4779738545088603,-1.4779738545088632,-0.6113391875247433,-1.0560146064957914,-0.15745933969074438,2.154700720354742,-1.6076000933199535,-1.9031199891584427,-1.3994522307780326,-1.5624557785808582,-1.1331152429149005,-2.0133657663599434,-1.767724633523592,-1.480632086696541,2.0062058008440373,-2.3042674865847967,-0.7249760535782453,-0.7249760535782438
wgsm_maize_0067.jpg,young,-0.4405528004302017,-1.2941463846455639,-2.1758064746311194,-1.1679453105117754,-1.1243983825213844,-1.5045994542105685,-0.8824271179523492,1.6553794459189264,-0.4125383667832423,-1.4339684733845257,-2.1639032419178816,-1.1609480724440742,-1.3598301915264632,-1.4388230652639833,-0.9235914454198141,1.6669334591676015,-0.5500943643842728,-1.5553055184065505,-1.5786821736584218,-1.5082822835177043,-1.3021982712529987,-1.2796094970782401,-1.1281351968742575,1.7074346773228999,-1.783324025727456,-1.783324025727451,-0.6865576607802424,0.804017329955101,-0.5866181145909654,-1.509678526690382,-2.25248755118682,-2.7098127819018427,-1.9750197213715126,-2.4677791389791244,-1.5743857411570277,-2.7477923954130024,-2.7711105771404365,-2.306043302752809,2.8583897915002705,-3.0629773615284823,-0.9551521510961747,-0.9551521510961722
wgsm_maize_0068.jpg,young,-0.43548729808925957,-1.2539708032715964,-1.8748019175321475,-1.0340491375684648,-1.0288365186779693,-1.384027186377703,-0.8112802425970863,1.5101750319418747,-0.3930270732242155,-1.4179605609358334,-2.0664304109457485,-0.8280593947920474,-1.171733204795261,-1.335070110313198,-0.8756730608227846,1.5430308414787155,-0.49975836948849456,-1.283093578454071,-1.5057984888907945,-1.3710527717611773,-1.190072791278507,-1.2087532390039253,-1.085622641334876,1.6009821093212284,-1.4859459597683622,-1.4859459597683593,-0.5958458650364513,-1.3120742195581623,1.7816610016053949,1.939148999940323,-1.7937963098654421,-2.190922756271379,-1.469217987213602,-2.0800336320225714,-1.155586553116297,-2.40289890628978,-2.0199071859306255,-1.9910606393176746,2.362084044597807,-2.444972912744762,-0.5836478386695702,-0.5836478386695706
wgsm_maize_0069.jpg,young,-0.4405528004302017,-1.2941463846455639,-2.1758064746311194,-1.1679453105117754,-1.1243983825213844,-1.5045994542105685,-0.8824271179523492,1.6553794459189264,-0.4125383667832423,-1.4339684733845257,-2.1639032419178816,-1.1609480724440742,-1.3598301915264632,-1.4388230652639833,-0.9235914454198141,1.6669334591676015,-0.5500943643842728,-1.5553055184065505,-1.5786821736584218,-1.5082822835177043,-1.3021982712529987,-1.2796094970782401,-1.1281351968742575,1.7074346773228999,-1.783324025727456,-1.783324025727451,-0.6880717424773599,0.7877065673424899,-0.6138688500064946,-1.509678526690382,-2.251964528106636,-2.701199825009152,-1.969005432023618,-2.4679980805414936,-1.5717493045434883,-2.749839717527335,-2.758417945363671,-2.3091559781007485,2.8574650423660093,-3.0589602268973275,-0.9551521510961747,-0.9551521510961722
wgsm_maize_0070.jpg,young,-0.4405528004302017,-1.2612496729614322,-1.9734159351150788,-0.95222037947487,-1.0173106475679823,-1.3624619314745494,-0.8157565422320869,1.5144540991736541,-0.4125383667832423,-1.4323779437085224,-2.1048360166901783,-0.9703055310893275,-1.0863263205778915,-1.2809266752579669,-0.8812053934423034,1.5534231271253178,-0.48414258288868256,-1.3077396619098576,-1.4969662794110934,-1.3532936571854952,-1.174001966813942,-1.2052802608295916,-1.0856678125129462,1.599101492328863,-1.4502568838973364,-1.450256883897332,-0.6157014350156369,-1.3226495953173776,2.1510978241346717,1.508045559111485,-1.7122047093567834,-2.1814972562755868,-1.4283208196479351,-2.0674444921863206,-1.1415666238349431,-2.395673063533315,-2.0033733629582393,-1.9537587395834866,2.342601082068311,-2.425732952142877,-0.456111072751983,-0.4561110727519833
wgsm_maize_0071.jpg,young,-0.43802004925973065,-1.2513239389406494,-1.7858807375235004,-0.9840691751295161,-1.0002112426377592,-1.3490078021654706,-0.8034651445660038,1.4771246815153845,-0.3958547968414747,-1.4134455098231953,-2.1092422424160486,-0.8623292556949758,-0.9700114917319458,-1.2985878728015927,-0.8608156004704955,1.5121560391912452,-0.5005889982351102,-1.2299099191874816,-1.4692848373297027,-1.3223497487463933,-1.1582273693375804,-1.1901048696816434,-1.0784932988749383,1.5749922854263227,-1.402702349035424,-1.4027023490354211,-0.5893744574357,-1.258616542093388,2.3247850340174376,1.292493838697066,-1.6886686707484906,-2.0852921528702404,-1.4313279643218761,-2.0808546628814555,-1.0754339521457432,-2.3679739996335263,-1.9407452456386256,-1.9314177632958494,2.2941505505040896,-2.3349245666647263,-0.36530598781066026,-0.3653059878106583
wgsm_maize_0072.jpg,young,-0.4405528004302017,-1.2941463846455639,-2.1758064746311194,-1.1679453105117754,-1.1243983825213844,-1.5045994542105685,-0.8824271179523492,1.6553794459189264,-0.4125383667832423,-1.4339684733845257,-2.1639032419178816,-1.1609480724440742,-1.3598301915264632,-1.4388230652639833,-0.9235914454198141,1.6669334591676015,-0.5500943643842728,-1.5553055184065505,-1.5786821736584218,-1.5082822835177043,-1.3021982712529987,-1.2796094970782401,-1.1281351968742575,1.7074346773228999,-1.783324025727456,-1.783324025727451,-0.6848106434374144,0.8325248646103768,-0.557352538898715,-1.294126806275963,-2.2472573203849797,-2.695837040528779,-1.973215434567144,-2.4592404180467087,-1.5732276802146312,-2.736572267355047,-2.7661003277548666,-2.293040352508991,2.848834050446249,-3.0567402314432557,-0.9551521510961747,-0.9551521510961722
wgsm_maize_0073.jpg,young,-0.4405528004302017,-1.2941463846455639,-2.1758064746311194,-1.1679453105117754,-1.1243983825213844,-1.5045994542105685,-0.8824271179523492,1.6553794459189264,-0.4125383667832423,-1.4339684733845257,-2.1639032419178816,-1.1609480724440742,-1.3598301915264632,-1.4388230652639833,-0.9235914454198141,1.6669334591676015,-0.5500943643842728,-1.5553055184065505,-1.5786821736584218,-1.5082822835177043,-1.3021982712529987,-1.2796094970782401,-1.1281351968742575,1.7074346773228999,-1.783324025727456,-1.783324025727451,-0.6818989478660344,0.8387442503543546,-0.5028833930959418,-1.509678526690382,-2.250395458866084,-2.703149928456553,-1.9744182924367228,-2.4559562946111653,-1.5730798426475168,-2.7361507598609185,-2.7669353693191283,-2.2910823793062525,2.848399339314761,-3.0581145143433877,-0.9551521510961747,-0.9551521510961722
wgsm_maize_0074.jpg,young,-0.43548729808925957,-1.1908242378162635,-2.0736103161358845,-1.1134922126252134,-1.0697993334904623,-1.430826993052329,-0.8019063376730853,1.5431120434938035,-0.3996722246246866,-1.415446499532425,-2.027905721843637,-1.0410035060006477,-1.2930311593901644,-1.377140665188444,-0.8676597253746162,1.575399359214716,-0.4618817775948124,-1.406131836157187,-1.5453280137680019,-1.436617982527777,-1.2346563659057967,-1.222984887252811,-1.0866389703519583,1.6312489616875343,-1.5876366512761946,-1.5876366512761964,-0.5548783550838221,-1.4184329757635417,1.6861924133807482,-0.8630233654471249,-1.861266287209223,-2.28745287691794,-1.5516137512797927,-2.1443477159686393,-1.2279284026243027,-2.4265434695317727,-2.12896361422321,-2.0295674456381594,2.4288082513621045,-2.5372612951922853,-0.7269332559103139,-0.7269332559103137
wgsm_maize_0075.jpg,young,-0.40593853503084804,-1.1815129583976887,-2.0700808644959663,-1.093989290242607,-1.0521588033145866,-1.1647697713078193,-0.6879870816945508,1.4217796299716605,-0.41084173261288665,-1.3960522978783931,-2.0566057206340767,-0.9896640931123156,-1.270070966078589,-1.2849861058465208,-0.7981823475877545,1.503062287498553,-0.32599121353810945,-1.4253010194268145,-1.549349183877216,-1.428814737428596,-1.210735279875801,-1.1317437682060805,-1.0689925329458068,1.5998409040543484,-1.4721338239117834,-1.4721338239117876,-0.529683908288724,-1.4195703731564093,1.344886602371848,1.0769421182826469,-1.7163888939982468,-2.1246192390595784,-1.4523779770395326,-1.8562206198902544,-1.1607362283707847,-2.2337138268612966,-1.9505987360969124,-1.7694080318796566,2.2190087554664006,-2.4049072805023655,-0.7043116382582651,-0.7043116382582641
wgsm_maize_0076.jpg,young,-0.4404120920318422,-1.2245717283525241,-1.9366463909045324,-0.861385704360815,-1.0083280515192854,-1.3793278878247168,-0.8414663184612984,1.5109752253849733,-0.41027618788943476,-1.4264775914669259,-2.0801254296393243,-0.9463035350030062,-0.938788146279056,-1.3059159430637466,-0.8919088466143567,1.5415004981404496,-0.5067356368614967,-1.1998349623922642,-1.468171840177477,-1.3411851755107411,-1.1799266875904493,-1.2103009789986923,-1.0948222769808713,1.5898247650581339,-1.4770468655251974,-1.477046865525202,-0.5140820167740838,-1.24087798275356,3.02486130767884,0.2147352366249705,-1.7765365482194053,-2.2000232390259384,-1.5131222994532791,-2.118676817780807,-1.1564242993299438,-2.3904142557494414,-2.0810322284345903,-1.9674143475615429,2.3634830240573272,-2.452161469453157,-0.2870634108612198,-0.2870634108612213
wgsm_maize_0077.jpg,young,-0.42366779262706245,-1.2020261369062373,-1.8787001225483853,-1.0200332699734387,-1.0203950368533639,-1.3343949318875434,-0.7889408601136995,1.4770265594341652,-0.3778987533717502,-1.4197050139271163,-2.06666858574635,-0.7725343391912552,-1.1655516090174762,-1.303279944712522,-0.8493611949414335,1.5113692921898036,-0.4379597204471349,-1.2576788045060685,-1.49391449541235,-1.3565225815724133,-1.1684475272586223,-1.1747407217524122,-1.068578472672995,1.5731690675113001,-1.3255768655946614,-1.325576865594657,-0.5819260404059774,-1.2791380950540618,3.297858146591147,-0.8630233654471249,-1.5652352238250755,-2.0903299201093795,-1.2611235757764705,-2.026338213851432,-1.077577596868901,-2.3904543993203107,-1.8751109786876563,-1.9450733712739054,2.2909336881310653,-2.3339731400415578,-0.44928362275639483,-0.4492836227563934
wgsm_maize_0078.jpg,young,-0.43942713324332566,-1.0424109080943835,-1.7416308473844124,-1.0378065762036217,-1.021531388480288,-1.3602732237855262,-0.8001579472403479,1.4462256708375494,-0.38977519136432986,-1.413240279752151,-1.8550507281862392,-0.5969993209199225,-1.2102735341768944,-1.3194122697984216,-0.8617186474177465,1.482753377019995,-0.3411086228899714,-1.0029545080152393,-1.4996231190288178,-1.3540111986446055,-1.1879250777343644,-1.185461649697351,-1.0841094457150182,1.5551433655976266,-1.3960280283530502,-1.3960280283530506,-0.5126341137384227,-1.152112586220834,1.751850996637986,-0.6474716450327058,-1.6013238163577586,-2.0696913252909908,-1.262326433646047,-2.0134753970622192,-1.0468766620981333,-2.3422419707063327,-1.8183281523178625,-1.902550209665752,2.2475416133696346,-2.295493218837788,-0.20140167158324015,-0.20140167158323935
wgsm_maize_0079.jpg,young,-0.383284480208141,-1.1994738067678663,-1.8151172608391979,-1.058561978131271,-1.0352758470130834,-1.341733543106427,-0.7902468870466294,1.4740907677527662,-0.3342104243850153,-1.3154996691658891,-1.8551102678437705,-0.9891408877732629,-1.2521569632636655,-1.3120314758467322,-0.8550741400482096,1.5081866797981263,-0.22764497295822902,-1.2347622616105303,-1.5239296492205077,-1.3825334107487544,-1.1956272207775775,-1.1832344180958463,-1.0785610576865436,1.5806281573328596,-1.4086350785308672,-1.4086350785308628,-0.47905858758142233,-1.3080812287108614,1.0789964036631357,-0.4319199246182867,-1.7116816862766004,-2.1420076614656125,-1.4259151039087827,-2.0575373864890976,-1.0959587343801338,-2.3566936562192655,-1.9883426148015404,-1.9621930856875833,2.307476422643938,-2.3940187313705255,-0.7268422232437061,-0.726842223243706
wgsr_rice_0001.jpg,young,-0.4012951575864405,0.6004395190392281,0.11159635513472817,-0.9013457899463944,-0.9134696420453553,-0.6594348646350233,1.3985596552767432,-0.7737444393859431,-0.34127972922851774,1.4130283289109034,-0.45940891169313347,-0.8926751120770975,-1.028168889024741,-0.5563430126527561,1.5293337672294864,-0.994472591355064,-0.4789926959385131,1.2475743444110037,-0.5771238552035297,-1.1399152103196224,-0.7362386146366457,0.4594454808004623,1.81873703953414,-1.365221639793022,-1.183191357704023,-1.1831913577040227,-0.5313230650681642,-0.3126165105064735,-0.6268077950118357,0.2147352366249705,0.10163933272139358,0.3406365357021986,-0.5406117118987572,1.3513280042148639,-0.8251449510209707,0.9084238240026338,0.27879523216895885,1.4499517533893782,-0.5482200384997377,0.10157330120513286,-0.8976650221333222,-0.8976650221333226
wgsr_rice_0002.jpg,young,-0.40621995003635125,0.7692243495276319,-0.04822996469449801,-0.9657591023639331,-0.918502054293798,-0.6378051963841531,1.5187667405363234,-0.8573549469249403,-0.3415625021901949,1.5702856444241033,-0.6176757351973254,-0.9440799211925515,-1.0491737068587346,-0.5164339930336586,1.6028796759507207,-1.0506211393119556,-0.4768330668367363,1.4268230095500471,-0.7270560546417062,-1.1705900468010917,-0.7318690930903707,0.6570652602680003,1.886680117815156,-1.4428809970182075,-1.1777221227004113,-1.1777221227004113,-0.5920957133085616,-0.33328326313432194,-0.7596641988495219,0.4302869570393896,0.14191210989560105,0.34112406156404923,-0.6530789227043574,1.4293806711996273,-0.8557966066027005,0.9554118737050976,0.2956630717670486,1.5308311079947354,-0.5829811213414081,0.13011609990024375,-0.9455937211023512,-0.9455937211023526
wgsr_rice_0003.jpg,young,-0.3986216995103014,0.568582738026615,0.09621423493502389,-0.8666341746475218,-0.8843573676120751,-0.6487488047582685,1.4360236510195754,-0.8031490560139797,-0.3469351788628314,1.219445416226815,-0.30221386670641043,-0.8408778723157614,-0.9978286384716332,-0.5304047613873695,1.544248180767612,-1.0100685461036816,-0.48048782204301693,1.1726751135033204,-0.5373430481766011,-1.1204519530471546,-0.7080220612933591,0.57990486708499,1.8280343123114804,-1.3913888427811025,-1.1401790688620592,-1.1401790688620619,-0.5703805696332246,-0.29507155072287844,-0.7194024519710935,0.2147352366249705,0.1518495484190769,0.3035845702014953,-0.4467887980715906,1.351601681167825,-0.8215722098157034,0.8977456341514098,0.21215891534087772,1.4444794693099343,-0.536127165205568,0.031379159229023845,-0.8782295478125479,-0.8782295478125461
wgsr_rice_0004.jpg,young,-0.39819957341961015,0.9301157369906489,-0.26252580481841037,-0.9358784911653902,-0.8647146949682633,-0.5807699872563923,1.6461676115429569,-0.9620370402265083,-0.3432591399602416,1.7321604902314816,-0.8455489137477398,-0.903400786005643,-0.9882408782410014,-0.4285497232450304,1.7097525382751775,-1.1503182411567205,-0.4796571932964013,1.649214161096241,-0.900935677445265,-1.1176714738035893,-0.6863227631529887,0.8820161031006531,1.9503701131683335,-1.5311356658741786,-1.1036557029057368,-1.1036557029057397,-0.5615511820166159,-0.3094705177176909,-0.6652527240702136,-1.9407819675192202,0.19735255639505264,0.44399201841468394,-0.6374417703998647,1.4416961340829169,-0.8301221491138223,0.9573387651068228,0.4062225748753013,1.528672317027614,-0.6099490191712813,0.20041595594560585,-0.9105461444583319,-0.910546144458332
wgsr_rice_0005.jpg,young,-0.39805886472271307,0.87264089898015,-0.22791609159337128,-0.8966340780964979,-0.8614679802328972,-0.5639040221651094,1.732281054760725,-1.026929842518172,-0.343117753479403,1.5906545443530273,-0.716160732262297,-0.8610212601083903,-0.9920885901437393,-0.4296041684010809,1.7513685631476905,-1.1817916334778138,-0.47666694108743257,1.4918731488907486,-0.7870504320746151,-1.105383606764058,-0.6781022203663704,0.9979454906637897,2.0003731475192406,-1.5877590584628545,-1.1485219697150264,-1.1485219697150224,-0.5465320478454383,-0.2869161694165729,-0.6378408564928219,-0.21636820420386765,0.22559580272499144,0.41994074256336134,-0.7156275319224685,1.4340879147905703,-0.8468524337922746,0.9595265897191971,0.3008403294654802,1.5682836210522102,-0.6044163320432299,0.20834451113868752,-0.8776833518129008,-0.8776833518129002
wgsr_rice_0006.jpg,young,-0.3973553212382276,0.8136064313101066,-0.16306905930490243,-0.8861967431553412,-0.8534593956657309,-0.5153016906894949,1.8259148662578708,-1.1020640714474637,-0.3390175503347071,1.5640774382584939,-0.6747184139806807,-0.8699157153502398,-0.9814285150749449,-0.36201705155521585,1.856540027135836,-1.272625789510412,-0.4784943186905632,1.4917291074922514,-0.7762435689425151,-1.1074465445485127,-0.6751398499218633,1.2110050253417795,2.0709439150494826,-1.6756065526139294,-1.1565867738728945,-1.1565867738728954,-0.5272887821886169,-0.30068593785362885,-0.607766989180764,-1.9407819675192202,0.19159930251304017,0.46820580288664204,-0.5225688438550419,1.4562010125898976,-0.8160529406434305,0.9814851229846819,0.3561200810196059,1.5939380904521703,-0.6348619189250206,0.17758171698951689,-0.8973919241334987,-0.8973919241334997
wgsr_rice_0007.jpg,young,-0.3941190307627911,1.0588192764129878,-0.42751467191604847,-0.9146459445317776,-0.8579506936900761,-0.49669764036830927,1.9356315860382818,-1.1800816203569664,-0.3425522075560486,1.810814786071499,-0.9396874187899751,-0.9057552100313994,-0.9908270553672105,-0.3267474302682798,1.9367400257769571,-1.3357246049825966,-0.46238015484278183,1.6623780836295663,-0.9145071268685618,-1.1356099859231064,-0.6694372717318188,1.4095309029712093,2.159914002939711,-1.7709994345049298,-1.157977257348389,-1.157977257348387,-0.5699994449879034,-0.31535110423826135,-0.6964365268166521,-0.0008164837894485803,0.08176445567438127,0.3926392942996843,-0.8990633570332844,1.4508916797024398,-0.8580141701094186,1.0012357598523554,0.2008023500669229,1.5935364549234046,-0.6067163491207491,0.12409039795349888,-0.9181928884533906,-0.9181928884533908
wgsr_rice_0008.jpg,young,-0.3989031121274973,0.5897576783462731,0.105064315966576,-0.9068924989577775,-0.8661757121905591,-0.521159712729083,1.9099113809981751,-1.1597640529404492,-0.3359070573554716,1.4135928126258925,-0.48090411872281064,-0.8976455450370749,-0.9969455435718512,-0.35300192344936265,1.9123005571907539,-1.313842702253067,-0.4716831742471625,1.4017925808481526,-0.701600597114384,-1.150319537118534,-0.6912106643301789,1.3524910066981024,2.138119439046266,-1.7456920218628706,-1.2063660822955982,-1.2063660822956037,-0.5595894130869536,-0.3064697245960829,-0.695881234876238,-0.4319199246182867,0.28678950310651635,0.39507692360893615,-0.27417869378703225,1.481762439996552,-0.8483554490579408,0.9759051666338555,0.4382881709429421,1.5844494510850635,-0.6302539809312302,0.18720169729046549,-0.8837370241423224,-0.883737024142325
wgsr_rice_0009.jpg,young,-0.39819957341961015,0.9846126147610533,-0.32452833170187323,-0.8792782785456548,-0.8745630855318386,-0.5599128246395972,1.8610512292100634,-1.1240722770762175,-0.34241082107521,1.8007071388873788,-0.9192638609140312,-0.869523320226481,-0.995684008795315,-0.3594338556390273,1.8777947846780734,-1.291000446359787,-0.4751718093435244,1.6994192686541774,-0.9026231187645326,-1.1296005701135765,-0.7064668419506285,1.2150819749822268,2.1003195495395657,-1.6994750022753955,-1.2003406539017887,-1.2003406539017853,-0.5582657464166708,-0.30709892315383946,-0.6811585670011648,0.2147352366249705,0.22298068732407716,0.42936624255915407,-0.5580531510076144,1.467476503051934,-0.8449305454197877,0.9872256536189854,0.3450975323713361,1.5848510866138292,-0.6261202732627004,0.18381884707474358,-0.8743151431484106,-0.8743151431484116
wgsr_rice_0010.jpg,young,-0.4050942828494654,0.9178738558850187,-0.22359657268310545,-0.922578336580014,-0.8922577205171863,-0.6546068267978565,1.5393472980553904,-0.8779291009602607,-0.33859339569179814,1.7049161251484215,-0.7846359308381822,-0.9030083908818766,-1.0232488622838405,-0.5147996374034484,1.6434596288707173,-1.0880056709340642,-0.4834780798913901,1.5702314609189232,-0.8135470751392947,-1.1469112273668487,-0.7374235628144468,0.7010061002390802,1.906811080418159,-1.4690426195404354,-1.1779075204971439,-1.1779075204971436,-0.5353876809016931,-0.31777109869117104,-0.6026136145086536,-0.4319199246182867,0.1560337330605403,0.3710256477575951,-0.5887260266818817,1.3728937481082686,-0.8514600379673436,0.9320081718883224,0.236542129017327,1.5022145765701227,-0.561300891638202,0.11795898193751289,-0.9049476354619496,-0.9049476354619508
wgsr_rice_0011.jpg,young,-0.4034057832632986,0.4741464843988272,0.28706825583165685,-0.9022404251345111,-0.8983182674258887,-0.6970291831299363,1.3134572632506936,-0.7152143555801832,-0.3438246810840056,1.3445842325886932,-0.3561603539342965,-0.8680844966635438,-1.0311335402880524,-0.5864988727339956,1.4885446503656394,-0.9645069635360972,-0.4866344634891057,1.2370528508953762,-0.5458880550735575,-1.1364172139750717,-0.7399415676360261,0.3545767567338071,1.758005778834061,-1.306448173432236,-1.172716382188631,-1.1727163821886308,-0.541369220474096,-0.3024041339151947,-0.644339388065353,-0.21636820420386765,0.1691093100651133,0.33884894087541384,-0.36920446548377506,1.3386293935974287,-0.8238144129169405,0.8617569228671214,0.295496063454197,1.424949941723662,-0.5284209224200687,0.10083330272044629,-0.8780019661460283,-0.8780019661460271
wgsr_rice_0012.jpg,young,-0.40481286784396225,0.35309979419521464,0.37224914127440706,-0.9303317821540072,-0.9229933670135524,-0.7303748255309835,1.200201406644373,-0.6159510148601698,-0.3459454734969612,1.1474612579337025,-0.16615685548602463,-0.9096138360861495,-1.0608430234528956,-0.6264078923530992,1.4142384158390342,-0.8898392541785453,-0.4876312123456206,1.0467063178910598,-0.45878666022552117,-1.15731555416576,-0.7696392458640624,0.2136191139327779,1.6942783609569678,-1.2240298746487963,-1.1928320431341184,-1.1928320431341197,-0.5708534465079751,-0.33538865830835335,-0.7146811892694043,-0.4319199246182867,0.21095115647986987,0.2525568633277108,-0.2561358257433869,1.3052955407266569,-0.8653321296815832,0.8233194537598074,0.2761230991633267,1.3819247357045519,-0.4845388096558673,0.08952189731164271,-0.9221983257841357,-0.9221983257841382
wgsr_rice_0013.jpg,young,-0.4049535765408593,0.5275563039933087,0.19166756856042227,-0.9330753095477937,-0.9313266171760903,-0.7511675835411925,1.045921731468103,-0.5034270258162437,-0.3479248842287015,1.3355027775610087,-0.374857035355233,-0.9077826173994459,-1.0657630501937962,-0.6680039554985354,1.2994946449166032,-0.797720613245633,-0.4876312123456206,1.1616732732370476,-0.5424772130004464,-1.143772001751853,-0.7827477300528677,0.06715016678879614,1.5681484919061812,-1.1059324688313248,-1.1830059599072904,-1.1830059599072904,-0.5628871536891458,-0.3313230676274651,-0.6948984172048878,0.4302869570393896,0.04619888622188115,0.1526140616481782,-0.49670739965914995,1.2179378573411925,-0.8557473274136626,0.7399211852789258,0.20764969089387422,1.310232793819727,-0.4078004391897959,-0.03511499032366512,-0.9278878674471259,-0.927887867447127
wgsr_rice_0014.jpg,young,-0.39130486160146394,0.16257297868212195,0.6352199692774796,-0.7957198962010467,-0.8654722725164834,-0.6643916417563631,1.1075367251506598,-0.5903201629814834,-0.33859339569179814,0.428490478079508,0.7314625040326362,-0.8032071944700214,-0.9580267743134709,-0.5787489986381665,1.3605310298048352,-0.8871328043534304,-0.46337690933870124,0.32913528298523015,0.17275227456992337,-1.0872657458169346,-0.7464587423889313,0.0941790060657033,1.5850195077929583,-1.145006093522622,-1.1344317371633486,-1.1344317371633523,-0.5067313422918174,-0.29511995061193663,-0.5886836937134802,-0.21636820420386765,0.06136655554724722,0.2935090357232355,-0.6596946409870275,1.2211125099955515,-0.8095727272849155,0.7979687887558731,0.23520606251451123,1.3281055748498405,-0.46043210145507274,0.037722003383491645,-0.8710379671505284,-0.871037967150531
wgsr_rice_0015.jpg,young,-0.38961636201529715,0.7702169344821387,0.01371991583480105,-0.912260277692104,-0.8731020683095426,-0.6486844001516747,1.25485455408013,-0.6899912088197178,-0.34241082107521,1.6377548247567182,-0.6244637089291911,-0.8892088811461062,-0.9910162753055839,-0.5387872338534867,1.424875377160503,-0.9337480659408037,-0.47317830599107064,1.3090693750322135,-0.574538832075876,-1.1358790457016819,-0.74120057004682,0.0699059419822907,1.58115007115925,-1.132942720767869,-1.1069928632469235,-1.1069928632469195,-0.5676527052736569,-0.30344473152994583,-0.6895880603564831,-0.0008164837894485803,0.1413890868154182,0.2876587253810122,-0.5779003058556947,1.3107690797858982,-0.834236961398508,0.8422672192100977,0.2736179744705468,1.4071775695757462,-0.50503346354592,0.11605612869117611,-0.8957533361345575,-0.8957533361345564
wgsr_rice_0016.jpg,young,-0.39946594691508575,0.3712969796513407,0.3878420757879458,-0.8684830830503784,-0.8719115935038896,-0.6720520837034485,1.2183805574038946,-0.6561936613683274,-0.3465110194203156,1.10436297088221,-0.05105909735472114,-0.880706803266965,-0.987799330791103,-0.5770092672156993,1.4151033236163304,-0.9166649185185411,-0.46902516789743554,0.9320274453420675,-0.3126243511844322,-1.1191962433146545,-0.7255740810364268,0.2533319332266469,1.6492287079534724,-1.2118979418849958,-1.133319350382953,-1.1333193503829484,-0.539961176645548,-0.30705052326478127,-0.6091190929470587,-0.21636820420386765,0.21775045652224753,0.2806708546944904,-0.16291434085100837,1.245086611075023,-0.8096220064739535,0.7764116911990798,0.2761230991633267,1.30732093623617,-0.4670634221699797,0.1011504449281688,-0.8954347218014301,-0.8954347218014298
wgsr_rice_0017.jpg,young,-0.39876240820719855,1.0787180067373334,-0.3388569525753937,-0.8907891627548047,-0.9187185029225113,-0.7247743519887484,1.1413354543788086,-0.5943352975562927,-0.349904290160835,1.7859306852422279,-0.7745134775569807,-0.902485185542824,-1.0380720500796934,-0.6257225488172227,1.3858542408362644,-0.8876450930578135,-0.4726799287431012,1.5550979288278575,-0.7423867862503132,-1.1739983565527874,-0.7913385842294297,0.1330989074532372,1.5961313804362613,-1.1502062904879442,-1.2194366269652468,-1.2194366269652468,-0.5491256298111092,-0.30271873319407294,-0.6668292916106925,-0.4319199246182867,-0.14418151496507045,0.10938676856403688,-0.9261276590987525,1.2143253215620955,-0.9037206179423041,0.8082254711129677,0.06569262496938894,1.335837058778597,-0.40150107970257215,-0.0882891671519602,-0.9005325511314692,-0.9005325511314689
wgsr_rice_0018.jpg,young,-0.39721461254133056,0.2601287996938417,0.5205916889809099,-0.9005704470087109,-0.9139566477861205,-0.7111914134664895,1.1035975979474357,-0.5608174242722276,-0.35004567664167363,0.8527514890009492,0.25731700209386454,-0.9058206062585136,-1.0440013526063163,-0.6289384576426071,1.348762831892889,-0.8517909047739696,-0.47367668323904,0.7233285768793414,-0.16211773683037972,-1.177675750441173,-0.7851916806414628,0.05831669388648357,1.5524066941361654,-1.099155790262611,-1.2002479550034224,-1.200247955003419,-0.5708959522944694,-0.32662827838882036,-0.7159557554070121,-0.21636820420386765,0.15655675614072315,0.2548319840163646,-0.15569719363355028,1.2474402328704914,-0.8401011848940503,0.7767127679806013,0.24138537009003477,1.3177634599841008,-0.4515007636626465,0.04554484450733217,-0.9217431624510966,-0.9217431624510944
wgsr_rice_0019.jpg,young,-0.39158627899524173,1.095119174103829,-0.23834647883850402,-0.9157195099969507,-0.9135778590120073,-0.6351658662360096,1.3171119121718375,-0.7457665283131738,-0.33166547252952744,1.927436408180832,-0.8245896606586647,-0.9049704020228164,-1.0282319623375369,-0.54184502172102,1.4807784889559763,-0.9868153553926841,-0.462546280592105,1.6584384470027735,-0.7702477037417501,-1.1557907846546844,-0.7660844013306504,0.1483121381232238,1.640224796360116,-1.197449717187615,-1.1977450847475322,-1.1977450847475342,-0.5655893454494326,-0.33224266551957077,-0.6917390458687085,-0.0008164837894485803,0.07653422487255218,0.2707578288368286,-0.6103774683343266,1.3299812018838284,-0.8404461392173166,0.8458600688028953,0.229694788190376,1.4319283590359837,-0.5015557744940025,0.0456505585765733,-0.9216976461177926,-0.9216976461177907
wgsr_rice_0020.jpg,young,-0.3932747785814249,0.5128094448843353,0.3948483899379246,-0.8637117169766786,-0.8761323197207865,-0.5974428084569159,1.427092058109207,-0.8384483435533345,-0.3327965595766294,1.3246770411012214,-0.15466482837689072,-0.837346262918721,-0.9928455041575884,-0.48211326930214854,1.5493812886439868,-1.054944233804575,-0.4685267962888706,1.0506937595616996,-0.3018533694837986,-1.1264613444985703,-0.7312025647684817,0.2563518776977903,1.6643382482564888,-1.238862354280607,-1.152415323446411,-1.1524153234464098,-0.5391706958996966,-0.29555554961346037,-0.6466812207010654,-0.4319199246182867,0.214089294960967,0.3698880874132774,-0.2525272521345874,1.370375920141017,-0.804595529192061,0.9060152097504788,0.31837620231497854,1.4514578866222552,-0.5731329382534771,0.20189595291497858,-0.8668504644865676,-0.8668504644865682
wgsr_rice_0021.jpg,young,-0.4043907417532874,0.5160708247886673,0.051384948778680765,-0.8995565357673477,-0.8859266164964321,-0.7077152430066913,1.1587667970416122,-0.5780554275460951,-0.3479248842287015,1.2466897813098747,-0.4314233968783259,-0.8943101243213851,-1.0059025706745741,-0.6176563755362495,1.4040291997392313,-0.8729658390564121,-0.4901230985854482,1.1888175616508359,-0.6470634733947205,-1.1162363908853794,-0.7383863080682901,0.2833051814563158,1.7160127347769814,-1.2430190041314715,-1.1233078693593925,-1.123307869359398,-0.5407451810744274,-0.3223690881516994,-0.5773858022397614,-0.21636820420386765,0.08908677879700344,0.20201668231579503,-0.6278189074432537,1.241364604514741,-0.8500555810797563,0.808125112185795,0.1633924879879988,1.3795149225319516,-0.45263101260452043,-1.7919335604195498e-05,-0.9500543217661355,-0.9500543217661331
wgsr_rice_0022.jpg,young,-0.3935561959752027,0.8826612217466631,-0.05881829100211617,-0.9031350603226277,-0.8857101678677126,-0.5978934309160439,1.4332746096025841,-0.8305461053546117,-0.3387347821726202,1.8102503023565093,-0.7564122573932435,-0.8761941616578606,-1.0046410016376897,-0.4722545621636722,1.5748662465166718,-1.065070089184746,-0.4673639160436281,1.4519014520514388,-0.6504384340363695,-1.128075800602501,-0.7403858930339486,0.23453252874901637,1.6643081532197732,-1.2269655982920278,-1.1526007212431437,-1.1526007212431422,-0.530851959267851,-0.29916134134829575,-0.6357499237295159,-0.21636820420386765,0.07914934027346672,0.34274914777021687,-0.6494703490956284,1.3179394159535005,-0.8173588391529416,0.8996925973385697,0.24806570260413413,1.4659669700989448,-0.5419127751737588,0.10231329968983141,-0.9224714237839593,-0.9224714237839611
wgsr_rice_0023.jpg,young,-0.39651107383344336,0.6913309730984529,0.16195694193579074,-0.8050836818742099,-0.8229401831026752,-0.5508361107085645,1.461143595900775,-0.8781174743675211,-0.33307933253830657,1.6168727172796515,-0.5393163713340985,-0.7536335862802133,-0.9397342802312786,-0.42470121604936384,1.5823092446765945,-1.0975826097201167,-0.45806089663922805,1.1970329315009192,-0.40924009760074,-1.0399081069484377,-0.6748435927649123,0.34461082515848473,1.6752616998003553,-1.2711589017984866,-1.0066926552145858,-1.006692655214585,-0.5169454827864265,-0.2147277348862778,-0.6131962909166084,-0.21636820420386765,0.2580232336963942,0.44919229427444013,-0.5291845621377818,1.325985518370585,-0.747283832340689,0.9074001629454674,0.3128649279908429,1.4502529800359527,-0.5886402698895297,0.23604159727987112,-0.8379020765052737,-0.8379020765052763
wgsr_rice_0024.jpg,young,-0.39440044338000335,0.91896111943751,-0.25504544458379663,-0.7863561105278767,-0.8021611735273486,-0.5870142271485221,1.3036726016179987,-0.7430191100390362,-0.34340052644108016,1.6392940015214463,-0.7211624515862936,-0.7794668010532304,-0.9117279135532106,-0.4878069982514589,1.5010161744300117,-1.0081633940855206,-0.4671977902943049,1.4356147537497757,-0.6779044217723637,-1.0168571423804393,-0.6252980928962044,0.41833595154125874,1.7381386057702697,-1.3208047190477508,-0.9636803663726221,-0.9636803663726243,-0.5051235609176659,-0.272662402088935,-0.48424014180318814,-0.21636820420386765,0.2888815954273092,0.4500048373775236,-0.6897660877265065,1.2589894002854887,-0.7332885426538543,0.8661125003064355,0.285141548057354,1.4427223138715786,-0.5621940254174446,0.22399019338638096,-0.8466867288329305,-0.8466867288329306
wgsr_rice_0025.jpg,young,-0.3989031121274973,1.0698794207447162,-0.3236855322409253,-0.8332943473413189,-0.8505373318303273,-0.6276341635731122,1.266566675064194,-0.713003198092174,-0.34340052644108016,1.684803606053713,-0.6864485997199458,-0.8041227771717827,-0.9696960909076394,-0.5222331550446795,1.4774609439381896,-0.9868223799194827,-0.47052029964132436,1.5429429223509816,-0.7049395983214528,-1.1057423774936024,-0.6812126992768459,0.37243233629769074,1.6958142546133472,-1.2799652755187734,-1.0516516209222417,-1.0516516209222448,-0.5393318636734878,-0.2303366991075451,-0.6461131184470015,0.8613903978682277,0.12046816360803991,0.3419366046671327,-0.654883209508722,1.2600841080973408,-0.7953310416528877,0.8413238452946696,0.1869406601001686,1.4011530366442488,-0.5036344840863985,0.08328476722641603,-0.7945705271999408,-0.7945705271999433
wgsr_rice_0026.jpg,young,-0.4057978263339509,0.9725600908513806,-0.2335000385922541,-0.8595367959579584,-0.8682319815110843,-0.6477188205558396,1.1775987467418674,-0.6381176850265077,-0.349904290160835,1.7058910411380102,-0.7386087031762344,-0.8207345200452482,-0.9885562448049522,-0.5648836633461723,1.4146661610607,-0.9256287164654593,-0.4716831742471625,1.5071989449354652,-0.7069143251017724,-1.1278067408239254,-0.7012826836164874,0.26952655153287525,1.6550407137831777,-1.225698433938758,-1.0675031325428792,-1.0675031325428816,-0.5412162868747405,-0.2683306120182267,-0.6451306168259692,0.2147352366249705,0.0676428325094423,0.2795332943501543,-0.8425290371630552,1.212956936797282,-0.8224099560293532,0.8145882270957433,0.1179662268921599,1.3896562196333084,-0.46421804021841023,0.05622196550069029,-0.8307104958432542,-0.8307104958432557
wgsr_rice_0027.jpg,young,-0.3886314011370175,1.047097614154812,-0.2592597852343343,-0.855182928465002,-0.7808410203371184,-0.44049927155220303,1.6735941370896739,-1.0397077511911668,-0.33223101365329144,1.8864930577758972,-0.8641860878520792,-0.8350572528811369,-0.8834691851032767,-0.2923212734750591,1.7369484770345256,-1.2291575159288082,-0.447927242848808,1.6023243020159483,-0.7512548820366699,-1.0173952619375906,-0.5861207890207449,0.8385283122105167,1.8218234818213004,-1.4602015672109212,-0.9068559416740796,-0.9068559416740809,-0.5518082864297368,-0.2742353984833263,-0.6499110919638129,-0.0008164837894485803,0.5551003432409684,0.592037371796899,-0.3036487115917233,1.4496875011094033,-0.7081807958389165,0.9513774448327388,0.5131078951007897,1.5501598178166236,-0.6873592159314732,0.3883755710563621,-0.889107951472185,-0.8891079514721872
wgsr_rice_0028.jpg,young,-0.3901791920262872,0.6978535275305479,0.1543186426386986,-0.874506912471955,-0.8644441231608148,-0.5726588529211948,1.513879718516745,-0.8990615538962079,-0.3383106227301209,1.5895770760297452,-0.5034711042699497,-0.8270783803410486,-0.9810500409378425,-0.43229285464844014,1.6356078853734435,-1.1244158003388254,-0.4537416327962699,1.2207181387942159,-0.4542269103175521,-1.1174024140250138,-0.7143911678053014,0.25367163802267784,1.6652565394202707,-1.237503510845471,-1.1102373246897441,-1.1102373246897441,-0.5282945277804367,-0.2768005926034105,-0.6397459338883916,0.2147352366249705,0.2972499647102359,0.39247678567906724,-0.4449845112672263,1.3892048945048077,-0.7874956505958235,0.909286910776323,0.3878516604615428,1.4729453874112592,-0.5906952679656625,0.22293305269397187,-0.8318028878425483,-0.8318028878425476
wgsr_rice_0029.jpg,young,-0.3891942359246059,1.0076310151576178,-0.14415734440453104,-0.78814538090411,-0.8003754760142782,-0.5095724778630791,1.6020575514301518,-0.99626485562763,-0.3394417097772228,1.759609959981916,-0.6563195278702011,-0.7357792440472766,-0.9072494000018527,-0.3495751485005509,1.69928674112893,-1.2079394309817455,-0.4502530033393124,1.468284177952102,-0.5630498317303991,-1.0321945240839872,-0.6352960579495288,0.6643132254163548,1.7589769325840738,-1.3951042372248987,-1.0020577102962707,-1.0020577102962689,-0.5153054678575167,-0.20601575485580303,-0.5596209085476802,0.2147352366249705,0.374657380577431,0.5738364062877812,-0.4720488133327643,1.4370983612731523,-0.7161147452740596,0.9614334093354879,0.43661808781442174,1.5668778967015302,-0.6723814414919627,0.28456435506155336,-0.7845114175397742,-0.7845114175397763
wgsr_rice_0030.jpg,young,-0.3935561959752027,1.2431543991454874,-0.45474943206338847,-0.8124792830912698,-0.8053537797793886,-0.5144005157002459,1.560580654515191,-0.955078243215123,-0.330251607721158,1.914199131300409,-0.8688305045490147,-0.7850258355793825,-0.913620215718011,-0.36902889421904633,1.6503512999527334,-1.158415513547841,-0.4568980163939662,1.654547032931134,-0.7563172059944767,-1.0276202155507814,-0.6292232085945462,0.5518945581571606,1.7269513646871915,-1.3455385395210915,-0.9394859538990176,-0.9394859538990159,-0.49725051384626134,-0.26733841429253374,-0.48513012988526094,-0.0008164837894485803,0.5179657045478586,0.5718863028403602,-0.35837874465758773,1.3947879043452271,-0.7346929995414415,0.9334533404396147,0.40555454162389337,1.5294755880851452,-0.6510173653389305,0.3583527753918781,-0.8899727618049595,-0.8899727618049599
wgsr_rice_0031.jpg,young,-0.3990438208243944,0.7908718613309048,-0.018835445092022528,-0.7282052120327811,-0.8076805915165567,-0.56898953857063,1.2597309585061678,-0.7333737619268899,-0.35131815016961415,1.5564326076618504,-0.5589061799589696,-0.6773111450934957,-0.9112863661033195,-0.482007836240438,1.4813678158025125,-1.0129696756715003,-0.46935741939608183,1.3264610169893265,-0.5030913357289565,-1.0135384948634847,-0.6207804226589471,0.3773397665669678,1.6709479034071424,-1.2787842097815167,-0.8856278939481966,-0.8856278939481989,-0.49881676484655624,-0.13866730923132722,-0.5582313285698686,-0.4319199246182867,0.46357130420871184,0.4985949149420379,-0.4449845112672263,1.2949505519046962,-0.7030803997734668,0.8163144006431226,0.3997092506740539,1.4036130542579448,-0.5656163875980815,0.23287017520264341,-0.7267967069104022,-0.7267967069104022
wgsr_rice_0032.jpg,young,-0.40621995003635125,0.6143829450130838,0.15258016846544056,-0.7317837203908815,-0.7703974070661258,-0.5536685847474749,1.1871412174046834,-0.683892947707795,-0.34241082107521,1.304359194399282,-0.2592234526470628,-0.729500779978598,-0.8717998685091155,-0.48369487976677655,1.4275748476807024,-0.9719770460344861,-0.4708525511399706,1.1572532898596095,-0.40008471635333126,-0.9599024047649862,-0.588860996766291,0.31475075718437684,1.6231203476668141,-1.2349580212072258,-0.8467870555327165,-0.8467870555327132,-0.5246397505789758,-0.10004419776288909,-0.5541959354786149,-0.4319199246182867,0.47507781197279714,0.48299408736280747,-0.21523865817765017,1.241419339905327,-0.6672544293427332,0.7496961447855908,0.34476351574563213,1.3225328818882052,-0.5302625168498345,0.23350445961808886,-0.8055399635261857,-0.8055399635261865
wgsr_rice_0033.jpg,young,-0.3942597394596882,1.0507841235554882,-0.36972648568312305,-0.7867139710819965,-0.8173125481468151,-0.5786456142449634,1.2769094926055533,-0.7272901928912993,-0.34622824645863837,1.721334530831838,-0.7920788731438514,-0.7686103169093909,-0.9305249941377418,-0.4912338304697246,1.4835731241141354,-0.9962984665707838,-0.4671977902943049,1.5378023144697448,-0.7323697046259847,-1.0344368350541626,-0.6488488675362566,0.426905173151242,1.7013776492701853,-1.2946602365277848,-0.9757312231602412,-0.97573122316024,-0.5030567170493747,-0.20221636356473485,-0.6158604914417862,-0.21636820420386765,0.20101371795639403,0.3817512167183404,-0.7709589939231214,1.2183757404659308,-0.7821981377742216,0.826149575506091,0.16706667087074278,1.3955803436826137,-0.49791210482824233,0.11341327696014077,-0.8312111755095973,-0.8312111755095978
wgsr_rice_0034.jpg,young,-0.4022801160764293,0.9735999124165955,-0.27411509854665306,-0.8573896650276123,-0.8370093292739529,-0.5879798067443572,1.274760894409427,-0.7139088596546571,-0.3441074540456663,1.6956295654533562,-0.753851890414641,-0.8401584782953506,-0.9549359764245824,-0.5121109511560952,1.4585636589984816,-0.9648898002466205,-0.4715170541372632,1.4463283024634033,-0.6871675253172772,-1.0999123592279072,-0.6491450844682106,0.3696010255858143,1.7076638482001396,-1.2826885428548978,-0.9786048890095965,-0.9786048890096,-0.5613173936073477,-0.29596694867045503,-0.6559149438707603,-0.0008164837894485803,0.41126899619035795,0.4048274408459624,-0.5971460317689866,1.251107504040187,-0.7751265741472473,0.8350614482390667,0.3287307177118209,1.4175196844414855,-0.5310687084027782,0.1798017124435886,-0.8820529198100773,-0.8820529198100783
wgsr_rice_0035.jpg,young,-0.4028429484757102,0.9954363706626899,-0.2827017189102129,-0.8208291575230625,-0.8332755794070096,-0.6106394591976413,1.2343373359983862,-0.6896590629512057,-0.34707656534367,1.6449892230787628,-0.6851981698889501,-0.7907156625597709,-0.9472405183587438,-0.5334098040893206,1.4418049349507176,-0.9566334724987036,-0.4758363123408169,1.4810155587786233,-0.6861981026428484,-1.0719283153971375,-0.6636606795337783,0.3515943749851583,1.6917563968802025,-1.272649284785865,-0.991953530374344,-0.9919535303743414,-0.5148343620572037,-0.23048189877471967,-0.6055177741550389,0.4302869570393896,0.29620391854986966,0.3845138632688257,-0.5935374581602574,1.2571283970053508,-0.8010227879867938,0.8240018944645858,0.20798370751957818,1.4264058705154432,-0.5109771502891984,0.16235889101879947,-0.8431364548352247,-0.8431364548352269
wgsr_rice_0036.jpg,young,-0.3727313518238505,1.3539443781524891,-0.48061458586238887,-0.6761377809858858,-0.7559494721207414,-0.3139402336544458,1.9543478405813464,-1.299994674362009,-0.3244547716060058,2.1432355004393404,-1.063835722321283,-0.6261025601815229,-0.817616329744643,-0.11497118070263453,1.9793063752979914,-1.4803480714715875,-0.4291550782907042,1.9268069866831163,-0.8144805383791429,-0.9795450352231747,-0.5067294220080215,1.2561158867083686,1.932497848494827,-1.645752654720724,-0.8877599686106216,-0.8877599686106195,-0.5333079120763802,-0.1743138275226865,-0.4506415793787985,-0.21636820420386765,0.7057309903339565,0.7044933372639429,-0.31627871922227485,1.4906843086631136,-0.6742767137806694,1.0017174827027875,0.6121438246222352,1.6349551188274523,-0.7569604200023587,0.4869010835891002,-0.6941159795981867,-0.6941159795981858
wgsr_rice_0037.jpg,young,-0.38961636201529715,1.1516959003812317,-0.26979546518778824,-0.8284633432409889,-0.8093039635796425,-0.4523440549155599,1.606892034667905,-1.005072755388836,-0.3313826995678502,1.9824891761822292,-0.8677587260315458,-0.7901270609936039,-0.905483244462637,-0.33776584381616787,1.7008171405064074,-1.211056815624578,-0.45407388429489676,1.6824599596482184,-0.7267688471837722,-1.0430473325634333,-0.6244093616503487,0.41467432422990425,1.7010387529871709,-1.3124966012071706,-0.9825909416393476,-0.9825909416393427,-0.5148005846602,-0.26121582832667234,-0.6190163157373217,-1.9407819675192202,0.3160787955968214,0.47226851840208056,-0.7096132425745867,1.3668181197525124,-0.7522610304335434,0.9749617927184274,0.19479005080423176,1.5390144318933532,-0.6264048114578571,0.22060734317067146,-0.8467777614995383,-0.8467777614995384
wgsr_rice_0038.jpg,young,-0.3886314011370175,0.8750988457493586,0.03668768897744601,-0.7629168435288404,-0.8451802392911099,-0.498178247029851,1.6363302280664782,-1.0238807119622106,-0.3260100228952138,1.806402360444695,-0.6444703274977346,-0.7390492685358521,-0.9447804878581121,-0.3620698539902519,1.7143057366389811,-1.2216804089036206,-0.4603866514903281,1.4921134266438967,-0.5438774468617759,-1.0786552483076635,-0.6664749012873116,0.4588792514639572,1.72720730334726,-1.3398795485417354,-1.0808517739076267,-1.080851773907623,-0.5280911015022421,-0.24851085744889662,-0.6051808552809809,-0.4319199246182867,0.22245766424389432,0.49306962184106723,-0.49851168646351457,1.3878365097399943,-0.758322370685235,0.9558534529846607,0.3263926013318737,1.5013611010714893,-0.6206666245221927,0.19417882586037874,-0.7968008275318329,-0.7968008275318307
wgsr_rice_0039.jpg,young,-0.37484197750070863,1.2578538162671897,-0.36819882582370583,-0.7831354627239032,-0.8028646132014243,-0.3903519987374599,1.8354467193271478,-1.186398688462838,-0.32827220658861483,2.08043512656775,-0.9886321866938578,-0.7157666842309994,-0.889020013492797,-0.2416573943276291,1.8817870734136195,-1.370987227759616,-0.43098245025443044,1.8306246997466809,-0.805145671971305,-1.0247500497143613,-0.5573858962715573,1.007382919654458,1.9138124944380581,-1.5768827305159145,-0.9796245768916259,-0.9796245768916272,-0.5332168170971457,-0.23125629699965075,-0.5169533158503535,-0.4319199246182867,0.428005734756212,0.5569355097435968,-0.5484302880510037,1.477328873358564,-0.7049776485514375,0.9582018518805121,0.4521498609096964,1.5965989258302484,-0.685580852211743,0.29386719315477944,-0.8179659225181563,-0.8179659225181578
wgsr_rice_0040.jpg,young,-0.3862393580663652,1.0139171811596157,-0.07488527160028911,-0.5560785291633585,-0.7528651122261716,-0.37470916173935764,1.7997943047165355,-1.2008520185547251,-0.3250203175293436,1.8684329229940655,-0.7359291922007022,-0.5114554078336606,-0.7773729181365899,-0.22526137920721928,1.8574715171164276,-1.3910653323576498,-0.45124975783525123,1.6503673273068435,-0.5205043604091598,-0.926626486583797,-0.5547937969919884,0.8466822114914071,1.7823448126578147,-1.4820690212594854,-0.8647706418157789,-0.8647706418157812,-0.4729679334346369,-0.08716982727340972,-0.5099983517549452,-0.4319199246182867,0.6032184666178589,0.7395951993172449,-0.08653286613276932,1.5062838949819466,-0.5961445595606787,0.9652871921389352,0.5732308877276431,1.5837465889097235,-0.7625484340016906,0.47812681584209127,-0.5426376223627372,-0.542637622362738
wgsr_rice_0041.jpg,young,-0.3766711857837725,1.1019725901874267,-0.1319887118833387,-0.7738909531039937,-0.822020280104477,-0.4381818245790068,1.7499018665496255,-1.1268422581818656,-0.3244547716060058,2.0062445325213836,-0.8382251154390074,-0.7020979491884074,-0.911538659354489,-0.28573127759699724,1.795598806885564,-1.3064378475035223,-0.44776111709948485,1.7368447728304455,-0.6807407709264932,-1.0541692008214552,-0.6127079883382972,0.7854899120741511,1.8238034735412134,-1.4765646889051904,-1.034780421419575,-1.0347804214195697,-0.5268758971561855,-0.15272747700273234,-0.6558110853677503,0.2147352366249705,0.1926453486734064,0.5289840269974528,-0.605566036856021,1.4347447394776776,-0.7375019133166161,0.981685840839028,0.3795012448189241,1.5592970260960604,-0.6595851265486562,0.2446044368884102,-0.7224726552465297,-0.722472655246528
wgsr_rice_0042.jpg,young,-0.37540481228829703,1.05432912850062,-0.20494831845072634,-0.7188414263596182,-0.7541637746076647,-0.3436809663115143,1.8603244732384672,-1.2154863760157066,-0.32120289214591524,2.0129146700682883,-0.9428431176620414,-0.7167476986819984,-0.8109931865169598,-0.22631582436326977,1.904097233225459,-1.3952584731044955,-0.44310960739728483,1.7197894362254864,-0.7229271939237519,-0.9542517596850009,-0.5317614422078398,0.977636195965263,1.9351326035352823,-1.5945759961066486,-0.9340167188954057,-0.9340167188954047,-0.46067313469112575,-0.13150412565071465,-0.5393028867865284,0.2147352366249705,0.4144071346714556,0.6625661131447169,-0.6013560343125038,1.481762439996552,-0.6882720034675043,0.9896543396565749,0.4220883645962792,1.6513719710657844,-0.7188718210451033,0.3402756695516435,-0.7983028665308624,-0.7983028665308622
wgsr_rice_0043.jpg,young,-0.35809767600617554,0.6658075946985454,0.4589579154737606,-0.12069229817732081,-0.6050310074151422,-0.029150196081193246,2.4023993042387333,-1.7713075629125714,-0.3032468474763014,1.400765968020075,-0.08845246019660115,0.038236007081724005,-0.6224546523358594,0.22723429935250714,2.379526216731984,-1.94156244500591,-0.41985204760749534,1.1258332682225307,0.16639736104518207,-0.7118129689787712,-0.3405407819838138,0.9486066086199851,1.8923565651316554,-1.6598281840200841,-0.5289225330346702,-0.5289225330346684,-0.4727161764506148,0.21615227745428683,-0.14014465304457183,-0.8630233654471249,1.3783386714506054,1.201932224972971,0.6369861424189551,1.6068328075001836,-0.3187520044649215,0.9775510530394939,1.0780970174802653,1.671353338621917,-0.981587517401241,0.8702202986574896,-0.25643091854768085,-0.2564309185476824
wgsr_rice_0044.jpg,young,-0.3922898177031453,1.0400550462518305,-0.15437714623302135,-0.7889207076446068,-0.818773565369111,-0.4986932740955575,1.611652743936752,-1.005298908420951,-0.33958309625806143,1.8326203104314636,-0.7515296820661698,-0.7013785551679964,-0.9261726272119614,-0.34577932920101273,1.726282933278392,-1.229309045006892,-0.4575625193912587,1.607993270447339,-0.6505820377653406,-1.0590125691332366,-0.6146335592959856,0.6740527964805593,1.7858455196677643,-1.4193736832183528,-0.9823128449442486,-0.9823128449442445,-0.5353876809016931,-0.18965659235413374,-0.62141083273953,0.2147352366249705,0.43062085015712626,0.5658734838775397,-0.37942875737517423,1.4138905556619792,-0.7305042684731987,0.9347780782782998,0.4277666472332468,1.5006582388961494,-0.645777120244791,0.29830718406291046,-0.6878347256022457,-0.6878347256022471
wgsr_rice_0045.jpg,young,-0.3886314011370175,1.2449031806244153,-0.41160585927754617,-0.6638515376418728,-0.7649862060435761,-0.43728057966075856,1.6757006310355564,-1.0777764951191577,-0.3360484438363102,1.901166959087361,-0.8475734561494757,-0.5926828857532339,-0.8603828451661164,-0.3053430870038839,1.7974523695127824,-1.3065823520548077,-0.45440613579354305,1.6609848484214655,-0.6514796195737268,-0.9533548450401808,-0.5596816981691699,0.7562339642177595,1.8476533975943463,-1.4962246701043025,-0.8580036222350389,-0.8580036222350338,-0.4412851828263583,-0.11301536803048486,-0.506606554637476,-0.0008164837894485803,0.3856408652613334,0.6216139407492113,-0.60255889218208,1.4169557375351531,-0.668042896367342,0.9825689993981519,0.3395862580472201,1.6068406318137964,-0.7015703180118112,0.36321562257697315,-0.6738612112779419,-0.6738612112779405
wgsr_rice_0046.jpg,young,-0.3821588154095461,1.260737097909311,-0.37799699902453304,-0.4963769447928962,-0.7251597465318612,-0.3924763717488887,1.7972349154875975,-1.2045580948095445,-0.3337862649424995,1.953910961941672,-0.8835377378468189,-0.4312743761143162,-0.767154356257331,-0.2477728555238003,1.8714164409053322,-1.4022734666167183,-0.4437741103945774,1.7295422914378116,-0.5724923424326319,-0.8876102367297465,-0.5242814417510893,0.8798264752289876,1.884760577864646,-1.5713612581593577,-0.774296517010269,-0.7742965170102651,-0.42568024595959425,-0.05154750892657954,-0.446158705918403,0.4302869570393896,0.687425182527493,0.9021038199343735,-0.23689009983009474,1.442079281817063,-0.5688685284280609,0.9561143861953105,0.6642504182321541,1.592783388306969,-0.7795258796460535,0.5875408775066688,-0.42802749510346366,-0.42802749510346394
wgsr_rice_0047.jpg,young,-0.39060131811697846,0.22174925887256472,0.16332666273272892,0.03008254580805616,-0.7366314797677104,-0.4155222420547145,1.7399171181972948,-1.13700130424863,-0.33406903790417675,0.5838492377803651,0.4867979131023423,-0.34893509128950795,-0.8041177500381145,-0.2644851125599002,1.8321958884039782,-1.3484269564421083,-0.4485917458461005,0.5109781545868182,0.21763136498923485,-0.8695820623754887,-0.5263551211747461,0.8447947256932737,1.8819073066880379,-1.5454463719487606,-0.7572399197108697,-0.7572399197108686,-0.44282933015193227,-0.08663742849376958,-0.14956036914823057,-1.9407819675192202,1.118396200599141,0.9724700526615744,0.705549040984948,1.484170797182619,-0.5324512077288678,0.9089456904239331,0.7218682861662277,1.5358515521043175,-0.8020439162572227,0.6844806790008054,-0.6302565639727854,-0.6302565639727844
wgsr_rice_0048.jpg,young,-0.3806110245202764,0.6748825691212545,0.43383026842739264,-0.7622011224206008,-0.8068689054850106,-0.4274313600956582,1.808146506531161,-1.186089630142848,-0.31625437491579456,1.5570481446038245,-0.23552505190211606,-0.6702478907772919,-0.8933723461582219,-0.25077789822575125,1.8828804754518524,-1.3933673701399314,-0.4484256200967774,1.2867293891475147,-0.27560805244559083,-1.0690581495607174,-0.592934261155615,0.3978378590541131,1.7301809546707299,-1.3579227890623755,-1.0017796136011718,-1.0017796136011705,-0.5076806649233917,-0.19812657293931754,-0.6092777363180059,-0.0008164837894485803,0.5216268661091391,0.5943124924855343,-0.13224146517674115,1.544817609958991,-0.681298998218606,0.9944314245900164,0.5169490862964056,1.580081664709725,-0.734189460551051,0.3986298357727566,-0.721698877580363,-0.721698877580363
wgsr_rice_0049.jpg,young,-0.38187739801576837,0.4949905630669829,0.4476320824135159,-0.45760970072574336,-0.6950193227429126,-0.29752496095127506,1.9201910421641688,-1.3089384758292888,-0.31752685324334196,1.0305315329436016,0.3179919557370192,-0.527347721164592,-0.7461495384233373,-0.15108438102219404,1.9627473978601115,-1.4932305518682918,-0.4387903491937311,0.8854256690587698,0.05035790373377938,-0.871824373345664,-0.46732999565861494,0.6450609358871321,1.7739883368978007,-1.4556606624256268,-0.7509363946219612,-0.7509363946219625,-0.5713144745316497,0.011396546793600665,-0.2773854756713698,-0.8630233654471249,1.0279132077273114,0.9737701216265282,0.5365475103091185,1.519584594895897,-0.4768150033047952,0.9563351758350911,0.7851644367372492,1.57450897174809,-0.8444717226906221,0.6209465233868748,-0.69798486792902,-0.6979848679290217
wgsr_rice_0050.jpg,young,-0.3942597394596882,1.2040186617997901,-0.24282416570844048,-0.5839313340763477,-0.732951867774905,-0.39537318046539344,1.7610979358752687,-1.17581724520152,-0.3383106227301209,1.9885435538473102,-0.8775238766856863,-0.44847468503183296,-0.8125701221178022,-0.27560901643895913,1.8338592869716603,-1.36822307646437,-0.45806089663922805,1.7607702578768898,-0.6109447564642652,-0.8894938013284912,-0.52791030029248,0.8274299219621889,1.8674226963648197,-1.546890915395206,-0.7605770800520565,-0.7605770800520595,-0.4761235984454714,-0.016239789858627632,-0.41513648057794283,-0.4319199246182867,0.8396248988610302,0.8782150527036489,-0.13825575452462274,1.4645755273505365,-0.5806955337972186,0.966491499265013,0.7801541873516895,1.593837681569979,-0.7927252903658327,0.6085779772856618,-0.5001708833901787,-0.5001708833901776
wgsr_rice_0051.jpg,young,-0.3841287323895072,0.7676172778808172,0.09800535546243977,-0.615004786793317,-0.7344128849971945,-0.3768978694283809,1.7274782412416345,-1.1294459039947515,-0.3332207190191452,1.5221591718639709,-0.41999100644951776,-0.5754171450864796,-0.8024777411244834,-0.2627980690335616,1.8228421627475067,-1.3388715929883659,-0.4519142495537155,1.3586018718858488,-0.4313565539209934,-0.8625860209701485,-0.5262070127087691,0.8079888346443472,1.8794756277214202,-1.5358655092890576,-0.7571472208125033,-0.7571472208125025,-0.4323908470024009,-0.1276079345815301,-0.48470415780054105,0.4302869570393896,0.9180783608886524,0.9235549578558272,0.2731216368713344,1.4730595128923596,-0.537034172309415,0.9137428471428085,0.7178600866577601,1.5506618622275814,-0.7871609878827641,0.6209465233868748,-0.6379943406344519,-0.6379943406344509
wgsr_rice_0052.jpg,young,-0.3886314011370175,0.06690785435801667,0.670619835609315,0.52361964289483,-0.6087106194079477,-0.2583855612592348,1.7346614093951487,-1.2800165988521701,-0.3337862649424995,0.43531433265702213,0.9093787728420318,0.21481747155329303,-0.5492848130484894,-0.17059081463682382,1.7945531523826967,-1.454409504515871,-0.45224650105236175,0.45726595210889287,0.7605969862154985,-0.6437363631053067,-0.4014914784576248,0.6964383747658383,1.6888730306668793,-1.4801768447307115,-0.4811826003760251,-0.48118260037602534,-0.4947924034337116,0.32853681984741134,-0.349479791525244,-0.0008164837894485803,1.3631710021252395,1.1533421474084378,1.0982821354024717,1.5370999198854665,-0.3109166134078573,0.909648202914146,1.086614441435737,1.5403699518029377,-0.9329710052231789,0.9026745179145276,0.19504559149391318,0.19504559149391237
wgsr_rice_0053.jpg,young,-0.3989031121274973,0.7697913942326575,0.0763544278653772,-0.677688499255612,-0.7570858384430683,-0.492384629596849,1.5225689373952769,-0.954429168271443,-0.3353415114321172,1.7915231315260007,-0.7530777778439077,-0.6302881673718521,-0.845748877308644,-0.39080216729526074,1.6636973143447527,-1.1869230503041854,-0.45639963914599685,1.3968920419644133,-0.5082613819842681,-0.8921845452629625,-0.5968593366289513,0.381945218792065,1.7579981896508887,-1.3634155618802613,-0.8061849380482766,-0.8061849380482821,-0.43466490657985235,-0.08854922411156822,-0.29484987041155764,-0.0008164837894485803,0.6638891439192004,0.6383523286727779,-0.47325167120234085,1.3393956890657204,-0.6583348961268262,0.9267092205335795,0.4640074511222068,1.4979471990769757,-0.6761120533840207,0.48573822882745,-0.7198782242482061,-0.7198782242482046
wgsr_rice_0054.jpg,young,-0.39271194379383656,1.0538091150297284,-0.14194482414664472,-0.665998668572219,-0.7873344791986627,-0.5031350940801902,1.5222846421751532,-0.9646333400012281,-0.3383106227301209,1.8258991196575676,-0.7496837909779749,-0.54317467379054,-0.8795583998877428,-0.39507252127669573,1.654391171007261,-1.1901131889745749,-0.4530771297989774,1.548708127137023,-0.5292289304696596,-0.9799038303108543,-0.6044874455516788,0.39791331255781914,1.7296088872771624,-1.3529059502607854,-0.8961955683619549,-0.8961955683619569,-0.4682391646871326,-0.12860013230722306,-0.4290375437964876,0.2147352366249705,0.5033210583027364,0.5694486735311085,-0.5376045672248164,1.3437197849225235,-0.6953682066889978,0.9490089741514528,0.39169285165713913,1.51386200690435,-0.6570242827922435,0.3643784773386234,-0.6058142929885797,-0.6058142929885818
wgsr_rice_0055.jpg,young,-0.3884906924401204,0.8944303259921097,-0.13815199767517736,0.20775592149168912,-0.42813870726335934,-0.14431514300371334,1.9377591321092864,-1.4404141939078412,-0.3326551730957908,1.706609353353534,-0.737417780661836,-0.0683014447496905,-0.1259088496656798,0.002172682238475392,1.9732515252077614,-1.6102120036529075,-0.4250019458364736,1.429369202213089,-0.034840527196866256,-0.44605405649349045,-0.26344529731871386,1.189940703518129,1.8542557252578002,-1.6943320050850637,-0.2844755380427343,-0.2844755380427328,-0.5205804252276899,0.4833196650555131,-0.31958829269858097,-0.4319199246182867,1.3218521787907271,1.2592977680508104,0.5064760635696395,1.5102248431045977,-0.236800713094476,0.9313458029689785,0.9533418077795551,1.6248138217260955,-0.9677399919036044,0.9373487326256117,0.19354355249488378,0.19354355249488603
wgsr_rice_0056.jpg,young,-0.3891942359246059,0.6837683917245739,0.18076313523065488,-0.18063249944300874,-0.6142841752712938,-0.30743851519396226,1.766079783988874,-1.235170085281888,-0.3370381444025735,1.5707986290323899,-0.5563458129803672,-0.10348688835438001,-0.6212562251324748,-0.1839289846202466,1.846235811614458,-1.4303625422766324,-0.43430496524087364,1.2738057443673427,-0.10930401386456395,-0.7122614019430673,-0.4371879518076595,0.9261831395534994,1.790611003307682,-1.5445574834593638,-0.5783310458639086,-0.5783310458639122,-0.4531318072184269,0.19287193081729592,-0.4725203517108454,1.0769421182826469,0.9499827687798722,0.9812455181749,0.30319308361081354,1.4830760893707668,-0.40981994580742637,0.9131206217943364,0.8895446322699774,1.5620582703563306,-0.8434363198138011,0.6298265052031369,-0.1333092369605741,-0.1333092369605769
wgsr_rice_0057.jpg,young,-0.38961636201529715,0.4346798854016331,0.5194854288519636,-0.6643286742492461,-0.7582763132487212,-0.4408854894047372,1.6234911776715466,-1.0447870118660432,-0.3347759655087629,1.3080020316437277,-0.13805219667428728,-0.5739129252964205,-0.8625905481552233,-0.31799585618198234,1.7192678455565198,-1.2499355644471302,-0.4485917458461005,1.0303235919903968,-0.16829308719158217,-0.9317389633903925,-0.5611628632789251,0.6331320650099743,1.7684477097904783,-1.4205718889578713,-0.8170307091571338,-0.8170307091571383,-0.4958141320287112,-0.0653656772526937,-0.5788834290427765,0.2147352366249705,0.7025928518528594,0.7044933372639429,0.05901293608632125,1.4410393093958096,-0.597746133204418,0.93911358393218,0.6196591987005944,1.5132093491701,-0.7321265586361632,0.43827261173817683,-0.6713122966129222,-0.6713122966129209
wgsr_rice_0058.jpg,young,-0.39496327816759175,0.2730321987259082,0.47170611568510723,-0.37524417609674166,-0.5587110890418766,-0.2789209106300819,1.7620353961600406,-1.1945276044106876,-0.33463457902792426,0.7958514413540502,0.3150147788147515,-0.4571729871144553,-0.563477233456071,-0.16932550335733984,1.8585265889532594,-1.4060044938505991,-0.44609987088508185,0.702766145354388,0.10453605713257633,-0.6543200630899387,-0.4180806724968471,0.7796009301392806,1.8843162181051412,-1.5644355014314355,-0.5156665905682891,-0.5156665905682933,-0.37697392786030043,0.05098765604320267,-0.30582617970079135,-0.21636820420386765,1.3950754100164589,1.2235458715150411,0.9503306174442284,1.5574614851858346,-0.3915620062687918,0.9210489770410148,1.0456974047869017,1.6022720276740756,-0.9284262979394231,0.9579629761276413,-0.57099429801108,-0.5709942980110803
wgsr_rice_0059.jpg,young,-0.3737163127021302,1.0735661355219608,-0.12714227163708236,-0.31059227917833665,-0.6247277885422863,-0.07652932953461279,2.297264259132656,-1.6439377554518813,-0.3236064623201714,1.9448810060206838,-0.8076792336455904,-0.27575191765926055,-0.6089560726293383,0.15500789871338216,2.267206500615376,-1.801616309860953,-0.4308163245051073,1.7840231322190387,-0.49120732762493136,-0.7425774676949815,-0.34135541877167136,1.7908409249754285,2.069265135392697,-1.89360326580082,-0.6416443934480922,-0.6416443934480939,-0.4321276775553294,0.27786213600348314,-0.4304166636868977,-0.0008164837894485803,0.9813641535909087,1.0800507595101152,-0.022781399045081863,1.5583919868259093,-0.4386975505837835,1.0373248300638171,0.8310917227716443,1.6877701908602492,-0.9220399962259005,0.7644005153471038,-0.42374895977289506,-0.4237489597728936
wgsr_rice_0060.jpg,young,-0.3745605601069144,1.245895765578922,-0.29297393819566864,-0.5702136809102212,-0.678244605451172,-0.16324100657084706,2.224948195657755,-1.545345527790046,-0.31088169824315814,2.1513420394774365,-1.021500276835739,-0.4880420665966952,-0.7429326281692193,0.057317781490767654,2.2024631556890935,-1.7041063446101212,-0.42417131708985795,1.9264706813309687,-0.7236452125685949,-0.8542446319556917,-0.3938633695348972,1.6379544112972417,2.059952684249013,-1.8321982111857753,-0.7298010457944445,-0.7298010457944466,-0.5036797475012681,-0.059823889955530576,-0.4003334260234669,-0.8630233654471249,0.9044797608038965,0.8408380699617121,-0.14908147535081,1.5560931004210277,-0.5741906808441817,1.0250007538069554,0.6754399751932763,1.624613003961713,-0.8281028726303441,0.5835237428755139,-0.5822823486704525,-0.5822823486704505
wgsr_rice_0061.jpg,young,-0.3828623588940316,1.3272394683552486,-0.23249907117162896,-0.1260601093060066,-0.6010266857407439,-0.11882308644051073,2.088478984458439,-1.540945775645538,-0.3165371478774718,2.1446206257636846,-0.9220028792061677,0.0029851317278045074,-0.57609271826281,0.048091787261480994,2.0604474464700533,-1.6791206045394422,-0.4274938207974729,1.9555845793025028,-0.430997505597017,-0.6446332290338883,-0.3260251869182375,1.0011919596754029,1.7768416080744078,-1.5886188488088762,-0.4590275636664792,-0.4590275636664822,-0.4802370407418469,0.22055666735858243,-0.44221175763455073,-0.0008164837894485803,1.2465368552442027,1.1723556560206396,0.21418160126195235,1.5436134313659606,-0.3663803406702967,0.9971411156236902,0.9404821676899322,1.6786329825808068,-0.9508494884855394,0.8743431473578981,-0.126436270631682,-0.12643627063168317
wgsr_rice_0062.jpg,young,-0.38244023280334033,0.8052878587883815,0.33216100265599224,-0.6409490452768263,-0.730625056037737,-0.284843197418265,2.0294654842550637,-1.3935375502186442,-0.3221925975117854,1.7198979064007975,-0.3851580105862402,-0.5353919899318023,-0.8042438966636993,-0.10026232364747115,2.0365214704095114,-1.5601687729878213,-0.43148082750238037,1.5404927572869398,-0.3820253578881036,-0.9240253805259419,-0.46858895784439486,1.145773503035931,1.8996063286284508,-1.6333223663361545,-0.7821759233714046,-0.782175923371406,-0.4751911605323441,-0.08315263648157968,-0.4947181072786821,-0.0008164837894485803,0.9191244070490185,0.801348475151757,0.21718874593589313,1.6038223610176012,-0.5889497979611091,0.9751625105727728,0.7375670675743343,1.628378337043897,-0.8157333649797728,0.5628037853042436,-0.5459603146939234,-0.5459603146939226
wgsr_rice_0063.jpg,young,-0.37033930875321464,0.6380156267253819,0.3868411083673206,-0.43822607869216695,-0.6725628326211738,-0.1962003611903606,2.14534370340373,-1.5024918894308366,-0.31865794509003426,1.428933749986033,-0.16055967490482195,-0.37986953147674646,-0.7173862577314275,-0.002572091885948788,2.1489171860633793,-1.6724518198480072,-0.4308163245051073,1.3609558005952458,-0.22103504729446916,-0.8272472137207325,-0.40267642663542585,1.4384094192797192,2.0178690933858157,-1.783429523587147,-0.7499167067399318,-0.7499167067399353,-0.4364059532550698,0.046559066194377996,-0.46280310240693856,-0.4319199246182867,0.8019672370877984,0.9324929319897693,0.4258845863078828,1.5524805646419306,-0.5103002122562186,0.963340228951778,0.7232043526690435,1.6260187283123988,-0.8374847292317686,0.593460865384173,-0.4700390707429829,-0.4700390707429808
wgsr_rice_0064.jpg,young,-0.37878181146063067,0.7017293941271765,0.5074747353932498,-0.264131178972268,-0.7280276724931205,-0.2521413213671051,2.0013122027367505,-1.4340215665522609,-0.32106150566509317,1.439964814053051,-0.08225994772192767,-0.038086398582870294,-0.7921961059324357,-0.06378007897717951,2.031112616385992,-1.614708202555921,-0.438624223444408,1.308108472775267,0.05136320783967008,-0.8901216074784973,-0.48614097758746255,1.072727786245219,1.8230356575610092,-1.605950978537999,-0.7795803542171482,-0.779580354217144,-0.46351039593962834,0.1455852392074412,-0.5085378670584946,0.4302869570393896,0.9656734611854209,0.9474437250865517,0.3218373805893173,1.5412598095704861,-0.48536494260291396,0.998927504527373,0.9675375143720133,1.5811359579727409,-0.8684598733101015,0.6503350346359129,-0.2139186632418185,-0.2139186632418182
wgsr_rice_0065.jpg,young,-0.38131456322817997,0.8594066382965754,0.2102631764386376,-0.5498161152409154,-0.7416097835328209,-0.27518712174393145,1.943657388382541,-1.334418733925569,-0.32417200824350934,1.940673685061249,-0.7095514098439583,-0.4367025826641166,-0.8164809415936917,-0.08739857380703758,1.9719017073394682,-1.5139940495811026,-0.4361323372045804,1.5929557659552733,-0.4106762128935359,-0.9346090805105739,-0.4925101243244102,0.9762393219705725,1.8149652154977793,-1.5421092533688374,-0.8231488364493097,-0.8231488364493122,-0.4866813628023992,0.0035073648771151793,-0.5454486159711079,-0.21636820420386765,0.6142019513017614,0.7694967855107908,-0.342140163418237,1.5237444845809167,-0.5797838688000116,1.0036845176753793,0.6174880906334989,1.6231570751699373,-0.795230807250965,0.5213638701617153,-0.519014645378002,-0.5190146453780042
wgsr_rice_0066.jpg,young,-0.3707614348438895,0.5794537305389595,0.5996619349859789,-0.013038630540785634,-0.5296529230919289,0.011083452561871059,2.2194607304173117,-1.6747612068800073,-0.31738546676250334,1.4527916586588685,-0.13311011403061648,0.19519732462184008,-0.5468247825478652,0.2264962106510482,2.1886226486557283,-1.8236788432795892,-0.43197920475034984,1.2090917016231388,0.17842497287817827,-0.5462406548409869,-0.20019879894728168,1.4176848022520998,1.873091554498147,-1.7492870376861303,-0.19548459561108525,-0.19548459561108503,-0.508443602221542,0.5538141034687715,-0.32979526489936783,-0.21636820420386765,1.5080483953362156,1.32771389733061,0.8192191096601242,1.5941889322733338,-0.2332279718892118,0.9810234719196842,1.0655713940163274,1.6464017313972972,-1.0268528019474557,1.035239960742917,-0.10854835164324099,-0.10854835164324221
wgsr_rice_0067.jpg,young,-0.3732941866114389,0.4116143510826475,0.5366060232249255,0.3818507564228627,-0.5707780743759551,-0.03938570342781943,2.228518636078411,-1.6835990155108898,-0.31583021547327883,1.0835834157388302,0.2235559141117837,0.3619032128341987,-0.5564125427784968,0.1686097372552683,2.2197636242644134,-1.8480725160915297,-0.43596621145525727,0.887827820323314,0.46995973144947456,-0.5521603596995478,-0.3303946682395071,1.075785457468218,1.7928621120540067,-1.633878818502611,-0.3960850116757607,-0.3960850116757649,-0.521779092596231,0.5055110141886947,-0.192488981282546,-0.6474716450327058,1.3694472790874344,1.2994373973432325,1.0922678460545194,1.616575707025629,-0.19405101660387913,0.9427064335249783,1.1948358281640412,1.6681402543917807,-1.0345274293779378,0.9991914631316878,0.021173198272934336,0.021173198272933996
wgsr_rice_0068.jpg,young,-0.37807827275274347,0.7571243836306827,0.30029050212763814,-0.11914164469632012,-0.5969682849738316,-0.15480798906070983,2.0250945138939063,-1.47830243518375,-0.31908210453255004,1.6018396598604292,-0.3580657523390957,-0.035143390751997086,-0.5827789690636376,0.04229256798100631,2.026293254425394,-1.6392965551105652,-0.4371290917005192,1.4270630785475447,-0.057782802462577346,-0.7006911007207495,-0.34261446140747076,1.265591042450892,1.8324687505475268,-1.6624655520425469,-0.5297568231199669,-0.5297568231199633,-0.46408707505517766,0.21244968594133506,-0.2729046260958732,-0.4319199246182867,1.0226829769254824,1.0880136819203567,0.30559879934996625,1.5634276427604064,-0.3793654069818487,0.9861819207763847,0.9226122782147307,1.6344028699753934,-0.9235180140729657,0.7724347846094386,-0.15479294628002488,-0.15479294628002546
wgsr_rice_0069.jpg,young,-0.38075173321717354,1.0998457104462889,-0.1871430925764933,-0.17240186867009621,-0.5712650801167204,-0.1473406910043911,2.0630535091700373,-1.4879703461274065,-0.31908210453255004,1.9810527746910505,-0.8854431362516251,-0.11460502845093078,-0.5627202851818665,0.04782811870301765,2.0662458807302233,-1.6533340684137237,-0.43729521744984234,1.7454924756316765,-0.41200460588882704,-0.6280401863140792,-0.3337273902989547,1.2244816772210443,1.8332441557109023,-1.6435738814099428,-0.4986099932688897,-0.49860999326888616,-0.5287662760707605,0.13048447382128495,-0.139049557266811,-0.6474716450327058,1.2868096324184102,1.097601690536766,0.43310173352534087,1.574319985488296,-0.38759503155122,0.9707065742062854,0.9271215026617341,1.6493637934219498,-0.9299991618515403,0.8385060778851511,-0.3514235061529643,-0.3514235061529647
wgsr_rice_0070.jpg,young,-0.377374729268258,0.6819251370242414,0.34259138990113136,0.06807439834598646,-0.574565903335419,-0.07530627137042398,2.065507637773366,-1.5374889399713558,-0.321627051588431,1.6537112990588327,-0.5016848498620803,0.18080916003671402,-0.5122583459549098,0.09053131490063877,2.0635938273126198,-1.6958786167213127,-0.4024088890439572,1.4257660796940999,0.002606582728880364,-0.610819191295548,-0.3412814047636925,1.0706515026584666,1.7535114122205548,-1.5892610009866421,-0.4695025391818712,-0.469502539181874,-0.550826215661084,0.27328834648748385,-0.21285986100576337,-0.4319199246182867,1.0796924926654825,1.136278742243637,0.5227146448089902,1.551823739954823,-0.32232474567018876,0.9614735529063569,0.9374760180585967,1.6280771103973224,-0.9338641390024215,0.7414605623217737,-0.005863503709594835,-0.005863503709597314
wgsr_rice_0071.jpg,young,-0.383284480208141,0.5426812613644973,0.3628723678040569,-0.08120933300192817,-0.5627154107162748,-0.14128945514503694,2.0585035042143653,-1.487849661214677,-0.31837517212835703,1.2145200059917123,0.01027082486223683,-0.22755173680526766,-0.442746964371549,0.015247183663434605,2.0985463449312802,-1.6754397524969797,-0.43530171973679305,1.035656463825284,0.09021062962986025,-0.5463302927176035,-0.3376524657722908,0.9556280492278701,1.916981894348165,-1.6669893168255792,-0.48739342656656726,-0.48739342656656537,-0.4033649610606575,0.27684573833326104,-0.2990630276576432,-0.21636820420386765,1.090675977349385,1.2097326387625764,0.5467718022005175,1.5726779237705213,-0.3206492532428921,0.975403371997988,1.0310006732559067,1.6536813753561868,-0.9633691690724442,0.8479146300476055,-0.24955795221878876,-0.24955795221878868
wgsr_rice_0072.jpg,young,-0.3799074810358074,1.1187990924268352,0.2864360417873511,-0.5918637423217636,-0.7303003757469562,-0.2624411633913334,1.9706941750215687,-1.4039526581872002,-0.3240306217626707,1.9158408603988246,-0.3985553067364447,-0.33847105555261586,-0.801405426286328,-0.10484891954459645,2.0078521319256315,-1.585673826289682,-0.43663071445254986,1.8669452602674987,-0.417856867360625,-0.8681469794572786,-0.4735509534795748,0.894775454606645,1.809913698161078,-1.5631396375394946,-0.7211800482463785,-0.7211800482463769,-0.44307638310950387,0.16821218734214652,-0.4497569149838336,0.2147352366249705,0.8574076835873108,0.8635892768480999,0.03255006295557101,1.5198035364582665,-0.5324265681343486,0.9933475481765466,0.7365650176972219,1.5977536279754554,-0.8248148757085304,0.5778151831364915,-0.2555205918816024,-0.25552059188160053
wgsr_rice_0073.jpg,young,-0.3770933118744638,1.3460983771143846,-0.2683204516825286,0.2440181740743759,-0.5334948899255306,-0.052324805671191923,2.1632594280062936,-1.6567681358260626,-0.3220512110309468,2.137078570440578,-0.9883345207471225,0.42939652396194244,-0.474727223838295,0.1492086794329075,2.141835350921826,-1.8040267260566987,-0.4236729398418886,1.9780688153413504,-0.22157358077887906,-0.5811310291261068,-0.2574464619717099,1.5989590564059972,1.8302854210578046,-1.7657362579964124,-0.36790454657240523,-0.3679045465724031,-0.509721585929774,0.4529003347824387,-0.24679749699179282,-0.21636820420386765,1.4311640025491421,1.2345964577170017,0.5714303885269031,1.5857049467315172,-0.3120746743502544,0.9850378290066111,1.02114718279762,1.6620655170191878,-0.9906848358075088,0.9998257475471337,0.2568112557873342,0.2568112557873323
wgsr_rice_0074.jpg,young,-0.3751233948945028,1.4379822107515532,-0.28001503811909273,-0.04160709177328211,-0.599836240325903,-0.14444381235889459,2.1011283826653173,-1.569150364467434,-0.3238892352818321,2.217528423879545,-0.9331376036882404,0.10291710283283045,-0.574578890235112,0.06048100242001773,2.113099595451036,-1.7405234985416809,-0.4331420849956117,2.0713683955069397,-0.38780585649697724,-0.6805999398657981,-0.3343198241628541,1.3298789038723537,1.8614678045347082,-1.7205681666868957,-0.5138126126009631,-0.5138126126009603,-0.4649058178829103,0.39295707218386644,-0.4018388429185489,-0.21636820420386765,0.9897325228738354,1.0613622681391468,0.11133725341296306,1.528123315828313,-0.37015019863171605,0.9887511093120166,0.8060404758438064,1.6570952773507073,-0.9115436983601122,0.7115434807265313,0.01930702860747357,0.01930702860747193
wgsr_rice_0075.jpg,young,-0.3732941866114389,1.2781780868410222,-0.37467821863770034,-0.04733273106172854,-0.5209949779432009,-0.035458910508900994,2.16284882003544,-1.597445729332383,-0.32431338512516716,2.1530350447426927,-1.0557378114418174,-0.006497925080219596,-0.5008412883515553,0.17794110727681778,2.146350714733385,-1.7542574519367573,-0.43629846295390357,1.8987017960123815,-0.47594843688236266,-0.5434601268811834,-0.22382366804533205,1.4569822992168757,1.9094534246417856,-1.7589478205889375,-0.31942302272682976,-0.31942302272683126,-0.4613638537216601,0.49943682811189144,-0.23836304616603105,-0.6474716450327058,1.281056378536337,1.286436707693871,0.3705531243072299,1.5279591096565357,-0.228965322037409,0.9361630314732892,0.9256184278460661,1.6574969128794728,-0.9759520803693836,0.9171573454005585,-0.2617563295442396,-0.26175632954424066
wgss_soybean_0001.jpg,young,-0.4066420761270261,0.6631134648758078,-0.05623701736790999,-0.7974495285506498,-0.8817599840674587,-0.7029515398471115,1.2594887675362891,-0.672232161553066,-0.34608685997779975,1.3515107509698197,-0.511509507832818,-0.7720765300793169,-0.9919624435181619,-0.599784297551836,1.462451365762104,-0.9399833369783829,-0.4843087086380056,1.2841831964844723,-0.6195256447926879,-1.100540214094152,-0.7534203229897697,0.4172412196201041,1.7454710651940395,-1.301614692794378,-1.180410390753034,-1.1804103907530394,-0.563358259489459,-0.25056785273386983,-0.7060567543508522,1.0769421182826469,0.12674444057023526,0.30715975985506483,-0.654883209508722,1.3100027843176063,-0.8496613475674519,0.8430901624129179,0.29031880575578495,1.4065751162825975,-0.4992320459002211,0.09628759774308655,-0.8502825191639403,-0.8502825191639383
wgss_soybean_0002.jpg,young,-0.4067827848239232,0.5428229711966106,0.1440461944560445,-0.8050240438475865,-0.888956882603085,-0.7178863457467314,1.2339475970906968,-0.6596956227055303,-0.35386310202508553,1.2996388888315604,-0.3919459843181061,-0.7726651316454914,-0.9857808477403697,-0.632048933406275,1.4583639123885968,-0.9399040601759415,-0.4887940925908826,1.2496882041228976,-0.5603570863052407,-1.0786552483076635,-0.7740827814183161,0.3672606547360887,1.730256323110504,-1.287413204408628,-1.1953349133900084,-1.1953349133900044,-0.5610818340737667,-0.23575748668206273,-0.7112900928017338,1.292493838697066,0.0974551480799302,0.2645825012533909,-0.39085590713621987,1.3203477731395672,-0.8487004033812071,0.8129624124755395,0.26727165858215174,1.3752475450388053,-0.4827841574523994,0.07863334817981518,-0.8196045105170974,-0.8196045105170956
wgss_soybean_0003.jpg,young,-0.41198899466762806,-0.036745186212879984,0.7298831497960871,-0.8280458446602457,-0.9261859732655863,-0.7450520829332508,1.0964671516377043,-0.5409978132999725,-0.3532975561017477,0.586209502034154,0.4005790557172448,-0.8134096452984488,-1.053841440348473,-0.6610449152697472,1.3845234228522874,-0.8633236725215157,-0.4863022119904594,0.6474684437147116,-0.15267514812503694,-1.1616208029203903,-0.7918570040853504,0.2002935330902855,1.6671763410667533,-1.200654499005888,-1.2325071716348952,-1.2325071716349005,-0.5855002321041775,-0.2807935834507115,-0.7607733014437237,0.2147352366249705,0.08908677879700344,0.19340372542308645,-0.3066558562656641,1.2267502552265694,-0.8600838960490195,0.7521449026086154,0.13450004986454603,1.2805619691321044,-0.4110963399503637,-0.013655034267708192,-0.8800046848114008,-0.8800046848114007
wgss_soybean_0004.jpg,young,-0.40382790935398993,-0.154105161639248,0.7853534086142059,-0.7357797597240843,-0.9293244710343004,-0.7621755265928947,1.1231354345561217,-0.5589830135987391,-0.3497629036799964,0.24588735329559117,0.7908275205281845,-0.7972557470590451,-1.061095316704065,-0.6717470869019452,1.3629075022916795,-0.846009719218728,-0.4897908470868213,0.33480425141662085,0.08532779083249074,-1.1534587870916542,-0.8034842829394038,0.21097660100952045,1.6742303559769116,-1.2078445306524064,-1.2328779672283603,-1.232877967228365,-0.5836105353305332,-0.2803821843937168,-0.7588759016727008,0.2147352366249705,0.192122325593223,0.2242803633403329,0.06382436756462664,1.25094329786841,-0.8590983122682556,0.7568818439711872,0.24856672754269002,1.3222818596827264,-0.4391312560120752,0.019327755335534127,-0.888561755472538,-0.888561755472536
wgss_soybean_0005.jpg,young,-0.3692136439546198,0.8722155641072313,0.1085410354158937,-0.43947850964567103,-0.8127671416391374,-0.36531056463337763,2.00388202649727,-1.3591664870732827,-0.31950626397506576,1.6674617834874044,-0.47542608213853776,-0.34573049855017,-0.8731875841715845,-0.19747802072709666,2.0038694257404344,-1.5169313052867426,-0.43330821074493486,1.54856408573852,-0.3513998541054698,-1.0260057594468508,-0.5769375009802923,1.2600796560932592,1.9426759899120336,-1.6743682871016827,-1.0604580162670405,-1.0604580162670358,-0.5100539715023279,-0.01561059130087112,-0.643483989515147,2.3702524407691614,0.6780107670842005,0.6945803114063002,0.2737230658061225,1.5809429677499758,-0.7065792221951769,0.9863826386307307,0.6644174265450058,1.5983560812686042,-0.7527792893013033,0.4283354892295177,-0.5739528596758349,-0.5739528596758343
wgss_soybean_0006.jpg,young,-0.37821898144964056,1.166868094363123,-0.131514665798704,-0.4201545580330841,-0.8085463860314287,-0.3761897684008994,2.042104447930359,-1.4004884764748515,-0.3221925975117854,1.9974709574346106,-0.7921978877770528,-0.3482811290183423,-0.8200763602452674,-0.19484202237587184,2.0508179746664363,-1.5666208008523284,-0.4439402361439005,1.7949767499301639,-0.45893026395449227,-1.0130003265900949,-0.5996736388324869,1.2184038974975462,1.9471177556352803,-1.6823605107145285,-1.0801101827206963,-1.080110182720694,-0.5105944098543851,-0.032018153691598605,-0.580945435322704,2.3702524407691614,0.6455833361127978,0.6295768631594528,0.02653577360768942,1.6135105251524544,-0.7069980953020004,1.0047483223034146,0.7300516934959752,1.6179860177370677,-0.7636865867823186,0.42579835156772305,-0.5012632753894728,-0.5012632753894748
wgss_soybean_0007.jpg,young,-0.3776561466620522,1.1373743761451658,-0.1395743648262734,-0.5840506101296011,-0.8303535449624242,-0.3979481759359426,1.891174074329989,-1.2601670790102386,-0.3221925975117854,1.9836694197790545,-0.8040470881495263,-0.5228351328386762,-0.8603828451661164,-0.2328531323452034,1.9271297190740397,-1.440257090024364,-0.4371290917005192,1.7931511817709158,-0.5792421857128162,-1.0740809397744577,-0.6019694407300996,1.1714055503328233,1.9017443847151136,-1.617389339117248,-1.1309091790254293,-1.1309091790254295,-0.5570454417652626,-0.10962737579641134,-0.7105342995614764,1.723597279525904,0.3584436650917603,0.518420966657343,-0.3469515948965424,1.5535205370631835,-0.7854259246562196,1.0440288063989833,0.5423343498499467,1.594088703775457,-0.7090473494734344,0.3056014548405466,-0.5999882023256778,-0.5999882023256761
wgss_soybean_0008.jpg,young,-0.3755455209851941,1.2859296146577162,-0.22580909294099222,-0.5790406919493946,-0.8590329221382651,-0.44107863329550395,1.8993999633938843,-1.2691182265156844,-0.32190982455010825,2.0291790243113206,-0.7709408393775138,-0.49543230204848554,-0.9155756254559557,-0.22505051308379198,1.9324814082282296,-1.4525259278300198,-0.4374613431991655,1.8759294771765285,-0.578057396446492,-1.108612543330033,-0.6404061218256716,1.1734062163865184,1.8818170215778915,-1.6073903401232954,-1.1710478020180375,-1.1710478020180408,-0.5491011102694554,-0.0956640078031226,-0.7145982441774696,1.723597279525904,0.3521673881295655,0.4530925011692425,-0.3499587395704832,1.5024524176404799,-0.8004314377183372,1.0216889092102415,0.4539869523510684,1.5743583584248022,-0.6714092693251773,0.22462447780182643,-0.5871070800006681,-0.5871070800006667
wgss_soybean_0009.jpg,young,-0.3652738052181159,1.0212433741034024,0.06218408940013292,-0.03421145816186279,-0.6398250546784204,-0.055865310808584666,2.5919101684612214,-1.9095909595030913,-0.3086195241489378,1.8469863318020092,-0.6448276301248026,0.03058418672146128,-0.5115013976807052,0.23271716217838387,2.521637090588983,-2.0571149073389265,-0.42234393384732294,1.699034949502532,-0.18990681345577826,-0.6727070325318657,-0.42778246084323146,2.2145441699779806,2.1981956747298317,-2.092186534797877,-0.8380733590862842,-0.8380733590862881,-0.48157429255509465,0.2934953001692795,-0.37933225522264186,-1.9407819675192202,1.1011364389530431,0.9983089233397008,0.7674962212682706,1.6732268362887583,-0.5412229033776577,1.0015970519901778,1.1021462145309913,1.6506691088904386,-0.9066670298486721,0.7616519495468398,-0.20304025958218133,-0.20304025958218241
wgss_soybean_0010.jpg,young,-0.36189680604578234,1.1603453345544594,-0.13657169146159634,0.12312395748472153,-0.6803008453808852,-0.1048539300657252,2.6321548753397064,-1.940867241712459,-0.3107403117623195,2.081717699558407,-0.8392968939564689,0.005470330446731618,-0.5060136426039809,0.16544651632601842,2.5443365002047025,-2.0723360534076476,-0.4170279211478304,1.86843473183025,-0.21453645203764268,-0.8067076199014851,-0.4691073777003156,2.16158105931597,2.214976143810491,-2.101623700461872,-0.9437501032238673,-0.9437501032238678,-0.46404059122343944,0.2448050117767372,-0.4143507550460584,2.154700720354742,0.9463216072185917,0.8717147078789579,0.5263232184177193,1.6907421612783278,-0.5930892498403139,1.0416402639322628,1.0204791495461925,1.6395739274082637,-0.886124952926094,0.6957920844096086,-0.1375877722911427,-0.13758777229114189
wgss_soybean_0011.jpg,young,-0.37090214354078666,1.251520413654484,-0.13414858578706718,-0.08639819765637789,-0.6455609066009391,-0.10124895039274708,2.4173554661730865,-1.7801228087119434,-0.31851655860919564,2.228662263220106,-1.06859915365142,0.09179910482476511,-0.5806343393873195,0.16982224609971622,2.339545173208874,-1.910918950350879,-0.42550031180561476,2.0296189355522345,-0.3918988357834651,-0.7841947748906274,-0.42844898916512053,2.2059749483679973,2.054871071875596,-1.9816400971861834,-0.8887796564926509,-0.8887796564926467,-0.5385322419590097,0.2411992200419018,-0.510688293043481,2.3702524407691614,0.9478906764591403,0.8323876216896199,0.35972740348104265,1.6885527456546296,-0.6038074734561125,1.036863178998822,0.9793951045845244,1.6731606985013627,-0.8766877694533889,0.6547750255440444,-0.14154769328858383,-0.14154769328858538
