image_path,source,species,view,stage,day,resolution,original_width,original_height,processed_width,processed_height,bbox_xmin,bbox_ymin,bbox_xmax,bbox_ymax,notes
plant_dataset/final_core_1056/young/wgsr_rice_0001.jpg,WGSR,rice,side/front-controlled,young,,640x640,2056,2452,640,640,,,,,R0028-S1-20CY01T01_2020-06-20_side0.png
plant_dataset/final_core_1056/young/wgsr_rice_0002.jpg,WGSR,rice,side/front-controlled,young,,640x640,2056,2452,640,640,,,,,R0035-S1-20CY01T05_2020-06-20_side0.png
plant_dataset/final_core_1056/young/wgsr_rice_0003.jpg,WGSR,rice,side/front-controlled,young,,640x640,2056,2452,640,640,,,,,R0042-S1-20CY01T03_2020-06-20_side0.png
plant_dataset/final_core_1056/young/wgsr_rice_0004.jpg,WGSR,rice,side/front-controlled,young,,640x640,2056,2452,640,640,,,,,R0049-S1-20CY01T01_2020-06-20_side0.png
plant_dataset/final_core_1056/young/wgsr_rice_0005.jpg,WGSR,rice,side/front-controlled,young,,640x640,2056,2452,640,640,,,,,R0053-S1-20CY01T05_2020-06-20_side0.png
plant_dataset/final_core_1056/young/wgsr_rice_0006.jpg,WGSR,rice,side/front-controlled,young,,640x640,2056,2452,640,640,,,,,R0061-S1-20CY01T03_2020-06-20_side0.png
plant_dataset/final_core_1056/young/wgsr_rice_0007.jpg,WGSR,rice,side/front-controlled,young,,640x640,2056,2452,640,640,,,,,R0069-S1-20CY01T02_2020-06-20_side0.png
plant_dataset/final_core_1056/young/wgsr_rice_0008.jpg,WGSR,rice,side/front-controlled,young,,640x640,2056,2452,640,640,,,,,R0083-S1-20CY01T02_2020-06-20_side0.png
plant_dataset/final_core_1056/young/wgsr_rice_0009.jpg,WGSR,rice,side/front-controlled,young,,640x640,2056,2452,640,640,,,,,R0094-S1-20CY01T03_2020-06-20_side0.png
plant_dataset/final_core_1056/young/wgsr_rice_0010.jpg,WGSR,rice,side/front-controlled,young,,640x640,2056,2452,640,640,,,,,R0133-S1-20CY01T04_2020-06-20_side0.png
plant_dataset/final_core_1056/young/wgsr_rice_0011.jpg,WGSR,rice,side/front-controlled,young,,640x640,2056,2452,640,640,,,,,R0175-S1-20CY01T04_2020-06-20_side0.png
plant_dataset/final_core_1056/young/wgsr_rice_0012.jpg,WGSR,rice,side/front-controlled,young,,640x640,2056,2452,640,640,,,,,R0233-S1-20CY01T02_2020-06-20_side0.png
plant_dataset/final_core_1056/young/wgsr_rice_0013.jpg,WGSR,rice,side/front-controlled,young,,640x640,2056,2452,640,640,,,,,R0242-S1-20CY01T03_2020-06-20_side0.png
plant_dataset/final_core_1056/young/wgsr_rice_0014.jpg,WGSR,rice,side/front-controlled,young,,640x640,2056,2452,640,640,,,,,R0248-S1-20CY01T02_2020-06-20_side0.png
plant_dataset/final_core_1056/young/wgsr_rice_0015.jpg,WGSR,rice,side/front-controlled,young,,640x640,2056,2452,640,640,,,,,R0260-S1-20CY01T01_2020-06-20_side0.png
plant_dataset/final_core_1056/young/wgsr_rice_0016.jpg,WGSR,rice,side/front-controlled,young,,640x640,2056,2452,640,640,,,,,R0003-S1-20CY01T01_2020-06-21_side0.png
plant_dataset/final_core_1056/young/wgsr_rice_0017.jpg,WGSR,rice,side/front-controlled,young,,640x640,2056,2452,640,640,,,,,R0007-S1-20CY01T05_2020-06-21_side0.png
plant_dataset/final_core_1056/young/wgsr_rice_0018.jpg,WGSR,rice,side/front-controlled,young,,640x640,2056,2452,640,640,,,,,R0012-S1-20CY01T04_2020-06-21_side0.png
plant_dataset/final_core_1056/young/wgsr_rice_0019.jpg,WGSR,rice,side/front-controlled,young,,640x640,2056,2452,640,640,,,,,R0018-S1-20CY01T01_2020-06-21_side0.png
plant_dataset/final_core_1056/young/wgsr_rice_0020.jpg,WGSR,rice,side/front-controlled,young,,640x640,2056,2452,640,640,,,,,R0026-S1-20CY01T03_2020-06-21_side0.png
plant_dataset/final_core_1056/young/wgsr_rice_0021.jpg,WGSR,rice,side/front-controlled,young,,640x640,2056,2452,640,640,,,,,R0073-S1-20CY01T02_2020-06-21_side0.png
plant_dataset/final_core_1056/young/wgsr_rice_0022.jpg,WGSR,rice,side/front-controlled,young,,640x640,2056,2452,640,640,,,,,R0001-S1-20CY01T04_2020-06-27_side0.png
plant_dataset/final_core_1056/young/wgsr_rice_0023.jpg,WGSR,rice,side/front-controlled,young,,640x640,2056,2452,640,640,,,,,R0006-S1-20CY01T03_2020-06-27_side0.png
plant_dataset/final_core_1056/young/wgsr_rice_0024.jpg,WGSR,rice,side/front-controlled,young,,640x640,2056,2452,640,640,,,,,R0011-S1-20CY01T02_2020-06-27_side0.png
plant_dataset/final_core_1056/young/wgsr_rice_0025.jpg,WGSR,rice,side/front-controlled,young,,640x640,2056,2452,640,640,,,,,R0015-S1-20CY01T04_2020-06-27_side0.png
plant_dataset/final_core_1056/young/wgsr_rice_0026.jpg,WGSR,rice,side/front-controlled,young,,640x640,2056,2452,640,640,,,,,R0023-S1-20CY01T02_2020-06-27_side0.png
plant_dataset/final_core_1056/young/wgsr_rice_0027.jpg,WGSR,rice,side/front-controlled,young,,640x640,2056,2452,640,640,,,,,R0030-S1-20CY01T03_2020-06-27_side0.png
plant_dataset/final_core_1056/young/wgsr_rice_0028.jpg,WGSR,rice,side/front-controlled,young,,640x640,2056,2452,640,640,,,,,R0034-S1-20CY01T05_2020-06-27_side0.png
plant_dataset/final_core_1056/young/wgsr_rice_0029.jpg,WGSR,rice,side/front-controlled,young,,640x640,2056,2452,640,640,,,,,R0041-S1-20CY01T04_2020-06-27_side0.png
plant_dataset/final_core_1056/young/wgsr_rice_0030.jpg,WGSR,rice,side/front-controlled,young,,640x640,2056,2452,640,640,,,,,R0048-S1-20CY01T02_2020-06-27_side0.png
plant_dataset/final_core_1056/young/wgsr_rice_0031.jpg,WGSR,rice,side/front-controlled,young,,640x640,2056,2452,640,640,,,,,R0053-S1-20CY01T02_2020-06-27_side0.png
plant_dataset/final_core_1056/young/wgsr_rice_0032.jpg,WGSR,rice,side/front-controlled,young,,640x640,2056,2452,640,640,,,,,R0073-S1-20CY01T20_2020-06-27_side0.png
plant_dataset/final_core_1056/young/wgsr_rice_0033.jpg,WGSR,rice,side/front-controlled,young,,640x640,2056,2452,640,640,,,,,R0093-S1-20CY01T04_2020-06-27_side0.png
plant_dataset/final_core_1056/young/wgsr_rice_0034.jpg,WGSR,rice,side/front-controlled,young,,640x640,2056,2452,640,640,,,,,R0132-S1-20CY01T02_2020-06-27_side0.png
plant_dataset/final_core_1056/young/wgsr_rice_0035.jpg,WGSR,rice,side/front-controlled,young,,640x640,2056,2452,640,640,,,,,R0162-S1-20CY01T05_2020-06-27_side0.png
plant_dataset/final_core_1056/young/wgsr_rice_0036.jpg,WGSR,rice,side/front-controlled,young,,640x640,2056,2452,640,640,,,,,R0002-S1-20CY01T09_2020-06-28_side0.png
plant_dataset/final_core_1056/young/wgsr_rice_0037.jpg,WGSR,rice,side/front-controlled,young,,640x640,2056,2452,640,640,,,,,R0063-S1-20CY01T02_2020-06-28_side0.png
plant_dataset/final_core_1056/young/wgsr_rice_0038.jpg,WGSR,rice,side/front-controlled,young,,640x640,2056,2452,640,640,,,,,R0070-S1-20CY01T05_2020-06-28_side0.png
plant_dataset/final_core_1056/young/wgsr_rice_0039.jpg,WGSR,rice,side/front-controlled,young,,640x640,2056,2452,640,640,,,,,R0073-S1-20CY01T14_2020-06-28_side0.png
plant_dataset/final_core_1056/young/wgsr_rice_0040.jpg,WGSR,rice,side/front-controlled,young,,640x640,2056,2452,640,640,,,,,R0236-S1-20CY01T05_2020-06-28_side0.png
plant_dataset/final_core_1056/young/wgsr_rice_0041.jpg,WGSR,rice,side/front-controlled,young,,640x640,2056,2452,640,640,,,,,R0245-S1-20CY01T04_2020-06-28_side0.png
plant_dataset/final_core_1056/young/wgsr_rice_0042.jpg,WGSR,rice,side/front-controlled,young,,640x640,2056,2452,640,640,,,,,R0255-S1-20CY01T03_2020-06-28_side0.png
plant_dataset/final_core_1056/young/wgsr_rice_0043.jpg,WGSR,rice,side/front-controlled,young,,640x640,2056,2452,640,640,,,,,R0002-S1-20CY01T17_2020-07-04_side0.png
plant_dataset/final_core_1056/young/wgsr_rice_0044.jpg,WGSR,rice,side/front-controlled,young,,640x640,2056,2452,640,640,,,,,R0006-S1-20CY01T05_2020-07-04_side0.png
plant_dataset/final_core_1056/young/wgsr_rice_0045.jpg,WGSR,rice,side/front-controlled,young,,640x640,2056,2452,640,640,,,,,R0012-S1-20CY01T04_2020-07-04_side0.png
plant_dataset/final_core_1056/young/wgsr_rice_0046.jpg,WGSR,rice,side/front-controlled,young,,640x640,2056,2452,640,640,,,,,R0018-S1-20CY01T03_2020-07-04_side0.png
plant_dataset/final_core_1056/young/wgsr_rice_0047.jpg,WGSR,rice,side/front-controlled,young,,640x640,2056,2452,640,640,,,,,R0026-S1-20CY01T05_2020-07-04_side0.png
plant_dataset/final_core_1056/young/wgsr_rice_0048.jpg,WGSR,rice,side/front-controlled,young,,640x640,2056,2452,640,640,,,,,R0031-S1-20CY01T05_2020-07-04_side0.png
plant_dataset/final_core_1056/young/wgsr_rice_0049.jpg,WGSR,rice,side/front-controlled,young,,640x640,2056,2452,640,640,,,,,R0036-S1-20CY01T03_2020-07-04_side0.png
plant_dataset/final_core_1056/young/wgsr_rice_0050.jpg,WGSR,rice,side/front-controlled,young,,640x640,2056,2452,640,640,,,,,R0044-S1-20CY01T01_2020-07-04_side0.png
plant_dataset/final_core_1056/young/wgsr_rice_0051.jpg,WGSR,rice,side/front-controlled,young,,640x640,2056,2452,640,640,,,,,R0050-S1-20CY01T02_2020-07-04_side0.png
plant_dataset/final_core_1056/young/wgsr_rice_0052.jpg,WGSR,rice,side/front-controlled,young,,640x640,2056,2452,640,640,,,,,R0054-S1-20CY01T05_2020-07-04_side0.png
plant_dataset/final_core_1056/young/wgsr_rice_0053.jpg,WGSR,rice,side/front-controlled,young,,640x640,2056,2452,640,640,,,,,R0062-S1-20CY01T03_2020-07-04_side0.png
plant_dataset/final_core_1056/young/wgsr_rice_0054.jpg,WGSR,rice,side/front-controlled,young,,640x640,2056,2452,640,640,,,,,R0070-S1-20CY01T02_2020-07-04_side0.png
plant_dataset/final_core_1056/young/wgsr_rice_0055.jpg,WGSR,rice,side/front-controlled,young,,640x640,2056,2452,640,640,,,,,R0219-S1-20CY01T02_2020-07-04_side0.png
plant_dataset/final_core_1056/young/wgsr_rice_0056.jpg,WGSR,rice,side/front-controlled,young,,640x640,2056,2452,640,640,,,,,R0236-S1-20CY01T04_2020-07-04_side0.png
plant_dataset/final_core_1056/young/wgsr_rice_0057.jpg,WGSR,rice,side/front-controlled,young,,640x640,2056,2452,640,640,,,,,R0245-S1-20CY01T03_2020-07-04_side0.png
plant_dataset/final_core_1056/young/wgsr_rice_0058.jpg,WGSR,rice,side/front-controlled,young,,640x640,2056,2452,640,640,,,,,R0255-S1-20CY01T01_2020-07-04_side0.png
plant_dataset/final_core_1056/young/wgsr_rice_0059.jpg,WGSR,rice,side/front-controlled,young,,640x640,2056,2452,640,640,,,,,R0002-S1-20CY01T05_2020-07-05_side0.png
plant_dataset/final_core_1056/young/wgsr_rice_0060.jpg,WGSR,rice,side/front-controlled,young,,640x640,2056,2452,640,640,,,,,R0073-S1-20CY01T09_2020-07-05_side0.png
plant_dataset/final_core_1056/young/wgsr_rice_0061.jpg,WGSR,rice,side/front-controlled,young,,640x640,2056,2452,640,640,,,,,R0087-S1-20CY01T04_2020-07-05_side0.png
plant_dataset/final_core_1056/young/wgsr_rice_0062.jpg,WGSR,rice,side/front-controlled,young,,640x640,2056,2452,640,640,,,,,R0113-S1-20CY01T02_2020-07-05_side0.png
plant_dataset/final_core_1056/young/wgsr_rice_0063.jpg,WGSR,rice,side/front-controlled,young,,640x640,2056,2452,640,640,,,,,R0164-S1-20CY01T02_2020-07-05_side0.png
plant_dataset/final_core_1056/young/wgsr_rice_0064.jpg,WGSR,rice,side/front-controlled,young,,640x640,2056,2452,640,640,,,,,R0005-S1-20CY01T05_2020-07-11_side0.png
plant_dataset/final_core_1056/young/wgsr_rice_0065.jpg,WGSR,rice,side/front-controlled,young,,640x640,2056,2452,640,640,,,,,R0014-S1-20CY01T04_2020-07-11_side0.png
plant_dataset/final_core_1056/young/wgsr_rice_0066.jpg,WGSR,rice,side/front-controlled,young,,640x640,2056,2452,640,640,,,,,R0021-S1-20CY01T05_2020-07-11_side0.png
plant_dataset/final_core_1056/young/wgsr_rice_0067.jpg,WGSR,rice,side/front-controlled,young,,640x640,2056,2452,640,640,,,,,R0029-S1-20CY01T05_2020-07-11_side0.png
plant_dataset/final_core_1056/young/wgsr_rice_0068.jpg,WGSR,rice,side/front-controlled,young,,640x640,2056,2452,640,640,,,,,R0041-S1-20CY01T04_2020-07-11_side0.png
plant_dataset/final_core_1056/young/wgsr_rice_0069.jpg,WGSR,rice,side/front-controlled,young,,640x640,2056,2452,640,640,,,,,R0048-S1-20CY01T02_2020-07-11_side0.png
plant_dataset/final_core_1056/young/wgsr_rice_0070.jpg,WGSR,rice,side/front-controlled,young,,640x640,2056,2452,640,640,,,,,R0054-S1-20CY01T02_2020-07-11_side0.png
plant_dataset/final_core_1056/young/wgsr_rice_0071.jpg,WGSR,rice,side/front-controlled,young,,640x640,2056,2452,640,640,,,,,R0061-S1-20CY01T05_2020-07-11_side0.png
plant_dataset/final_core_1056/young/wgsr_rice_0072.jpg,WGSR,rice,side/front-controlled,young,,640x640,2056,2452,640,640,,,,,R0069-S1-20CY01T03_2020-07-11_side0.png
plant_dataset/final_core_1056/young/wgsr_rice_0073.jpg,WGSR,rice,side/front-controlled,young,,640x640,2056,2452,640,640,,,,,R0103-S1-20CY01T03_2020-07-11_side0.png
plant_dataset/final_core_1056/young/wgsr_rice_0074.jpg,WGSR,rice,side/front-controlled,young,,640x640,2056,2452,640,640,,,,,R0134-S1-20CY01T03_2020-07-11_side0.png
plant_dataset/final_core_1056/young/wgsr_rice_0075.jpg,WGSR,rice,side/front-controlled,young,,640x640,2056,2452,640,640,,,,,R0175-S1-20CY01T05_2020-07-11_side0.png
plant_dataset/final_core_1056/growing/wgsr_rice_0001.jpg,WGSR,rice,side/front-controlled,growing,,640x640,2056,2452,640,640,,,,,R0233-S1-20CY01T04_2020-07-11_side0.png
plant_dataset/final_core_1056/growing/wgsr_rice_0002.jpg,WGSR,rice,side/front-controlled,growing,,640x640,2056,2452,640,640,,,,,R0244-S1-20CY01T03_2020-07-11_side0.png
plant_dataset/final_core_1056/growing/wgsr_rice_0003.jpg,WGSR,rice,side/front-controlled,growing,,640x640,2056,2452,640,640,,,,,R0249-S1-20CY01T02_2020-07-11_side0.png
plant_dataset/final_core_1056/growing/wgsr_rice_0004.jpg,WGSR,rice,side/front-controlled,growing,,640x640,2056,2452,640,640,,,,,R0260-S1-20CY01T05_2020-07-11_side0.png
plant_dataset/final_core_1056/growing/wgsr_rice_0005.jpg,WGSR,rice,side/front-controlled,growing,,640x640,2056,2452,640,640,,,,,R0007-S1-20CY01T02_2020-07-12_side0.png
plant_dataset/final_core_1056/growing/wgsr_rice_0006.jpg,WGSR,rice,side/front-controlled,growing,,640x640,2056,2452,640,640,,,,,R0031-S1-20CY01T04_2020-07-12_side0.png
plant_dataset/final_core_1056/growing/wgsr_rice_0007.jpg,WGSR,rice,side/front-controlled,growing,,640x640,2056,2452,640,640,,,,,R0053-S1-20CY01T04_2020-07-12_side0.png
plant_dataset/final_core_1056/growing/wgsr_rice_0008.jpg,WGSR,rice,side/front-controlled,growing,,640x640,2056,2452,640,640,,,,,R0076-S1-20CY01T03_2020-07-12_side0.png
plant_dataset/final_core_1056/growing/wgsr_rice_0009.jpg,WGSR,rice,side/front-controlled,growing,,640x640,2056,2452,640,640,,,,,R0036-S1-20CY01T04_2020-07-15_side0.png
plant_dataset/final_core_1056/growing/wgsr_rice_0010.jpg,WGSR,rice,side/front-controlled,growing,,640x640,2056,2452,640,640,,,,,R0007-S1-20CY01T02_2020-07-18_side0.png
plant_dataset/final_core_1056/growing/wgsr_rice_0011.jpg,WGSR,rice,side/front-controlled,growing,,640x640,2056,2452,640,640,,,,,R0012-S1-20CY01T05_2020-07-18_side0.png
plant_dataset/final_core_1056/growing/wgsr_rice_0012.jpg,WGSR,rice,side/front-controlled,growing,,640x640,2056,2452,640,640,,,,,R0018-S1-20CY01T05_2020-07-18_side0.png
plant_dataset/final_core_1056/growing/wgsr_rice_0013.jpg,WGSR,rice,side/front-controlled,growing,,640x640,2056,2452,640,640,,,,,R0029-S1-20CY01T02_2020-07-18_side0.png
plant_dataset/final_core_1056/growing/wgsr_rice_0014.jpg,WGSR,rice,side/front-controlled,growing,,640x640,2056,2452,640,640,,,,,R0035-S1-20CY01T03_2020-07-18_side0.png
plant_dataset/final_core_1056/growing/wgsr_rice_0015.jpg,WGSR,rice,side/front-controlled,growing,,640x640,2056,2452,640,640,,,,,R0042-S1-20CY01T02_2020-07-18_side0.png
plant_dataset/final_core_1056/growing/wgsr_rice_0016.jpg,WGSR,rice,side/front-controlled,growing,,640x640,2056,2452,640,640,,,,,R0048-S1-20CY01T05_2020-07-18_side0.png
plant_dataset/final_core_1056/growing/wgsr_rice_0017.jpg,WGSR,rice,side/front-controlled,growing,,640x640,2056,2452,640,640,,,,,R0073-S1-20CY01T16_2020-07-18_side0.png
plant_dataset/final_core_1056/growing/wgsr_rice_0018.jpg,WGSR,rice,side/front-controlled,growing,,640x640,2056,2452,640,640,,,,,R0093-S1-20CY01T02_2020-07-18_side0.png
plant_dataset/final_core_1056/growing/wgsr_rice_0019.jpg,WGSR,rice,side/front-controlled,growing,,640x640,2056,2452,640,640,,,,,R0132-S1-20CY01T03_2020-07-18_side0.png
plant_dataset/final_core_1056/growing/wgsr_rice_0020.jpg,WGSR,rice,side/front-controlled,growing,,640x640,2056,2452,640,640,,,,,R0164-S1-20CY01T04_2020-07-18_side0.png
plant_dataset/final_core_1056/growing/wgsr_rice_0021.jpg,WGSR,rice,side/front-controlled,growing,,640x640,2056,2452,640,640,,,,,R0242-S1-20CY01T01_2020-07-18_side0.png
plant_dataset/final_core_1056/growing/wgsr_rice_0022.jpg,WGSR,rice,side/front-controlled,growing,,640x640,2056,2452,640,640,,,,,R0247-S1-20CY01T05_2020-07-18_side0.png
plant_dataset/final_core_1056/growing/wgsr_rice_0023.jpg,WGSR,rice,side/front-controlled,growing,,640x640,2056,2452,640,640,,,,,R0002-S1-20CY01T04_2020-07-19_side0.png
plant_dataset/final_core_1056/growing/wgsr_rice_0024.jpg,WGSR,rice,side/front-controlled,growing,,640x640,2056,2452,640,640,,,,,R0049-S1-20CY01T01_2020-07-19_side0.png
plant_dataset/final_core_1056/growing/wgsr_rice_0025.jpg,WGSR,rice,side/front-controlled,growing,,640x640,2056,2452,640,640,,,,,R0058-S1-20CY01T03_2020-07-19_side0.png
plant_dataset/final_core_1056/growing/wgsr_rice_0026.jpg,WGSR,rice,side/front-controlled,growing,,640x640,2056,2452,640,640,,,,,R0066-S1-20CY01T02_2020-07-19_side0.png
plant_dataset/final_core_1056/growing/wgsr_rice_0027.jpg,WGSR,rice,side/front-controlled,growing,,640x640,2056,2452,640,640,,,,,R0073-S1-20CY01T05_2020-07-19_side0.png
plant_dataset/final_core_1056/growing/wgsr_rice_0028.jpg,WGSR,rice,side/front-controlled,growing,,640x640,2056,2452,640,640,,,,,R0233-S1-20CY01T03_2020-07-19_side0.png
plant_dataset/final_core_1056/growing/wgsr_rice_0029.jpg,WGSR,rice,side/front-controlled,growing,,640x640,2056,2452,640,640,,,,,R0001-S1-20CY01T05_2020-07-25_side0.png
plant_dataset/final_core_1056/growing/wgsr_rice_0030.jpg,WGSR,rice,side/front-controlled,growing,,640x640,2056,2452,640,640,,,,,R0003-S1-20CY01T05_2020-07-25_side0.png
plant_dataset/final_core_1056/growing/wgsr_rice_0031.jpg,WGSR,rice,side/front-controlled,growing,,640x640,2056,2452,640,640,,,,,R0009-S1-20CY01T02_2020-07-25_side0.png
plant_dataset/final_core_1056/growing/wgsr_rice_0032.jpg,WGSR,rice,side/front-controlled,growing,,640x640,2056,2452,640,640,,,,,R0015-S1-20CY01T02_2020-07-25_side0.png
plant_dataset/final_core_1056/growing/wgsr_rice_0033.jpg,WGSR,rice,side/front-controlled,growing,,640x640,2056,2452,640,640,,,,,R0023-S1-20CY01T01_2020-07-25_side0.png
plant_dataset/final_core_1056/growing/wgsr_rice_0034.jpg,WGSR,rice,side/front-controlled,growing,,640x640,2056,2452,640,640,,,,,R0030-S1-20CY01T01_2020-07-25_side0.png
plant_dataset/final_core_1056/growing/wgsr_rice_0035.jpg,WGSR,rice,side/front-controlled,growing,,640x640,2056,2452,640,640,,,,,R0037-S1-20CY01T01_2020-07-25_side0.png
plant_dataset/final_core_1056/growing/wgsr_rice_0036.jpg,WGSR,rice,side/front-controlled,growing,,640x640,2056,2452,640,640,,,,,R0050-S1-20CY01T05_2020-07-25_side0.png
plant_dataset/final_core_1056/growing/wgsr_rice_0037.jpg,WGSR,rice,side/front-controlled,growing,,640x640,2056,2452,640,640,,,,,R0058-S1-20CY01T04_2020-07-25_side0.png
plant_dataset/final_core_1056/growing/wgsr_rice_0038.jpg,WGSR,rice,side/front-controlled,growing,,640x640,2056,2452,640,640,,,,,R0065-S1-20CY01T04_2020-07-25_side0.png
plant_dataset/final_core_1056/growing/wgsr_rice_0039.jpg,WGSR,rice,side/front-controlled,growing,,640x640,2056,2452,640,640,,,,,R0133-S1-20CY01T05_2020-07-25_side0.png
plant_dataset/final_core_1056/growing/wgsr_rice_0040.jpg,WGSR,rice,side/front-controlled,growing,,640x640,2056,2452,640,640,,,,,R0219-S1-20CY01T04_2020-07-25_side0.png
plant_dataset/final_core_1056/growing/wgsr_rice_0041.jpg,WGSR,rice,side/front-controlled,growing,,640x640,2056,2452,640,640,,,,,R0239-S1-20CY01T03_2020-07-25_side0.png
plant_dataset/final_core_1056/growing/wgsr_rice_0042.jpg,WGSR,rice,side/front-controlled,growing,,640x640,2056,2452,640,640,,,,,R0246-S1-20CY01T02_2020-07-25_side0.png
plant_dataset/final_core_1056/growing/wgsr_rice_0043.jpg,WGSR,rice,side/front-controlled,growing,,640x640,2056,2452,640,640,,,,,R0256-S1-20CY01T01_2020-07-25_side0.png
plant_dataset/final_core_1056/growing/wgsr_rice_0044.jpg,WGSR,rice,side/front-controlled,growing,,640x640,2056,2452,640,640,,,,,R0031-S1-20CY01T01_2020-07-26_side0.png
plant_dataset/final_core_1056/growing/wgsr_rice_0045.jpg,WGSR,rice,side/front-controlled,growing,,640x640,2056,2452,640,640,,,,,R0045-S1-20CY01T04_2020-07-26_side0.png
plant_dataset/final_core_1056/growing/wgsr_rice_0046.jpg,WGSR,rice,side/front-controlled,growing,,640x640,2056,2452,640,640,,,,,R0073-S1-20CY01T03_2020-07-26_side0.png
plant_dataset/final_core_1056/growing/wgsr_rice_0047.jpg,WGSR,rice,side/front-controlled,growing,,640x640,2056,2452,640,640,,,,,R0085-S1-20CY01T05_2020-07-26_side0.png
plant_dataset/final_core_1056/growing/wgsr_rice_0048.jpg,WGSR,rice,side/front-controlled,growing,,640x640,2056,2452,640,640,,,,,R0107-S1-20CY01T04_2020-07-26_side0.png
plant_dataset/final_core_1056/growing/wgsr_rice_0049.jpg,WGSR,rice,side/front-controlled,growing,,640x640,2056,2452,640,640,,,,,R0032-S1-20CY01T02_2020-08-05_side0.png
plant_dataset/final_core_1056/growing/wgsr_rice_0050.jpg,WGSR,rice,side/front-controlled,growing,,640x640,2056,2452,640,640,,,,,R0005-S1-20CY01T05_2020-08-15_side0.png
plant_dataset/final_core_1056/growing/wgsr_rice_0051.jpg,WGSR,rice,side/front-controlled,growing,,640x640,2056,2452,640,640,,,,,R0014-S1-20CY01T01_2020-08-15_side0.png
plant_dataset/final_core_1056/growing/wgsr_rice_0052.jpg,WGSR,rice,side/front-controlled,growing,,640x640,2056,2452,640,640,,,,,R0021-S1-20CY01T05_2020-08-15_side0.png
plant_dataset/final_core_1056/growing/wgsr_rice_0053.jpg,WGSR,rice,side/front-controlled,growing,,640x640,2056,2452,640,640,,,,,R0035-S1-20CY01T03_2020-08-15_side0.png
plant_dataset/final_core_1056/growing/wgsr_rice_0054.jpg,WGSR,rice,side/front-controlled,growing,,640x640,2056,2452,640,640,,,,,R0042-S1-20CY01T04_2020-08-15_side0.png
plant_dataset/final_core_1056/growing/wgsr_rice_0055.jpg,WGSR,rice,side/front-controlled,growing,,640x640,2056,2452,640,640,,,,,R0050-S1-20CY01T04_2020-08-15_side0.png
plant_dataset/final_core_1056/growing/wgsr_rice_0056.jpg,WGSR,rice,side/front-controlled,growing,,640x640,2056,2452,640,640,,,,,R0061-S1-20CY01T03_2020-08-15_side0.png
plant_dataset/final_core_1056/growing/wgsr_rice_0057.jpg,WGSR,rice,side/front-controlled,growing,,640x640,2056,2452,640,640,,,,,R0070-S1-20CY01T04_2020-08-15_side0.png
plant_dataset/final_core_1056/growing/wgsr_rice_0058.jpg,WGSR,rice,side/front-controlled,growing,,640x640,2056,2452,640,640,,,,,R0093-S1-20CY01T05_2020-08-15_side0.png
plant_dataset/final_core_1056/growing/wgsr_rice_0059.jpg,WGSR,rice,side/front-controlled,growing,,640x640,2056,2452,640,640,,,,,R0162-S1-20CY01T01_2020-08-15_side0.png
plant_dataset/final_core_1056/growing/wgsr_rice_0060.jpg,WGSR,rice,side/front-controlled,growing,,640x640,2056,2452,640,640,,,,,R0244-S1-20CY01T04_2020-08-15_side0.png
plant_dataset/final_core_1056/growing/wgsr_rice_0061.jpg,WGSR,rice,side/front-controlled,growing,,640x640,2056,2452,640,640,,,,,R0002-S1-20CY01T09_2020-08-16_side0.png
plant_dataset/final_core_1056/growing/wgsr_rice_0062.jpg,WGSR,rice,side/front-controlled,growing,,640x640,2056,2452,640,640,,,,,R0013-S1-20CY01T03_2020-08-16_side0.png
plant_dataset/final_core_1056/growing/wgsr_rice_0063.jpg,WGSR,rice,side/front-controlled,growing,,640x640,2056,2452,640,640,,,,,R0029-S1-20CY01T04_2020-08-16_side0.png
plant_dataset/final_core_1056/growing/wgsr_rice_0064.jpg,WGSR,rice,side/front-controlled,growing,,640x640,2056,2452,640,640,,,,,R0052-S1-20CY01T02_2020-08-16_side0.png
plant_dataset/final_core_1056/growing/wgsr_rice_0065.jpg,WGSR,rice,side/front-controlled,growing,,640x640,2056,2452,640,640,,,,,R0072-S1-20CY01T03_2020-08-16_side0.png
plant_dataset/final_core_1056/growing/wgsr_rice_0066.jpg,WGSR,rice,side/front-controlled,growing,,640x640,2056,2452,640,640,,,,,R0085-S1-20CY01T03_2020-08-16_side0.png
plant_dataset/final_core_1056/growing/wgsr_rice_0067.jpg,WGSR,rice,side/front-controlled,growing,,640x640,2056,2452,640,640,,,,,R0164-S1-20CY01T05_2020-08-16_side0.png
plant_dataset/final_core_1056/growing/wgsr_rice_0068.jpg,WGSR,rice,side/front-controlled,growing,,640x640,2056,2452,640,640,,,,,R0236-S1-20CY01T04_2020-08-16_side0.png
plant_dataset/final_core_1056/growing/wgsr_rice_0069.jpg,WGSR,rice,side/front-controlled,growing,,640x640,2056,2452,640,640,,,,,R0002-S1-20CY01T02_2020-08-22_side0.png
plant_dataset/final_core_1056/growing/wgsr_rice_0070.jpg,WGSR,rice,side/front-controlled,growing,,640x640,2056,2452,640,640,,,,,R0012-S1-20CY01T01_2020-08-22_side0.png
plant_dataset/final_core_1056/growing/wgsr_rice_0071.jpg,WGSR,rice,side/front-controlled,growing,,640x640,2056,2452,640,640,,,,,R0027-S1-20CY01T01_2020-08-22_side0.png
plant_dataset/final_core_1056/growing/wgsr_rice_0072.jpg,WGSR,rice,side/front-controlled,growing,,640x640,2056,2452,640,640,,,,,R0042-S1-20CY01T03_2020-08-22_side0.png
plant_dataset/final_core_1056/growing/wgsr_rice_0073.jpg,WGSR,rice,side/front-controlled,growing,,640x640,2056,2452,640,640,,,,,R0058-S1-20CY01T02_2020-08-22_side0.png
plant_dataset/final_core_1056/growing/wgsr_rice_0074.jpg,WGSR,rice,side/front-controlled,growing,,640x640,2056,2452,640,640,,,,,R0066-S1-20CY01T05_2020-08-22_side0.png
plant_dataset/final_core_1056/growing/wgsr_rice_0075.jpg,WGSR,rice,side/front-controlled,growing,,640x640,2056,2452,640,640,,,,,R0076-S1-20CY01T02_2020-08-22_side0.png
plant_dataset/final_core_1056/flowering/wgsr_rice_0001.jpg,WGSR,rice,side/front-controlled,flowering,,640x640,2056,2452,640,640,,,,,R0133-S1-20CY01T01_2020-08-22_side0.png
plant_dataset/final_core_1056/flowering/wgsr_rice_0002.jpg,WGSR,rice,side/front-controlled,flowering,,640x640,2056,2452,640,640,,,,,R0228-S1-20CY01T01_2020-08-22_side0.png
plant_dataset/final_core_1056/flowering/wgsr_rice_0003.jpg,WGSR,rice,side/front-controlled,flowering,,640x640,2056,2452,640,640,,,,,R0245-S1-20CY01T02_2020-08-22_side0.png
plant_dataset/final_core_1056/flowering/wgsr_rice_0004.jpg,WGSR,rice,side/front-controlled,flowering,,640x640,2056,2452,640,640,,,,,R0002-S1-20CY01T17_2020-08-23_side0.png
plant_dataset/final_core_1056/flowering/wgsr_rice_0005.jpg,WGSR,rice,side/front-controlled,flowering,,640x640,2056,2452,640,640,,,,,R0009-S1-20CY01T05_2020-08-23_side0.png
plant_dataset/final_core_1056/flowering/wgsr_rice_0006.jpg,WGSR,rice,side/front-controlled,flowering,,640x640,2056,2452,640,640,,,,,R0017-S1-20CY01T02_2020-08-23_side0.png
plant_dataset/final_core_1056/flowering/wgsr_rice_0007.jpg,WGSR,rice,side/front-controlled,flowering,,640x640,2056,2452,640,640,,,,,R0032-S1-20CY01T03_2020-08-23_side0.png
plant_dataset/final_core_1056/flowering/wgsr_rice_0008.jpg,WGSR,rice,side/front-controlled,flowering,,640x640,2056,2452,640,640,,,,,R0041-S1-20CY01T04_2020-08-23_side0.png
plant_dataset/final_core_1056/flowering/wgsr_rice_0009.jpg,WGSR,rice,side/front-controlled,flowering,,640x640,2056,2452,640,640,,,,,R0048-S1-20CY01T03_2020-08-23_side0.png
plant_dataset/final_core_1056/flowering/wgsr_rice_0010.jpg,WGSR,rice,side/front-controlled,flowering,,640x640,2056,2452,640,640,,,,,R0069-S1-20CY01T05_2020-08-23_side0.png
plant_dataset/final_core_1056/flowering/wgsr_rice_0011.jpg,WGSR,rice,side/front-controlled,flowering,,640x640,2056,2452,640,640,,,,,R0103-S1-20CY01T02_2020-08-23_side0.png
plant_dataset/final_core_1056/flowering/wgsr_rice_0012.jpg,WGSR,rice,side/front-controlled,flowering,,640x640,2056,2452,640,640,,,,,R0239-S1-20CY01T04_2020-08-23_side0.png
plant_dataset/final_core_1056/flowering/wgsr_rice_0013.jpg,WGSR,rice,side/front-controlled,flowering,,640x640,2056,2452,640,640,,,,,R0001-S1-20CY01T04_2020-08-29_side0.png
plant_dataset/final_core_1056/flowering/wgsr_rice_0014.jpg,WGSR,rice,side/front-controlled,flowering,,640x640,2056,2452,640,640,,,,,R0007-S1-20CY01T02_2020-08-29_side0.png
plant_dataset/final_core_1056/flowering/wgsr_rice_0015.jpg,WGSR,rice,side/front-controlled,flowering,,640x640,2056,2452,640,640,,,,,R0012-S1-20CY01T05_2020-08-29_side0.png
plant_dataset/final_core_1056/flowering/wgsr_rice_0016.jpg,WGSR,rice,side/front-controlled,flowering,,640x640,2056,2452,640,640,,,,,R0027-S1-20CY01T03_2020-08-29_side0.png
plant_dataset/final_core_1056/flowering/wgsr_rice_0017.jpg,WGSR,rice,side/front-controlled,flowering,,640x640,2056,2452,640,640,,,,,R0034-S1-20CY01T05_2020-08-29_side0.png
plant_dataset/final_core_1056/flowering/wgsr_rice_0018.jpg,WGSR,rice,side/front-controlled,flowering,,640x640,2056,2452,640,640,,,,,R0049-S1-20CY01T04_2020-08-29_side0.png
plant_dataset/final_core_1056/flowering/wgsr_rice_0019.jpg,WGSR,rice,side/front-controlled,flowering,,640x640,2056,2452,640,640,,,,,R0058-S1-20CY01T03_2020-08-29_side0.png
plant_dataset/final_core_1056/flowering/wgsr_rice_0020.jpg,WGSR,rice,side/front-controlled,flowering,,640x640,2056,2452,640,640,,,,,R0065-S1-20CY01T01_2020-08-29_side0.png
plant_dataset/final_core_1056/flowering/wgsr_rice_0021.jpg,WGSR,rice,side/front-controlled,flowering,,640x640,2056,2452,640,640,,,,,R0073-S1-20CY01T05_2020-08-29_side0.png
plant_dataset/final_core_1056/flowering/wgsr_rice_0022.jpg,WGSR,rice,side/front-controlled,flowering,,640x640,2056,2452,640,640,,,,,R0087-S1-20CY01T02_2020-08-29_side0.png
plant_dataset/final_core_1056/flowering/wgsr_rice_0023.jpg,WGSR,rice,side/front-controlled,flowering,,640x640,2056,2452,640,640,,,,,R0132-S1-20CY01T05_2020-08-29_side0.png
plant_dataset/final_core_1056/flowering/wgsr_rice_0024.jpg,WGSR,rice,side/front-controlled,flowering,,640x640,2056,2452,640,640,,,,,R0175-S1-20CY01T03_2020-08-29_side0.png
plant_dataset/final_core_1056/flowering/wgsr_rice_0025.jpg,WGSR,rice,side/front-controlled,flowering,,640x640,2056,2452,640,640,,,,,R0236-S1-20CY01T01_2020-08-29_side0.png
plant_dataset/final_core_1056/flowering/wgsr_rice_0026.jpg,WGSR,rice,side/front-controlled,flowering,,640x640,2056,2452,640,640,,,,,R0247-S1-20CY01T03_2020-08-29_side0.png
plant_dataset/final_core_1056/flowering/wgsr_rice_0027.jpg,WGSR,rice,side/front-controlled,flowering,,640x640,2056,2452,640,640,,,,,R0005-S1-20CY01T04_2020-08-30_side0.png
plant_dataset/final_core_1056/flowering/wgsr_rice_0028.jpg,WGSR,rice,side/front-controlled,flowering,,640x640,2056,2452,640,640,,,,,R0017-S1-20CY01T04_2020-08-30_side0.png
plant_dataset/final_core_1056/flowering/wgsr_rice_0029.jpg,WGSR,rice,side/front-controlled,flowering,,640x640,2056,2452,640,640,,,,,R0039-S1-20CY01T03_2020-08-30_side0.png
plant_dataset/final_core_1056/flowering/wgsr_rice_0030.jpg,WGSR,rice,side/front-controlled,flowering,,640x640,2056,2452,640,640,,,,,R0048-S1-20CY01T02_2020-08-30_side0.png
plant_dataset/final_core_1056/flowering/wgsr_rice_0031.jpg,WGSR,rice,side/front-controlled,flowering,,640x640,2056,2452,640,640,,,,,R0073-S1-20CY01T16_2020-08-30_side0.png
plant_dataset/final_core_1056/flowering/wgsr_rice_0032.jpg,WGSR,rice,side/front-controlled,flowering,,640x640,2056,2452,640,640,,,,,R0240-S1-20CY01T04_2020-08-30_side0.png
plant_dataset/final_core_1056/flowering/wgsr_rice_0033.jpg,WGSR,rice,side/front-controlled,flowering,,640x640,2056,2452,640,640,,,,,R0002-S1-20CY01T10_2020-09-05_side0.png
plant_dataset/final_core_1056/flowering/wgsr_rice_0034.jpg,WGSR,rice,side/front-controlled,flowering,,640x640,2056,2452,640,640,,,,,R0010-S1-20CY01T03_2020-09-05_side0.png
plant_dataset/final_core_1056/flowering/wgsr_rice_0035.jpg,WGSR,rice,side/front-controlled,flowering,,640x640,2056,2452,640,640,,,,,R0021-S1-20CY01T02_2020-09-05_side0.png
plant_dataset/final_core_1056/flowering/wgsr_rice_0036.jpg,WGSR,rice,side/front-controlled,flowering,,640x640,2056,2452,640,640,,,,,R0031-S1-20CY01T05_2020-09-05_side0.png
plant_dataset/final_core_1056/flowering/wgsr_rice_0037.jpg,WGSR,rice,side/front-controlled,flowering,,640x640,2056,2452,640,640,,,,,R0044-S1-20CY01T03_2020-09-05_side0.png
plant_dataset/final_core_1056/flowering/wgsr_rice_0038.jpg,WGSR,rice,side/front-controlled,flowering,,640x640,2056,2452,640,640,,,,,R0054-S1-20CY01T03_2020-09-05_side0.png
plant_dataset/final_core_1056/flowering/wgsr_rice_0039.jpg,WGSR,rice,side/front-controlled,flowering,,640x640,2056,2452,640,640,,,,,R0069-S1-20CY01T02_2020-09-05_side0.png
plant_dataset/final_core_1056/flowering/wgsr_rice_0040.jpg,WGSR,rice,side/front-controlled,flowering,,640x640,2056,2452,640,640,,,,,R0073-S1-20CY01T09_2020-09-05_side0.png
plant_dataset/final_core_1056/flowering/wgsr_rice_0041.jpg,WGSR,rice,side/front-controlled,flowering,,640x640,2056,2452,640,640,,,,,R0094-S1-20CY01T03_2020-09-05_side0.png
plant_dataset/final_core_1056/flowering/wgsr_rice_0042.jpg,WGSR,rice,side/front-controlled,flowering,,640x640,2056,2452,640,640,,,,,R0162-S1-20CY01T05_2020-09-05_side0.png
plant_dataset/final_core_1056/flowering/wgsr_rice_0043.jpg,WGSR,rice,side/front-controlled,flowering,,640x640,2056,2452,640,640,,,,,R0230-S1-20CY01T02_2020-09-05_side0.png
plant_dataset/final_core_1056/flowering/wgsr_rice_0044.jpg,WGSR,rice,side/front-controlled,flowering,,640x640,2056,2452,640,640,,,,,R0245-S1-20CY01T04_2020-09-05_side0.png
plant_dataset/final_core_1056/flowering/wgsr_rice_0045.jpg,WGSR,rice,side/front-controlled,flowering,,640x640,2056,2452,640,640,,,,,R0002-S1-20CY01T17_2020-09-06_side0.png
plant_dataset/final_core_1056/flowering/wgsr_rice_0046.jpg,WGSR,rice,side/front-controlled,flowering,,640x640,2056,2452,640,640,,,,,R0009-S1-20CY01T05_2020-09-06_side0.png
plant_dataset/final_core_1056/flowering/wgsr_rice_0047.jpg,WGSR,rice,side/front-controlled,flowering,,640x640,2056,2452,640,640,,,,,R0026-S1-20CY01T05_2020-09-06_side0.png
plant_dataset/final_core_1056/flowering/wgsr_rice_0048.jpg,WGSR,rice,side/front-controlled,flowering,,640x640,2056,2452,640,640,,,,,R0042-S1-20CY01T02_2020-09-06_side0.png
plant_dataset/final_core_1056/flowering/wgsr_rice_0049.jpg,WGSR,rice,side/front-controlled,flowering,,640x640,2056,2452,640,640,,,,,R0052-S1-20CY01T05_2020-09-06_side0.png
plant_dataset/final_core_1056/flowering/wgsr_rice_0050.jpg,WGSR,rice,side/front-controlled,flowering,,640x640,2056,2452,640,640,,,,,R0071-S1-20CY01T04_2020-09-06_side0.png
plant_dataset/final_core_1056/flowering/wgsr_rice_0051.jpg,WGSR,rice,side/front-controlled,flowering,,640x640,2056,2452,640,640,,,,,R0134-S1-20CY01T02_2020-09-06_side0.png
plant_dataset/final_core_1056/flowering/wgsr_rice_0052.jpg,WGSR,rice,side/front-controlled,flowering,,640x640,2056,2452,640,640,,,,,R0002-S1-20CY01T17_2020-09-12_side0.png
plant_dataset/final_core_1056/flowering/wgsr_rice_0053.jpg,WGSR,rice,side/front-controlled,flowering,,640x640,2056,2452,640,640,,,,,R0010-S1-20CY01T01_2020-09-12_side0.png
plant_dataset/final_core_1056/flowering/wgsr_rice_0054.jpg,WGSR,rice,side/front-controlled,flowering,,640x640,2056,2452,640,640,,,,,R0015-S1-20CY01T05_2020-09-12_side0.png
plant_dataset/final_core_1056/flowering/wgsr_rice_0055.jpg,WGSR,rice,side/front-controlled,flowering,,640x640,2056,2452,640,640,,,,,R0027-S1-20CY01T01_2020-09-12_side0.png
plant_dataset/final_core_1056/flowering/wgsr_rice_0056.jpg,WGSR,rice,side/front-controlled,flowering,,640x640,2056,2452,640,640,,,,,R0033-S1-20CY01T05_2020-09-12_side0.png
plant_dataset/final_core_1056/flowering/wgsr_rice_0057.jpg,WGSR,rice,side/front-controlled,flowering,,640x640,2056,2452,640,640,,,,,R0042-S1-20CY01T02_2020-09-12_side0.png
plant_dataset/final_core_1056/flowering/wgsr_rice_0058.jpg,WGSR,rice,side/front-controlled,flowering,,640x640,2056,2452,640,640,,,,,R0053-S1-20CY01T03_2020-09-12_side0.png
plant_dataset/final_core_1056/flowering/wgsr_rice_0059.jpg,WGSR,rice,side/front-controlled,flowering,,640x640,2056,2452,640,640,,,,,R0060-S1-20CY01T05_2020-09-12_side0.png
plant_dataset/final_core_1056/flowering/wgsr_rice_0060.jpg,WGSR,rice,side/front-controlled,flowering,,640x640,2056,2452,640,640,,,,,R0066-S1-20CY01T05_2020-09-12_side0.png
plant_dataset/final_core_1056/flowering/wgsr_rice_0061.jpg,WGSR,rice,side/front-controlled,flowering,,640x640,2056,2452,640,640,,,,,R0076-S1-20CY01T02_2020-09-12_side0.png
plant_dataset/final_core_1056/flowering/wgsr_rice_0062.jpg,WGSR,rice,side/front-controlled,flowering,,640x640,2056,2452,640,640,,,,,R0094-S1-20CY01T02_2020-09-12_side0.png
plant_dataset/final_core_1056/flowering/wgsr_rice_0063.jpg,WGSR,rice,side/front-controlled,flowering,,640x640,2056,2452,640,640,,,,,R0134-S1-20CY01T04_2020-09-12_side0.png
plant_dataset/final_core_1056/flowering/wgsr_rice_0064.jpg,WGSR,rice,side/front-controlled,flowering,,640x640,2056,2452,640,640,,,,,R0230-S1-20CY01T03_2020-09-12_side0.png
plant_dataset/final_core_1056/flowering/wgsr_rice_0065.jpg,WGSR,rice,side/front-controlled,flowering,,640x640,2056,2452,640,640,,,,,R0245-S1-20CY01T04_2020-09-12_side0.png
plant_dataset/final_core_1056/flowering/wgsr_rice_0066.jpg,WGSR,rice,side/front-controlled,flowering,,640x640,2056,2452,640,640,,,,,R0260-S1-20CY01T02_2020-09-12_side0.png
plant_dataset/final_core_1056/flowering/wgsr_rice_0067.jpg,WGSR,rice,side/front-controlled,flowering,,640x640,2056,2452,640,640,,,,,R0005-S1-20CY01T03_2020-09-13_side0.png
plant_dataset/final_core_1056/flowering/wgsr_rice_0068.jpg,WGSR,rice,side/front-controlled,flowering,,640x640,2056,2452,640,640,,,,,R0030-S1-20CY01T01_2020-09-13_side0.png
plant_dataset/final_core_1056/flowering/wgsr_rice_0069.jpg,WGSR,rice,side/front-controlled,flowering,,640x640,2056,2452,640,640,,,,,R0047-S1-20CY01T05_2020-09-13_side0.png
plant_dataset/final_core_1056/flowering/wgsr_rice_0070.jpg,WGSR,rice,side/front-controlled,flowering,,640x640,2056,2452,640,640,,,,,R0133-S1-20CY01T04_2020-09-13_side0.png
plant_dataset/final_core_1056/flowering/wgsr_rice_0071.jpg,WGSR,rice,side/front-controlled,flowering,,640x640,2056,2452,640,640,,,,,R0255-S1-20CY01T01_2020-09-13_side0.png
plant_dataset/final_core_1056/flowering/wgsr_rice_0072.jpg,WGSR,rice,side/front-controlled,flowering,,640x640,2056,2452,640,640,,,,,R0007-S1-20CY01T05_2020-09-19_side0.png
plant_dataset/final_core_1056/flowering/wgsr_rice_0073.jpg,WGSR,rice,side/front-controlled,flowering,,640x640,2056,2452,640,640,,,,,R0013-S1-20CY01T01_2020-09-19_side0.png
plant_dataset/final_core_1056/flowering/wgsr_rice_0074.jpg,WGSR,rice,side/front-controlled,flowering,,640x640,2056,2452,640,640,,,,,R0026-S1-20CY01T02_2020-09-19_side0.png
plant_dataset/final_core_1056/flowering/wgsr_rice_0075.jpg,WGSR,rice,side/front-controlled,flowering,,640x640,2056,2452,640,640,,,,,R0032-S1-20CY01T02_2020-09-19_side0.png
plant_dataset/final_core_1056/fruiting/wgsr_rice_0001.jpg,WGSR,rice,side/front-controlled,fruiting,,640x640,2056,2452,640,640,,,,,R0037-S1-20CY01T04_2020-09-19_side0.png
plant_dataset/final_core_1056/fruiting/wgsr_rice_0002.jpg,WGSR,rice,side/front-controlled,fruiting,,640x640,2056,2452,640,640,,,,,R0052-S1-20CY01T03_2020-09-19_side0.png
plant_dataset/final_core_1056/fruiting/wgsr_rice_0003.jpg,WGSR,rice,side/front-controlled,fruiting,,640x640,2056,2452,640,640,,,,,R0061-S1-20CY01T02_2020-09-19_side0.png
plant_dataset/final_core_1056/fruiting/wgsr_rice_0004.jpg,WGSR,rice,side/front-controlled,fruiting,,640x640,2056,2452,640,640,,,,,R0070-S1-20CY01T02_2020-09-19_side0.png
plant_dataset/final_core_1056/fruiting/wgsr_rice_0005.jpg,WGSR,rice,side/front-controlled,fruiting,,640x640,2056,2452,640,640,,,,,R0085-S1-20CY01T02_2020-09-19_side0.png
plant_dataset/final_core_1056/fruiting/wgsr_rice_0006.jpg,WGSR,rice,side/front-controlled,fruiting,,640x640,2056,2452,640,640,,,,,R0107-S1-20CY01T05_2020-09-19_side0.png
plant_dataset/final_core_1056/fruiting/wgsr_rice_0007.jpg,WGSR,rice,side/front-controlled,fruiting,,640x640,2056,2452,640,640,,,,,R0158-S1-20CY01T05_2020-09-19_side0.png
plant_dataset/final_core_1056/fruiting/wgsr_rice_0008.jpg,WGSR,rice,side/front-controlled,fruiting,,640x640,2056,2452,640,640,,,,,R0233-S1-20CY01T04_2020-09-19_side0.png
plant_dataset/final_core_1056/fruiting/wgsr_rice_0009.jpg,WGSR,rice,side/front-controlled,fruiting,,640x640,2056,2452,640,640,,,,,R0245-S1-20CY01T03_2020-09-19_side0.png
plant_dataset/final_core_1056/fruiting/wgsr_rice_0010.jpg,WGSR,rice,side/front-controlled,fruiting,,640x640,2056,2452,640,640,,,,,R0260-S1-20CY01T01_2020-09-19_side0.png
plant_dataset/final_core_1056/fruiting/wgsr_rice_0011.jpg,WGSR,rice,side/front-controlled,fruiting,,640x640,2056,2452,640,640,,,,,R0005-S1-20CY01T02_2020-09-20_side0.png
plant_dataset/final_core_1056/fruiting/wgsr_rice_0012.jpg,WGSR,rice,side/front-controlled,fruiting,,640x640,2056,2452,640,640,,,,,R0032-S1-20CY01T05_2020-09-20_side0.png
plant_dataset/final_core_1056/fruiting/wgsr_rice_0013.jpg,WGSR,rice,side/front-controlled,fruiting,,640x640,2056,2452,640,640,,,,,R0048-S1-20CY01T02_2020-09-20_side0.png
plant_dataset/final_core_1056/fruiting/wgsr_rice_0014.jpg,WGSR,rice,side/front-controlled,fruiting,,640x640,2056,2452,640,640,,,,,R0073-S1-20CY01T10_2020-09-20_side0.png
plant_dataset/final_core_1056/fruiting/wgsr_rice_0015.jpg,WGSR,rice,side/front-controlled,fruiting,,640x640,2056,2452,640,640,,,,,R0247-S1-20CY01T04_2020-09-20_side0.png
plant_dataset/final_core_1056/fruiting/wgsr_rice_0016.jpg,WGSR,rice,side/front-controlled,fruiting,,640x640,2056,2452,640,640,,,,,R0014-S1-20CY01T03_2020-09-26_side0.png
plant_dataset/final_core_1056/fruiting/wgsr_rice_0017.jpg,WGSR,rice,side/front-controlled,fruiting,,640x640,2056,2452,640,640,,,,,R0026-S1-20CY01T02_2020-09-26_side0.png
plant_dataset/final_core_1056/fruiting/wgsr_rice_0018.jpg,WGSR,rice,side/front-controlled,fruiting,,640x640,2056,2452,640,640,,,,,R0032-S1-20CY01T03_2020-09-26_side0.png
plant_dataset/final_core_1056/fruiting/wgsr_rice_0019.jpg,WGSR,rice,side/front-controlled,fruiting,,640x640,2056,2452,640,640,,,,,R0045-S1-20CY01T03_2020-09-26_side0.png
plant_dataset/final_core_1056/fruiting/wgsr_rice_0020.jpg,WGSR,rice,side/front-controlled,fruiting,,640x640,2056,2452,640,640,,,,,R0058-S1-20CY01T05_2020-09-26_side0.png
plant_dataset/final_core_1056/fruiting/wgsr_rice_0021.jpg,WGSR,rice,side/front-controlled,fruiting,,640x640,2056,2452,640,640,,,,,R0070-S1-20CY01T04_2020-09-26_side0.png
plant_dataset/final_core_1056/fruiting/wgsr_rice_0022.jpg,WGSR,rice,side/front-controlled,fruiting,,640x640,2056,2452,640,640,,,,,R0073-S1-20CY01T20_2020-09-26_side0.png
plant_dataset/final_core_1056/fruiting/wgsr_rice_0023.jpg,WGSR,rice,side/front-controlled,fruiting,,640x640,2056,2452,640,640,,,,,R0132-S1-20CY01T05_2020-09-26_side0.png
plant_dataset/final_core_1056/fruiting/wgsr_rice_0024.jpg,WGSR,rice,side/front-controlled,fruiting,,640x640,2056,2452,640,640,,,,,R0186-S1-20CY01T03_2020-09-26_side0.png
plant_dataset/final_core_1056/fruiting/wgsr_rice_0025.jpg,WGSR,rice,side/front-controlled,fruiting,,640x640,2056,2452,640,640,,,,,R0246-S1-20CY01T02_2020-09-26_side0.png
plant_dataset/final_core_1056/fruiting/wgsr_rice_0026.jpg,WGSR,rice,side/front-controlled,fruiting,,640x640,2056,2452,640,640,,,,,R0002-S1-20CY01T19_2020-09-27_side0.png
plant_dataset/final_core_1056/fruiting/wgsr_rice_0027.jpg,WGSR,rice,side/front-controlled,fruiting,,640x640,2056,2452,640,640,,,,,R0053-S1-20CY01T04_2020-09-27_side0.png
plant_dataset/final_core_1056/fruiting/wgsr_rice_0028.jpg,WGSR,rice,side/front-controlled,fruiting,,640x640,2056,2452,640,640,,,,,R0175-S1-20CY01T04_2020-09-27_side0.png
plant_dataset/final_core_1056/fruiting/wgsr_rice_0029.jpg,WGSR,rice,side/front-controlled,fruiting,,640x640,2056,2452,640,640,,,,,R0005-S1-20CY01T02_2020-10-03_side0.png
plant_dataset/final_core_1056/fruiting/wgsr_rice_0030.jpg,WGSR,rice,side/front-controlled,fruiting,,640x640,2056,2452,640,640,,,,,R0015-S1-20CY01T05_2020-10-03_side0.png
plant_dataset/final_core_1056/fruiting/wgsr_rice_0031.jpg,WGSR,rice,side/front-controlled,fruiting,,640x640,2056,2452,640,640,,,,,R0029-S1-20CY01T02_2020-10-03_side0.png
plant_dataset/final_core_1056/fruiting/wgsr_rice_0032.jpg,WGSR,rice,side/front-controlled,fruiting,,640x640,2056,2452,640,640,,,,,R0033-S1-20CY01T05_2020-10-03_side0.png
plant_dataset/final_core_1056/fruiting/wgsr_rice_0033.jpg,WGSR,rice,side/front-controlled,fruiting,,640x640,2056,2452,640,640,,,,,R0048-S1-20CY01T01_2020-10-03_side0.png
plant_dataset/final_core_1056/fruiting/wgsr_rice_0034.jpg,WGSR,rice,side/front-controlled,fruiting,,640x640,2056,2452,640,640,,,,,R0057-S1-20CY01T04_2020-10-03_side0.png
plant_dataset/final_core_1056/fruiting/wgsr_rice_0035.jpg,WGSR,rice,side/front-controlled,fruiting,,640x640,2056,2452,640,640,,,,,R0069-S1-20CY01T03_2020-10-03_side0.png
plant_dataset/final_core_1056/fruiting/wgsr_rice_0036.jpg,WGSR,rice,side/front-controlled,fruiting,,640x640,2056,2452,640,640,,,,,R0085-S1-20CY01T03_2020-10-03_side0.png
plant_dataset/final_core_1056/fruiting/wgsr_rice_0037.jpg,WGSR,rice,side/front-controlled,fruiting,,640x640,2056,2452,640,640,,,,,R0158-S1-20CY01T04_2020-10-03_side0.png
plant_dataset/final_core_1056/fruiting/wgsr_rice_0038.jpg,WGSR,rice,side/front-controlled,fruiting,,640x640,2056,2452,640,640,,,,,R0219-S1-20CY01T05_2020-10-03_side0.png
plant_dataset/final_core_1056/fruiting/wgsr_rice_0039.jpg,WGSR,rice,side/front-controlled,fruiting,,640x640,2056,2452,640,640,,,,,R0247-S1-20CY01T03_2020-10-03_side0.png
plant_dataset/final_core_1056/fruiting/wgsr_rice_0040.jpg,WGSR,rice,side/front-controlled,fruiting,,640x640,2056,2452,640,640,,,,,R0073-S1-20CY01T04_2020-10-04_side0.png
plant_dataset/final_core_1056/fruiting/wgsr_rice_0041.jpg,WGSR,rice,side/front-controlled,fruiting,,640x640,2056,2452,640,640,,,,,R0053-S1-20CY01T03_2020-10-10_side0.png
plant_dataset/final_core_1056/fruiting/wgsr_rice_0042.jpg,WGSR,rice,side/front-controlled,fruiting,,640x640,2056,2452,640,640,,,,,R0158-S1-20CY01T05_2020-10-10_side0.png
plant_dataset/final_core_1056/fruiting/wgsr_rice_0043.jpg,WGSR,rice,side/front-controlled,fruiting,,640x640,2056,2452,640,640,,,,,R0004-S1-20CY01T01_2020-10-11_side0.png
plant_dataset/final_core_1056/fruiting/wgsr_rice_0044.jpg,WGSR,rice,side/front-controlled,fruiting,,640x640,2056,2452,640,640,,,,,R0015-S1-20CY01T04_2020-10-11_side0.png
plant_dataset/final_core_1056/fruiting/wgsr_rice_0045.jpg,WGSR,rice,side/front-controlled,fruiting,,640x640,2056,2452,640,640,,,,,R0027-S1-20CY01T05_2020-10-11_side0.png
plant_dataset/final_core_1056/fruiting/wgsr_rice_0046.jpg,WGSR,rice,side/front-controlled,fruiting,,640x640,2056,2452,640,640,,,,,R0033-S1-20CY01T01_2020-10-11_side0.png
plant_dataset/final_core_1056/fruiting/wgsr_rice_0047.jpg,WGSR,rice,side/front-controlled,fruiting,,640x640,2056,2452,640,640,,,,,R0047-S1-20CY01T03_2020-10-11_side0.png
plant_dataset/final_core_1056/fruiting/wgsr_rice_0048.jpg,WGSR,rice,side/front-controlled,fruiting,,640x640,2056,2452,640,640,,,,,R0060-S1-20CY01T04_2020-10-11_side0.png
plant_dataset/final_core_1056/fruiting/wgsr_rice_0049.jpg,WGSR,rice,side/front-controlled,fruiting,,640x640,2056,2452,640,640,,,,,R0073-S1-20CY01T05_2020-10-11_side0.png
plant_dataset/final_core_1056/fruiting/wgsr_rice_0050.jpg,WGSR,rice,side/front-controlled,fruiting,,640x640,2056,2452,640,640,,,,,R0093-S1-20CY01T02_2020-10-11_side0.png
plant_dataset/final_core_1056/fruiting/wgsr_rice_0051.jpg,WGSR,rice,side/front-controlled,fruiting,,640x640,2056,2452,640,640,,,,,R0186-S1-20CY01T02_2020-10-11_side0.png
plant_dataset/final_core_1056/fruiting/wgsr_rice_0052.jpg,WGSR,rice,side/front-controlled,fruiting,,640x640,2056,2452,640,640,,,,,R0246-S1-20CY01T04_2020-10-11_side0.png
plant_dataset/final_core_1056/fruiting/wgsr_rice_0053.jpg,WGSR,rice,side/front-controlled,fruiting,,640x640,2056,2452,640,640,,,,,R0010-S1-20CY01T05_2020-10-17_side0.png
plant_dataset/final_core_1056/fruiting/wgsr_rice_0054.jpg,WGSR,rice,side/front-controlled,fruiting,,640x640,2056,2452,640,640,,,,,R0023-S1-20CY01T05_2020-10-17_side0.png
plant_dataset/final_core_1056/fruiting/wgsr_rice_0055.jpg,WGSR,rice,side/front-controlled,fruiting,,640x640,2056,2452,640,640,,,,,R0039-S1-20CY01T02_2020-10-17_side0.png
plant_dataset/final_core_1056/fruiting/wgsr_rice_0056.jpg,WGSR,rice,side/front-controlled,fruiting,,640x640,2056,2452,640,640,,,,,R0060-S1-20CY01T03_2020-10-17_side0.png
plant_dataset/final_core_1056/fruiting/wgsr_rice_0057.jpg,WGSR,rice,side/front-controlled,fruiting,,640x640,2056,2452,640,640,,,,,R0073-S1-20CY01T06_2020-10-17_side0.png
plant_dataset/final_core_1056/fruiting/wgsr_rice_0058.jpg,WGSR,rice,side/front-controlled,fruiting,,640x640,2056,2452,640,640,,,,,R0113-S1-20CY01T03_2020-10-17_side0.png
plant_dataset/final_core_1056/fruiting/wgsr_rice_0059.jpg,WGSR,rice,side/front-controlled,fruiting,,640x640,2056,2452,640,640,,,,,R0246-S1-20CY01T01_2020-10-17_side0.png
plant_dataset/final_core_1056/fruiting/wgsr_rice_0060.jpg,WGSR,rice,side/front-controlled,fruiting,,640x640,2056,2452,640,640,,,,,R0006-S1-20CY01T05_2020-10-24_side0.png
plant_dataset/final_core_1056/fruiting/wgsr_rice_0061.jpg,WGSR,rice,side/front-controlled,fruiting,,640x640,2056,2452,640,640,,,,,R0023-S1-20CY01T02_2020-10-24_side0.png
plant_dataset/final_core_1056/fruiting/wgsr_rice_0062.jpg,WGSR,rice,side/front-controlled,fruiting,,640x640,2056,2452,640,640,,,,,R0039-S1-20CY01T02_2020-10-24_side0.png
plant_dataset/final_core_1056/fruiting/wgsr_rice_0063.jpg,WGSR,rice,side/front-controlled,fruiting,,640x640,2056,2452,640,640,,,,,R0070-S1-20CY01T02_2020-10-24_side0.png
plant_dataset/final_core_1056/fruiting/wgsr_rice_0064.jpg,WGSR,rice,side/front-controlled,fruiting,,640x640,2056,2452,640,640,,,,,R0113-S1-20CY01T03_2020-10-24_side0.png
plant_dataset/final_core_1056/fruiting/wgsr_rice_0065.jpg,WGSR,rice,side/front-controlled,fruiting,,640x640,2056,2452,640,640,,,,,R0005-S1-20CY01T03_2020-10-31_side0.png
plant_dataset/final_core_1056/fruiting/wgsr_rice_0066.jpg,WGSR,rice,side/front-controlled,fruiting,,640x640,2056,2452,640,640,,,,,R0020-S1-20CY01T02_2020-10-31_side0.png
plant_dataset/final_core_1056/fruiting/wgsr_rice_0067.jpg,WGSR,rice,side/front-controlled,fruiting,,640x640,2056,2452,640,640,,,,,R0033-S1-20CY01T01_2020-10-31_side0.png
plant_dataset/final_core_1056/fruiting/wgsr_rice_0068.jpg,WGSR,rice,side/front-controlled,fruiting,,640x640,2056,2452,640,640,,,,,R0069-S1-20CY01T02_2020-10-31_side0.png
plant_dataset/final_core_1056/fruiting/wgsr_rice_0069.jpg,WGSR,rice,side/front-controlled,fruiting,,640x640,2056,2452,640,640,,,,,R0093-S1-20CY01T03_2020-10-31_side0.png
plant_dataset/final_core_1056/fruiting/wgsr_rice_0070.jpg,WGSR,rice,side/front-controlled,fruiting,,640x640,2056,2452,640,640,,,,,R0005-S1-20CY01T02_2020-11-07_side0.png
plant_dataset/final_core_1056/fruiting/wgsr_rice_0071.jpg,WGSR,rice,side/front-controlled,fruiting,,640x640,2056,2452,640,640,,,,,R0020-S1-20CY01T02_2020-11-07_side0.png
plant_dataset/final_core_1056/fruiting/wgsr_rice_0072.jpg,WGSR,rice,side/front-controlled,fruiting,,640x640,2056,2452,640,640,,,,,R0032-S1-20CY01T05_2020-11-07_side0.png
plant_dataset/final_core_1056/fruiting/wgsr_rice_0073.jpg,WGSR,rice,side/front-controlled,fruiting,,640x640,2056,2452,640,640,,,,,R0060-S1-20CY01T05_2020-11-07_side0.png
plant_dataset/final_core_1056/fruiting/wgsr_rice_0074.jpg,WGSR,rice,side/front-controlled,fruiting,,640x640,2056,2452,640,640,,,,,R0093-S1-20CY01T02_2020-11-07_side0.png
plant_dataset/final_core_1056/fruiting/wgsr_rice_0075.jpg,WGSR,rice,side/front-controlled,fruiting,,640x640,2056,2452,640,640,,,,,R0260-S1-20CY01T02_2020-11-07_side0.png
plant_dataset/final_core_1056/young/wgsm_maize_0001.jpg,WGSM,maize,side/front-controlled,young,,640x640,409,342,640,640,,,,,001avissv1_S1.png
plant_dataset/final_core_1056/growing/wgsm_maize_0001.jpg,WGSM,maize,side/front-controlled,growing,,640x640,409,342,640,640,,,,,001bvissv1_S5.png
plant_dataset/final_core_1056/fruiting/wgsm_maize_0001.jpg,WGSM,maize,side/front-controlled,fruiting,,640x640,409,342,640,640,,,,,003avissv1_S8.png
plant_dataset/final_core_1056/growing/wgsm_maize_0002.jpg,WGSM,maize,side/front-controlled,growing,,640x640,409,342,640,640,,,,,004avissv1_S3.png
plant_dataset/final_core_1056/flowering/wgsm_maize_0001.jpg,WGSM,maize,side/front-controlled,flowering,,640x640,409,342,640,640,,,,,004bvissv1_S6.png
plant_dataset/final_core_1056/young/wgsm_maize_0002.jpg,WGSM,maize,side/front-controlled,young,,640x640,409,342,640,640,,,,,005bvissv1_S1.png
plant_dataset/final_core_1056/growing/wgsm_maize_0003.jpg,WGSM,maize,side/front-controlled,growing,,640x640,409,342,640,640,,,,,006avissv1_S4.png
plant_dataset/final_core_1056/flowering/wgsm_maize_0002.jpg,WGSM,maize,side/front-controlled,flowering,,640x640,409,342,640,640,,,,,006bvissv1_S7.png
plant_dataset/final_core_1056/young/wgsm_maize_0003.jpg,WGSM,maize,side/front-controlled,young,,640x640,409,342,640,640,,,,,007bvissv1_S1.png
plant_dataset/final_core_1056/growing/wgsm_maize_0004.jpg,WGSM,maize,side/front-controlled,growing,,640x640,409,342,640,640,,,,,008avissv1_S5.png
plant_dataset/final_core_1056/fruiting/wgsm_maize_0002.jpg,WGSM,maize,side/front-controlled,fruiting,,640x640,409,342,640,640,,,,,008bvissv1_S8.png
plant_dataset/final_core_1056/young/wgsm_maize_0004.jpg,WGSM,maize,side/front-controlled,young,,640x640,409,342,640,640,,,,,009bvissv1_S1.png
plant_dataset/final_core_1056/flowering/wgsm_maize_0003.jpg,WGSM,maize,side/front-controlled,flowering,,640x640,409,342,640,640,,,,,010avissv1_S6.png
plant_dataset/final_core_1056/fruiting/wgsm_maize_0003.jpg,WGSM,maize,side/front-controlled,fruiting,,640x640,409,342,640,640,,,,,010bvissv1_S9.png
plant_dataset/final_core_1056/growing/wgsm_maize_0005.jpg,WGSM,maize,side/front-controlled,growing,,640x640,409,342,640,640,,,,,011bvissv1_S3.png
plant_dataset/final_core_1056/fruiting/wgsm_maize_0004.jpg,WGSM,maize,side/front-controlled,fruiting,,640x640,409,342,640,640,,,,,012avissv1_S8.png
plant_dataset/final_core_1056/young/wgsm_maize_0005.jpg,WGSM,maize,side/front-controlled,young,,640x640,409,342,640,640,,,,,013avissv1_S1.png
plant_dataset/final_core_1056/growing/wgsm_maize_0006.jpg,WGSM,maize,side/front-controlled,growing,,640x640,409,342,640,640,,,,,013bvissv1_S5.png
plant_dataset/final_core_1056/fruiting/wgsm_maize_0005.jpg,WGSM,maize,side/front-controlled,fruiting,,640x640,409,342,640,640,,,,,014avissv1_S8.png
plant_dataset/final_core_1056/flowering/wgsm_maize_0004.jpg,WGSM,maize,side/front-controlled,flowering,,640x640,409,342,640,640,,,,,015avissv1_S7.png
plant_dataset/final_core_1056/young/wgsm_maize_0006.jpg,WGSM,maize,side/front-controlled,young,,640x640,409,342,640,640,,,,,016avissv1_S2.png
plant_dataset/final_core_1056/growing/wgsm_maize_0007.jpg,WGSM,maize,side/front-controlled,growing,,640x640,409,342,640,640,,,,,016bvissv1_S5.png
plant_dataset/final_core_1056/fruiting/wgsm_maize_0006.jpg,WGSM,maize,side/front-controlled,fruiting,,640x640,409,342,640,640,,,,,017avissv1_S8.png
plant_dataset/final_core_1056/young/wgsm_maize_0007.jpg,WGSM,maize,side/front-controlled,young,,640x640,409,342,640,640,,,,,018avissv1_S2.png
plant_dataset/final_core_1056/flowering/wgsm_maize_0005.jpg,WGSM,maize,side/front-controlled,flowering,,640x640,409,342,640,640,,,,,018bvissv1_S6.png
plant_dataset/final_core_1056/young/wgsm_maize_0008.jpg,WGSM,maize,side/front-controlled,young,,640x640,409,342,640,640,,,,,019bvissv1_S1.png
plant_dataset/final_core_1056/growing/wgsm_maize_0008.jpg,WGSM,maize,side/front-controlled,growing,,640x640,409,342,640,640,,,,,020avissv1_S5.png
plant_dataset/final_core_1056/fruiting/wgsm_maize_0007.jpg,WGSM,maize,side/front-controlled,fruiting,,640x640,409,342,640,640,,,,,020bvissv1_S9.png
plant_dataset/final_core_1056/growing/wgsm_maize_0009.jpg,WGSM,maize,side/front-controlled,growing,,640x640,409,342,640,640,,,,,021bvissv1_S5.png
plant_dataset/final_core_1056/fruiting/wgsm_maize_0008.jpg,WGSM,maize,side/front-controlled,fruiting,,640x640,409,342,640,640,,,,,023avissv1_S9.png
plant_dataset/final_core_1056/growing/wgsm_maize_0010.jpg,WGSM,maize,side/front-controlled,growing,,640x640,409,342,640,640,,,,,024avissv1_S4.png
plant_dataset/final_core_1056/flowering/wgsm_maize_0006.jpg,WGSM,maize,side/front-controlled,flowering,,640x640,409,342,640,640,,,,,024bvissv1_S7.png
plant_dataset/final_core_1056/young/wgsm_maize_0009.jpg,WGSM,maize,side/front-controlled,young,,640x640,409,342,640,640,,,,,025bvissv1_S2.png
plant_dataset/final_core_1056/flowering/wgsm_maize_0007.jpg,WGSM,maize,side/front-controlled,flowering,,640x640,409,342,640,640,,,,,026avissv1_S6.png
plant_dataset/final_core_1056/young/wgsm_maize_0010.jpg,WGSM,maize,side/front-controlled,young,,640x640,409,342,640,640,,,,,027avissv1_S1.png
plant_dataset/final_core_1056/growing/wgsm_maize_0011.jpg,WGSM,maize,side/front-controlled,growing,,640x640,409,342,640,640,,,,,027bvissv1_S4.png
plant_dataset/final_core_1056/flowering/wgsm_maize_0008.jpg,WGSM,maize,side/front-controlled,flowering,,640x640,409,342,640,640,,,,,028avissv1_S7.png
plant_dataset/final_core_1056/growing/wgsm_maize_0012.jpg,WGSM,maize,side/front-controlled,growing,,640x640,409,342,640,640,,,,,029avissv1_S4.png
plant_dataset/final_core_1056/flowering/wgsm_maize_0009.jpg,WGSM,maize,side/front-controlled,flowering,,640x640,409,342,640,640,,,,,029bvissv1_S7.png
plant_dataset/final_core_1056/young/wgsm_maize_0011.jpg,WGSM,maize,side/front-controlled,young,,640x640,409,342,640,640,,,,,030bvissv1_S1.png
plant_dataset/final_core_1056/growing/wgsm_maize_0013.jpg,WGSM,maize,side/front-controlled,growing,,640x640,409,342,640,640,,,,,033avissv1_S3.png
plant_dataset/final_core_1056/flowering/wgsm_maize_0010.jpg,WGSM,maize,side/front-controlled,flowering,,640x640,409,342,640,640,,,,,033bvissv1_S7.png
plant_dataset/final_core_1056/young/wgsm_maize_0012.jpg,WGSM,maize,side/front-controlled,young,,640x640,409,342,640,640,,,,,034bvissv1_S2.png
plant_dataset/final_core_1056/growing/wgsm_maize_0014.jpg,WGSM,maize,side/front-controlled,growing,,640x640,409,342,640,640,,,,,035avissv1_S5.png
plant_dataset/final_core_1056/fruiting/wgsm_maize_0009.jpg,WGSM,maize,side/front-controlled,fruiting,,640x640,409,342,640,640,,,,,035bvissv1_S9.png
plant_dataset/final_core_1056/young/wgsm_maize_0013.jpg,WGSM,maize,side/front-controlled,young,,640x640,409,342,640,640,,,,,036bvissv1_S2.png
plant_dataset/final_core_1056/flowering/wgsm_maize_0011.jpg,WGSM,maize,side/front-controlled,flowering,,640x640,409,342,640,640,,,,,037avissv1_S6.png
plant_dataset/final_core_1056/young/wgsm_maize_0014.jpg,WGSM,maize,side/front-controlled,young,,640x640,409,342,640,640,,,,,038avissv1_S1.png
plant_dataset/final_core_1056/growing/wgsm_maize_0015.jpg,WGSM,maize,side/front-controlled,growing,,640x640,409,342,640,640,,,,,038bvissv1_S5.png
plant_dataset/final_core_1056/fruiting/wgsm_maize_0010.jpg,WGSM,maize,side/front-controlled,fruiting,,640x640,409,342,640,640,,,,,039avissv1_S9.png
plant_dataset/final_core_1056/young/wgsm_maize_0015.jpg,WGSM,maize,side/front-controlled,young,,640x640,409,342,640,640,,,,,040avissv1_S2.png
plant_dataset/final_core_1056/flowering/wgsm_maize_0012.jpg,WGSM,maize,side/front-controlled,flowering,,640x640,409,342,640,640,,,,,040bvissv1_S6.png
plant_dataset/final_core_1056/fruiting/wgsm_maize_0011.jpg,WGSM,maize,side/front-controlled,fruiting,,640x640,409,342,640,640,,,,,041avissv1_S9.png
plant_dataset/final_core_1056/growing/wgsm_maize_0016.jpg,WGSM,maize,side/front-controlled,growing,,640x640,409,342,640,640,,,,,042avissv1_S5.png
plant_dataset/final_core_1056/fruiting/wgsm_maize_0012.jpg,WGSM,maize,side/front-controlled,fruiting,,640x640,409,342,640,640,,,,,042bvissv1_S8.png
plant_dataset/final_core_1056/young/wgsm_maize_0016.jpg,WGSM,maize,side/front-controlled,young,,640x640,409,342,640,640,,,,,043bvissv1_S1.png
plant_dataset/final_core_1056/growing/wgsm_maize_0017.jpg,WGSM,maize,side/front-controlled,growing,,640x640,409,342,640,640,,,,,044avissv1_S5.png
plant_dataset/final_core_1056/fruiting/wgsm_maize_0013.jpg,WGSM,maize,side/front-controlled,fruiting,,640x640,409,342,640,640,,,,,044bvissv1_S8.png
plant_dataset/final_core_1056/growing/wgsm_maize_0018.jpg,WGSM,maize,side/front-controlled,growing,,640x640,409,342,640,640,,,,,045bvissv1_S3.png
plant_dataset/final_core_1056/flowering/wgsm_maize_0013.jpg,WGSM,maize,side/front-controlled,flowering,,640x640,409,342,640,640,,,,,046avissv1_S6.png
plant_dataset/final_core_1056/fruiting/wgsm_maize_0014.jpg,WGSM,maize,side/front-controlled,fruiting,,640x640,409,342,640,640,,,,,046bvissv1_S9.png
plant_dataset/final_core_1056/growing/wgsm_maize_0019.jpg,WGSM,maize,side/front-controlled,growing,,640x640,409,342,640,640,,,,,047bvissv1_S3.png
plant_dataset/final_core_1056/flowering/wgsm_maize_0014.jpg,WGSM,maize,side/front-controlled,flowering,,640x640,409,342,640,640,,,,,048avissv1_S6.png
plant_dataset/final_core_1056/fruiting/wgsm_maize_0015.jpg,WGSM,maize,side/front-controlled,fruiting,,640x640,409,342,640,640,,,,,048bvissv1_S9.png
plant_dataset/final_core_1056/young/wgsm_maize_0017.jpg,WGSM,maize,side/front-controlled,young,,640x640,409,342,640,640,,,,,049bvissv1_S2.png
plant_dataset/final_core_1056/flowering/wgsm_maize_0015.jpg,WGSM,maize,side/front-controlled,flowering,,640x640,409,342,640,640,,,,,050avissv1_S6.png
plant_dataset/final_core_1056/young/wgsm_maize_0018.jpg,WGSM,maize,side/front-controlled,young,,640x640,409,342,640,640,,,,,051avissv1_S1.png
plant_dataset/final_core_1056/growing/wgsm_maize_0020.jpg,WGSM,maize,side/front-controlled,growing,,640x640,409,342,640,640,,,,,051bvissv1_S3.png
plant_dataset/final_core_1056/flowering/wgsm_maize_0016.jpg,WGSM,maize,side/front-controlled,flowering,,640x640,409,342,640,640,,,,,053avissv1_S6.png
plant_dataset/final_core_1056/fruiting/wgsm_maize_0016.jpg,WGSM,maize,side/front-controlled,fruiting,,640x640,409,342,640,640,,,,,053bvissv1_S8.png
plant_dataset/final_core_1056/growing/wgsm_maize_0021.jpg,WGSM,maize,side/front-controlled,growing,,640x640,409,342,640,640,,,,,054bvissv1_S3.png
plant_dataset/final_core_1056/fruiting/wgsm_maize_0017.jpg,WGSM,maize,side/front-controlled,fruiting,,640x640,409,342,640,640,,,,,055avissv1_S8.png
plant_dataset/final_core_1056/young/wgsm_maize_0019.jpg,WGSM,maize,side/front-controlled,young,,640x640,409,342,640,640,,,,,056avissv1_S2.png
plant_dataset/final_core_1056/growing/wgsm_maize_0022.jpg,WGSM,maize,side/front-controlled,growing,,640x640,409,342,640,640,,,,,056bvissv1_S5.png
plant_dataset/final_core_1056/fruiting/wgsm_maize_0018.jpg,WGSM,maize,side/front-controlled,fruiting,,640x640,409,342,640,640,,,,,057avissv1_S8.png
plant_dataset/final_core_1056/growing/wgsm_maize_0023.jpg,WGSM,maize,side/front-controlled,growing,,640x640,409,342,640,640,,,,,058avissv1_S3.png
plant_dataset/final_core_1056/growing/wgsm_maize_0024.jpg,WGSM,maize,side/front-controlled,growing,,640x640,409,342,640,640,,,,,059avissv1_S3.png
plant_dataset/final_core_1056/young/wgsm_maize_0020.jpg,WGSM,maize,side/front-controlled,young,,640x640,409,342,640,640,,,,,060avissv1_S1.png
plant_dataset/final_core_1056/growing/wgsm_maize_0025.jpg,WGSM,maize,side/front-controlled,growing,,640x640,409,342,640,640,,,,,060bvissv1_S5.png
plant_dataset/final_core_1056/flowering/wgsm_maize_0017.jpg,WGSM,maize,side/front-controlled,flowering,,640x640,409,342,640,640,,,,,061avissv1_S7.png
plant_dataset/final_core_1056/young/wgsm_maize_0021.jpg,WGSM,maize,side/front-controlled,young,,640x640,409,342,640,640,,,,,062avissv1_S1.png
plant_dataset/final_core_1056/growing/wgsm_maize_0026.jpg,WGSM,maize,side/front-controlled,growing,,640x640,409,342,640,640,,,,,062bvissv1_S5.png
plant_dataset/final_core_1056/fruiting/wgsm_maize_0019.jpg,WGSM,maize,side/front-controlled,fruiting,,640x640,409,342,640,640,,,,,063avissv1_S8.png
plant_dataset/final_core_1056/growing/wgsm_maize_0027.jpg,WGSM,maize,side/front-controlled,growing,,640x640,409,342,640,640,,,,,064avissv1_S3.png
plant_dataset/final_core_1056/young/wgsm_maize_0022.jpg,WGSM,maize,side/front-controlled,young,,640x640,409,342,640,640,,,,,065avissv1_S2.png
plant_dataset/final_core_1056/flowering/wgsm_maize_0018.jpg,WGSM,maize,side/front-controlled,flowering,,640x640,409,342,640,640,,,,,065bvissv1_S6.png
plant_dataset/final_core_1056/fruiting/wgsm_maize_0020.jpg,WGSM,maize,side/front-controlled,fruiting,,640x640,409,342,640,640,,,,,066avissv1_S9.png
plant_dataset/final_core_1056/young/wgsm_maize_0023.jpg,WGSM,maize,side/front-controlled,young,,640x640,409,342,640,640,,,,,067bvissv1_S1.png
plant_dataset/final_core_1056/young/wgsm_maize_0024.jpg,WGSM,maize,side/front-controlled,young,,640x640,409,342,640,640,,,,,068bvissv1_S2.png
plant_dataset/final_core_1056/flowering/wgsm_maize_0019.jpg,WGSM,maize,side/front-controlled,flowering,,640x640,409,342,640,640,,,,,069avissv1_S7.png
plant_dataset/final_core_1056/growing/wgsm_maize_0028.jpg,WGSM,maize,side/front-controlled,growing,,640x640,409,342,640,640,,,,,070avissv1_S3.png
plant_dataset/final_core_1056/flowering/wgsm_maize_0020.jpg,WGSM,maize,side/front-controlled,flowering,,640x640,409,342,640,640,,,,,070bvissv1_S6.png
plant_dataset/final_core_1056/young/wgsm_maize_0025.jpg,WGSM,maize,side/front-controlled,young,,640x640,409,342,640,640,,,,,071bvissv1_S1.png
plant_dataset/final_core_1056/fruiting/wgsm_maize_0021.jpg,WGSM,maize,side/front-controlled,fruiting,,640x640,409,342,640,640,,,,,072avissv1_S9.png
plant_dataset/final_core_1056/growing/wgsm_maize_0029.jpg,WGSM,maize,side/front-controlled,growing,,640x640,409,342,640,640,,,,,073avissv1_S3.png
plant_dataset/final_core_1056/flowering/wgsm_maize_0021.jpg,WGSM,maize,side/front-controlled,flowering,,640x640,409,342,640,640,,,,,073bvissv1_S7.png
plant_dataset/final_core_1056/young/wgsm_maize_0026.jpg,WGSM,maize,side/front-controlled,young,,640x640,409,342,640,640,,,,,074bvissv1_S1.png
plant_dataset/final_core_1056/growing/wgsm_maize_0030.jpg,WGSM,maize,side/front-controlled,growing,,640x640,409,342,640,640,,,,,075avissv1_S4.png
plant_dataset/final_core_1056/flowering/wgsm_maize_0022.jpg,WGSM,maize,side/front-controlled,flowering,,640x640,409,342,640,640,,,,,075bvissv1_S7.png
plant_dataset/final_core_1056/young/wgsm_maize_0027.jpg,WGSM,maize,side/front-controlled,young,,640x640,409,342,640,640,,,,,076bvissv1_S2.png
plant_dataset/final_core_1056/flowering/wgsm_maize_0023.jpg,WGSM,maize,side/front-controlled,flowering,,640x640,409,342,640,640,,,,,077avissv1_S7.png
plant_dataset/final_core_1056/fruiting/wgsm_maize_0022.jpg,WGSM,maize,side/front-controlled,fruiting,,640x640,409,342,640,640,,,,,077bvissv1_S9.png
plant_dataset/final_core_1056/growing/wgsm_maize_0031.jpg,WGSM,maize,side/front-controlled,growing,,640x640,409,342,640,640,,,,,078bvissv1_S4.png
plant_dataset/final_core_1056/flowering/wgsm_maize_0024.jpg,WGSM,maize,side/front-controlled,flowering,,640x640,409,342,640,640,,,,,079avissv1_S7.png
plant_dataset/final_core_1056/young/wgsm_maize_0028.jpg,WGSM,maize,side/front-controlled,young,,640x640,409,342,640,640,,,,,080avissv1_S2.png
plant_dataset/final_core_1056/growing/wgsm_maize_0032.jpg,WGSM,maize,side/front-controlled,growing,,640x640,409,342,640,640,,,,,080bvissv1_S5.png
plant_dataset/final_core_1056/fruiting/wgsm_maize_0023.jpg,WGSM,maize,side/front-controlled,fruiting,,640x640,409,342,640,640,,,,,081avissv1_S9.png
plant_dataset/final_core_1056/growing/wgsm_maize_0033.jpg,WGSM,maize,side/front-controlled,growing,,640x640,409,342,640,640,,,,,082avissv1_S5.png
plant_dataset/final_core_1056/fruiting/wgsm_maize_0024.jpg,WGSM,maize,side/front-controlled,fruiting,,640x640,409,342,640,640,,,,,082bvissv1_S8.png
plant_dataset/final_core_1056/growing/wgsm_maize_0034.jpg,WGSM,maize,side/front-controlled,growing,,640x640,409,342,640,640,,,,,083bvissv1_S3.png
plant_dataset/final_core_1056/growing/wgsm_maize_0035.jpg,WGSM,maize,side/front-controlled,growing,,640x640,409,342,640,640,,,,,084bvissv1_S3.png
plant_dataset/final_core_1056/flowering/wgsm_maize_0025.jpg,WGSM,maize,side/front-controlled,flowering,,640x640,409,342,640,640,,,,,085avissv1_S7.png
plant_dataset/final_core_1056/young/wgsm_maize_0029.jpg,WGSM,maize,side/front-controlled,young,,640x640,409,342,640,640,,,,,086avissv1_S2.png
plant_dataset/final_core_1056/flowering/wgsm_maize_0026.jpg,WGSM,maize,side/front-controlled,flowering,,640x640,409,342,640,640,,,,,086bvissv1_S6.png
plant_dataset/final_core_1056/young/wgsm_maize_0030.jpg,WGSM,maize,side/front-controlled,young,,640x640,409,342,640,640,,,,,087bvissv1_S1.png
plant_dataset/final_core_1056/young/wgsm_maize_0031.jpg,WGSM,maize,side/front-controlled,young,,640x640,409,342,640,640,,,,,088bvissv1_S1.png
plant_dataset/final_core_1056/growing/wgsm_maize_0036.jpg,WGSM,maize,side/front-controlled,growing,,640x640,409,342,640,640,,,,,089avissv1_S5.png
plant_dataset/final_core_1056/fruiting/wgsm_maize_0025.jpg,WGSM,maize,side/front-controlled,fruiting,,640x640,409,342,640,640,,,,,089bvissv1_S8.png
plant_dataset/final_core_1056/young/wgsm_maize_0032.jpg,WGSM,maize,side/front-controlled,young,,640x640,409,342,640,640,,,,,090bvissv1_S2.png
plant_dataset/final_core_1056/flowering/wgsm_maize_0027.jpg,WGSM,maize,side/front-controlled,flowering,,640x640,409,342,640,640,,,,,091avissv1_S6.png
plant_dataset/final_core_1056/fruiting/wgsm_maize_0026.jpg,WGSM,maize,side/front-controlled,fruiting,,640x640,409,342,640,640,,,,,091bvissv1_S9.png
plant_dataset/final_core_1056/growing/wgsm_maize_0037.jpg,WGSM,maize,side/front-controlled,growing,,640x640,409,342,640,640,,,,,092bvissv1_S4.png
plant_dataset/final_core_1056/flowering/wgsm_maize_0028.jpg,WGSM,maize,side/front-controlled,flowering,,640x640,409,342,640,640,,,,,093avissv1_S6.png
plant_dataset/final_core_1056/fruiting/wgsm_maize_0027.jpg,WGSM,maize,side/front-controlled,fruiting,,640x640,409,342,640,640,,,,,093bvissv1_S9.png
plant_dataset/final_core_1056/growing/wgsm_maize_0038.jpg,WGSM,maize,side/front-controlled,growing,,640x640,409,342,640,640,,,,,094bvissv1_S5.png
plant_dataset/final_core_1056/fruiting/wgsm_maize_0028.jpg,WGSM,maize,side/front-controlled,fruiting,,640x640,409,342,640,640,,,,,095avissv1_S8.png
plant_dataset/final_core_1056/growing/wgsm_maize_0039.jpg,WGSM,maize,side/front-controlled,growing,,640x640,409,342,640,640,,,,,096avissv1_S3.png
plant_dataset/final_core_1056/flowering/wgsm_maize_0029.jpg,WGSM,maize,side/front-controlled,flowering,,640x640,409,342,640,640,,,,,096bvissv1_S7.png
plant_dataset/final_core_1056/young/wgsm_maize_0033.jpg,WGSM,maize,side/front-controlled,young,,640x640,409,342,640,640,,,,,097bvissv1_S2.png
plant_dataset/final_core_1056/flowering/wgsm_maize_0030.jpg,WGSM,maize,side/front-controlled,flowering,,640x640,409,342,640,640,,,,,098avissv1_S7.png
plant_dataset/final_core_1056/young/wgsm_maize_0034.jpg,WGSM,maize,side/front-controlled,young,,640x640,409,342,640,640,,,,,099avissv1_S1.png
plant_dataset/final_core_1056/growing/wgsm_maize_0040.jpg,WGSM,maize,side/front-controlled,growing,,640x640,409,342,640,640,,,,,099bvissv1_S5.png
plant_dataset/final_core_1056/fruiting/wgsm_maize_0029.jpg,WGSM,maize,side/front-controlled,fruiting,,640x640,409,342,640,640,,,,,101avissv1_S8.png
plant_dataset/final_core_1056/young/wgsm_maize_0035.jpg,WGSM,maize,side/front-controlled,young,,640x640,409,342,640,640,,,,,102avissv1_S2.png
plant_dataset/final_core_1056/growing/wgsm_maize_0041.jpg,WGSM,maize,side/front-controlled,growing,,640x640,409,342,640,640,,,,,102bvissv1_S4.png
plant_dataset/final_core_1056/flowering/wgsm_maize_0031.jpg,WGSM,maize,side/front-controlled,flowering,,640x640,409,342,640,640,,,,,104avissv1_S7.png
plant_dataset/final_core_1056/young/wgsm_maize_0036.jpg,WGSM,maize,side/front-controlled,young,,640x640,409,342,640,640,,,,,105avissv1_S2.png
plant_dataset/final_core_1056/growing/wgsm_maize_0042.jpg,WGSM,maize,side/front-controlled,growing,,640x640,409,342,640,640,,,,,105bvissv1_S5.png
plant_dataset/final_core_1056/fruiting/wgsm_maize_0030.jpg,WGSM,maize,side/front-controlled,fruiting,,640x640,409,342,640,640,,,,,106avissv1_S9.png
plant_dataset/final_core_1056/young/wgsm_maize_0037.jpg,WGSM,maize,side/front-controlled,young,,640x640,409,342,640,640,,,,,107avissv1_S2.png
plant_dataset/final_core_1056/growing/wgsm_maize_0043.jpg,WGSM,maize,side/front-controlled,growing,,640x640,409,342,640,640,,,,,107bvissv1_S5.png
plant_dataset/final_core_1056/fruiting/wgsm_maize_0031.jpg,WGSM,maize,side/front-controlled,fruiting,,640x640,409,342,640,640,,,,,108avissv1_S9.png
plant_dataset/final_core_1056/growing/wgsm_maize_0044.jpg,WGSM,maize,side/front-controlled,growing,,640x640,409,342,640,640,,,,,109avissv1_S3.png
plant_dataset/final_core_1056/fruiting/wgsm_maize_0032.jpg,WGSM,maize,side/front-controlled,fruiting,,640x640,409,342,640,640,,,,,109bvissv1_S8.png
plant_dataset/final_core_1056/young/wgsm_maize_0038.jpg,WGSM,maize,side/front-controlled,young,,640x640,409,342,640,640,,,,,110bvissv1_S2.png
plant_dataset/final_core_1056/flowering/wgsm_maize_0032.jpg,WGSM,maize,side/front-controlled,flowering,,640x640,409,342,640,640,,,,,111avissv1_S6.png
plant_dataset/final_core_1056/fruiting/wgsm_maize_0033.jpg,WGSM,maize,side/front-controlled,fruiting,,640x640,409,342,640,640,,,,,111bvissv1_S8.png
plant_dataset/final_core_1056/growing/wgsm_maize_0045.jpg,WGSM,maize,side/front-controlled,growing,,640x640,409,342,640,640,,,,,112bvissv1_S3.png
plant_dataset/final_core_1056/fruiting/wgsm_maize_0034.jpg,WGSM,maize,side/front-controlled,fruiting,,640x640,409,342,640,640,,,,,113avissv1_S8.png
plant_dataset/final_core_1056/young/wgsm_maize_0039.jpg,WGSM,maize,side/front-controlled,young,,640x640,409,342,640,640,,,,,114avissv1_S2.png
plant_dataset/final_core_1056/flowering/wgsm_maize_0033.jpg,WGSM,maize,side/front-controlled,flowering,,640x640,409,342,640,640,,,,,114bvissv1_S6.png
plant_dataset/final_core_1056/fruiting/wgsm_maize_0035.jpg,WGSM,maize,side/front-controlled,fruiting,,640x640,409,342,640,640,,,,,115avissv1_S9.png
plant_dataset/final_core_1056/growing/wgsm_maize_0046.jpg,WGSM,maize,side/front-controlled,growing,,640x640,409,342,640,640,,,,,116avissv1_S3.png
plant_dataset/final_core_1056/growing/wgsm_maize_0047.jpg,WGSM,maize,side/front-controlled,growing,,640x640,409,342,640,640,,,,,117avissv1_S5.png
plant_dataset/final_core_1056/fruiting/wgsm_maize_0036.jpg,WGSM,maize,side/front-controlled,fruiting,,640x640,409,342,640,640,,,,,117bvissv1_S8.png
plant_dataset/final_core_1056/fruiting/wgsm_maize_0037.jpg,WGSM,maize,side/front-controlled,fruiting,,640x640,409,342,640,640,,,,,118bvissv1_S8.png
plant_dataset/final_core_1056/young/wgsm_maize_0040.jpg,WGSM,maize,side/front-controlled,young,,640x640,409,342,640,640,,,,,119bvissv1_S2.png
plant_dataset/final_core_1056/growing/wgsm_maize_0048.jpg,WGSM,maize,side/front-controlled,growing,,640x640,409,342,640,640,,,,,120avissv1_S5.png
plant_dataset/final_core_1056/fruiting/wgsm_maize_0038.jpg,WGSM,maize,side/front-controlled,fruiting,,640x640,409,342,640,640,,,,,120bvissv1_S8.png
plant_dataset/final_core_1056/growing/wgsm_maize_0049.jpg,WGSM,maize,side/front-controlled,growing,,640x640,409,342,640,640,,,,,121bvissv1_S5.png
plant_dataset/final_core_1056/fruiting/wgsm_maize_0039.jpg,WGSM,maize,side/front-controlled,fruiting,,640x640,409,342,640,640,,,,,122avissv1_S9.png
plant_dataset/final_core_1056/young/wgsm_maize_0041.jpg,WGSM,maize,side/front-controlled,young,,640x640,409,342,640,640,,,,,123avissv1_S2.png
plant_dataset/final_core_1056/flowering/wgsm_maize_0034.jpg,WGSM,maize,side/front-controlled,flowering,,640x640,409,342,640,640,,,,,123bvissv1_S6.png
plant_dataset/final_core_1056/fruiting/wgsm_maize_0040.jpg,WGSM,maize,side/front-controlled,fruiting,,640x640,409,342,640,640,,,,,124avissv1_S8.png
plant_dataset/final_core_1056/growing/wgsm_maize_0050.jpg,WGSM,maize,side/front-controlled,growing,,640x640,409,342,640,640,,,,,125avissv1_S3.png
plant_dataset/final_core_1056/flowering/wgsm_maize_0035.jpg,WGSM,maize,side/front-controlled,flowering,,640x640,409,342,640,640,,,,,125bvissv1_S7.png
plant_dataset/final_core_1056/fruiting/wgsm_maize_0041.jpg,WGSM,maize,side/front-controlled,fruiting,,640x640,409,342,640,640,,,,,126avissv1_S9.png
plant_dataset/final_core_1056/growing/wgsm_maize_0051.jpg,WGSM,maize,side/front-controlled,growing,,640x640,409,342,640,640,,,,,127avissv1_S4.png
plant_dataset/final_core_1056/flowering/wgsm_maize_0036.jpg,WGSM,maize,side/front-controlled,flowering,,640x640,409,342,640,640,,,,,127bvissv1_S6.png
plant_dataset/final_core_1056/young/wgsm_maize_0042.jpg,WGSM,maize,side/front-controlled,young,,640x640,409,342,640,640,,,,,128bvissv1_S1.png
plant_dataset/final_core_1056/growing/wgsm_maize_0052.jpg,WGSM,maize,side/front-controlled,growing,,640x640,409,342,640,640,,,,,129avissv1_S4.png
plant_dataset/final_core_1056/flowering/wgsm_maize_0037.jpg,WGSM,maize,side/front-controlled,flowering,,640x640,409,342,640,640,,,,,129bvissv1_S7.png
plant_dataset/final_core_1056/young/wgsm_maize_0043.jpg,WGSM,maize,side/front-controlled,young,,640x640,409,342,640,640,,,,,130bvissv1_S1.png
plant_dataset/final_core_1056/growing/wgsm_maize_0053.jpg,WGSM,maize,side/front-controlled,growing,,640x640,409,342,640,640,,,,,130cvissv1_S4.png
plant_dataset/final_core_1056/flowering/wgsm_maize_0038.jpg,WGSM,maize,side/front-controlled,flowering,,640x640,409,342,640,640,,,,,130dvissv1_S7.png
plant_dataset/final_core_1056/fruiting/wgsm_maize_0042.jpg,WGSM,maize,side/front-controlled,fruiting,,640x640,409,342,640,640,,,,,131avissv1_S9.png
plant_dataset/final_core_1056/young/wgsm_maize_0044.jpg,WGSM,maize,side/front-controlled,young,,640x640,409,342,640,640,,,,,132bvissv1_S1.png
plant_dataset/final_core_1056/flowering/wgsm_maize_0039.jpg,WGSM,maize,side/front-controlled,flowering,,640x640,409,342,640,640,,,,,133avissv1_S6.png
plant_dataset/final_core_1056/fruiting/wgsm_maize_0043.jpg,WGSM,maize,side/front-controlled,fruiting,,640x640,409,342,640,640,,,,,133bvissv1_S8.png
plant_dataset/final_core_1056/growing/wgsm_maize_0054.jpg,WGSM,maize,side/front-controlled,growing,,640x640,409,342,640,640,,,,,134bvissv1_S3.png
plant_dataset/final_core_1056/growing/wgsm_maize_0055.jpg,WGSM,maize,side/front-controlled,growing,,640x640,409,342,640,640,,,,,135avissv1_S5.png
plant_dataset/final_core_1056/fruiting/wgsm_maize_0044.jpg,WGSM,maize,side/front-controlled,fruiting,,640x640,409,342,640,640,,,,,135bvissv1_S9.png
plant_dataset/final_core_1056/growing/wgsm_maize_0056.jpg,WGSM,maize,side/front-controlled,growing,,640x640,409,342,640,640,,,,,136bvissv1_S5.png
plant_dataset/final_core_1056/fruiting/wgsm_maize_0045.jpg,WGSM,maize,side/front-controlled,fruiting,,640x640,409,342,640,640,,,,,137avissv1_S8.png
plant_dataset/final_core_1056/young/wgsm_maize_0045.jpg,WGSM,maize,side/front-controlled,young,,640x640,409,342,640,640,,,,,138avissv1_S2.png
plant_dataset/final_core_1056/flowering/wgsm_maize_0040.jpg,WGSM,maize,side/front-controlled,flowering,,640x640,409,342,640,640,,,,,138bvissv1_S6.png
plant_dataset/final_core_1056/young/wgsm_maize_0046.jpg,WGSM,maize,side/front-controlled,young,,640x640,409,342,640,640,,,,,139bvissv1_S1.png
plant_dataset/final_core_1056/growing/wgsm_maize_0057.jpg,WGSM,maize,side/front-controlled,growing,,640x640,409,342,640,640,,,,,140avissv1_S3.png
plant_dataset/final_core_1056/flowering/wgsm_maize_0041.jpg,WGSM,maize,side/front-controlled,flowering,,640x640,409,342,640,640,,,,,140bvissv1_S7.png
plant_dataset/final_core_1056/young/wgsm_maize_0047.jpg,WGSM,maize,side/front-controlled,young,,640x640,409,342,640,640,,,,,141bvissv1_S1.png
plant_dataset/final_core_1056/growing/wgsm_maize_0058.jpg,WGSM,maize,side/front-controlled,growing,,640x640,409,342,640,640,,,,,142avissv1_S3.png
plant_dataset/final_core_1056/flowering/wgsm_maize_0042.jpg,WGSM,maize,side/front-controlled,flowering,,640x640,409,342,640,640,,,,,142bvissv1_S6.png
plant_dataset/final_core_1056/fruiting/wgsm_maize_0046.jpg,WGSM,maize,side/front-controlled,fruiting,,640x640,409,342,640,640,,,,,143avissv1_S9.png
plant_dataset/final_core_1056/growing/wgsm_maize_0059.jpg,WGSM,maize,side/front-controlled,growing,,640x640,409,342,640,640,,,,,144avissv1_S5.png
plant_dataset/final_core_1056/fruiting/wgsm_maize_0047.jpg,WGSM,maize,side/front-controlled,fruiting,,640x640,409,342,640,640,,,,,144bvissv1_S9.png
plant_dataset/final_core_1056/young/wgsm_maize_0048.jpg,WGSM,maize,side/front-controlled,young,,640x640,409,342,640,640,,,,,146bvissv1_S2.png
plant_dataset/final_core_1056/flowering/wgsm_maize_0043.jpg,WGSM,maize,side/front-controlled,flowering,,640x640,409,342,640,640,,,,,147avissv1_S7.png
plant_dataset/final_core_1056/fruiting/wgsm_maize_0048.jpg,WGSM,maize,side/front-controlled,fruiting,,640x640,409,342,640,640,,,,,147bvissv1_S9.png
plant_dataset/final_core_1056/growing/wgsm_maize_0060.jpg,WGSM,maize,side/front-controlled,growing,,640x640,409,342,640,640,,,,,148bvissv1_S4.png
plant_dataset/final_core_1056/flowering/wgsm_maize_0044.jpg,WGSM,maize,side/front-controlled,flowering,,640x640,409,342,640,640,,,,,149avissv1_S7.png
plant_dataset/final_core_1056/fruiting/wgsm_maize_0049.jpg,WGSM,maize,side/front-controlled,fruiting,,640x640,409,342,640,640,,,,,149bvissv1_S9.png
plant_dataset/final_core_1056/growing/wgsm_maize_0061.jpg,WGSM,maize,side/front-controlled,growing,,640x640,409,342,640,640,,,,,150bvissv1_S4.png
plant_dataset/final_core_1056/flowering/wgsm_maize_0045.jpg,WGSM,maize,side/front-controlled,flowering,,640x640,409,342,640,640,,,,,151avissv1_S6.png
plant_dataset/final_core_1056/young/wgsm_maize_0049.jpg,WGSM,maize,side/front-controlled,young,,640x640,409,342,640,640,,,,,152avissv1_S1.png
plant_dataset/final_core_1056/fruiting/wgsm_maize_0050.jpg,WGSM,maize,side/front-controlled,fruiting,,640x640,409,342,640,640,,,,,152bvissv1_S9.png
plant_dataset/final_core_1056/growing/wgsm_maize_0062.jpg,WGSM,maize,side/front-controlled,growing,,640x640,409,342,640,640,,,,,154bvissv1_S3.png
plant_dataset/final_core_1056/fruiting/wgsm_maize_0051.jpg,WGSM,maize,side/front-controlled,fruiting,,640x640,409,342,640,640,,,,,155avissv1_S8.png
plant_dataset/final_core_1056/young/wgsm_maize_0050.jpg,WGSM,maize,side/front-controlled,young,,640x640,409,342,640,640,,,,,156avissv1_S1.png
plant_dataset/final_core_1056/growing/wgsm_maize_0063.jpg,WGSM,maize,side/front-controlled,growing,,640x640,409,342,640,640,,,,,156bvissv1_S5.png
plant_dataset/final_core_1056/flowering/wgsm_maize_0046.jpg,WGSM,maize,side/front-controlled,flowering,,640x640,409,342,640,640,,,,,157avissv1_S7.png
plant_dataset/final_core_1056/young/wgsm_maize_0051.jpg,WGSM,maize,side/front-controlled,young,,640x640,409,342,640,640,,,,,158avissv1_S2.png
plant_dataset/final_core_1056/growing/wgsm_maize_0064.jpg,WGSM,maize,side/front-controlled,growing,,640x640,409,342,640,640,,,,,158bvissv1_S5.png
plant_dataset/final_core_1056/fruiting/wgsm_maize_0052.jpg,WGSM,maize,side/front-controlled,fruiting,,640x640,409,342,640,640,,,,,159avissv1_S8.png
plant_dataset/final_core_1056/growing/wgsm_maize_0065.jpg,WGSM,maize,side/front-controlled,growing,,640x640,409,342,640,640,,,,,160avissv1_S3.png
plant_dataset/final_core_1056/flowering/wgsm_maize_0047.jpg,WGSM,maize,side/front-controlled,flowering,,640x640,409,342,640,640,,,,,160bvissv1_S6.png
plant_dataset/final_core_1056/fruiting/wgsm_maize_0053.jpg,WGSM,maize,side/front-controlled,fruiting,,640x640,409,342,640,640,,,,,161avissv1_S9.png
plant_dataset/final_core_1056/young/wgsm_maize_0052.jpg,WGSM,maize,side/front-controlled,young,,640x640,409,342,640,640,,,,,162avissv1_S2.png
plant_dataset/final_core_1056/flowering/wgsm_maize_0048.jpg,WGSM,maize,side/front-controlled,flowering,,640x640,409,342,640,640,,,,,162bvissv1_S6.png
plant_dataset/final_core_1056/young/wgsm_maize_0053.jpg,WGSM,maize,side/front-controlled,young,,640x640,409,342,640,640,,,,,163bvissv1_S1.png
plant_dataset/final_core_1056/growing/wgsm_maize_0066.jpg,WGSM,maize,side/front-controlled,growing,,640x640,409,342,640,640,,,,,164avissv1_S5.png
plant_dataset/final_core_1056/fruiting/wgsm_maize_0054.jpg,WGSM,maize,side/front-controlled,fruiting,,640x640,409,342,640,640,,,,,164bvissv1_S9.png
plant_dataset/final_core_1056/growing/wgsm_maize_0067.jpg,WGSM,maize,side/front-controlled,growing,,640x640,409,342,640,640,,,,,165bvissv1_S3.png
plant_dataset/final_core_1056/flowering/wgsm_maize_0049.jpg,WGSM,maize,side/front-controlled,flowering,,640x640,409,342,640,640,,,,,166avissv1_S6.png
plant_dataset/final_core_1056/flowering/wgsm_maize_0050.jpg,WGSM,maize,side/front-controlled,flowering,,640x640,409,342,640,640,,,,,167avissv1_S7.png
plant_dataset/final_core_1056/young/wgsm_maize_0054.jpg,WGSM,maize,side/front-controlled,young,,640x640,409,342,640,640,,,,,168avissv1_S1.png
plant_dataset/final_core_1056/flowering/wgsm_maize_0051.jpg,WGSM,maize,side/front-controlled,flowering,,640x640,409,342,640,640,,,,,168bvissv1_S6.png
plant_dataset/final_core_1056/fruiting/wgsm_maize_0055.jpg,WGSM,maize,side/front-controlled,fruiting,,640x640,409,342,640,640,,,,,169avissv1_S9.png
plant_dataset/final_core_1056/growing/wgsm_maize_0068.jpg,WGSM,maize,side/front-controlled,growing,,640x640,409,342,640,640,,,,,170avissv1_S5.png
plant_dataset/final_core_1056/fruiting/wgsm_maize_0056.jpg,WGSM,maize,side/front-controlled,fruiting,,640x640,409,342,640,640,,,,,170bvissv1_S8.png
plant_dataset/final_core_1056/young/wgsm_maize_0055.jpg,WGSM,maize,side/front-controlled,young,,640x640,409,342,640,640,,,,,171bvissv1_S2.png
plant_dataset/final_core_1056/young/wgsm_maize_0056.jpg,WGSM,maize,side/front-controlled,young,,640x640,409,342,640,640,,,,,172bvissv1_S2.png
plant_dataset/final_core_1056/flowering/wgsm_maize_0052.jpg,WGSM,maize,side/front-controlled,flowering,,640x640,409,342,640,640,,,,,173avissv1_S6.png
plant_dataset/final_core_1056/young/wgsm_maize_0057.jpg,WGSM,maize,side/front-controlled,young,,640x640,409,342,640,640,,,,,174avissv1_S1.png
plant_dataset/final_core_1056/growing/wgsm_maize_0069.jpg,WGSM,maize,side/front-controlled,growing,,640x640,409,342,640,640,,,,,174bvissv1_S4.png
plant_dataset/final_core_1056/flowering/wgsm_maize_0053.jpg,WGSM,maize,side/front-controlled,flowering,,640x640,409,342,640,640,,,,,175avissv1_S7.png
plant_dataset/final_core_1056/young/wgsm_maize_0058.jpg,WGSM,maize,side/front-controlled,young,,640x640,409,342,640,640,,,,,176avissv1_S2.png
plant_dataset/final_core_1056/growing/wgsm_maize_0070.jpg,WGSM,maize,side/front-controlled,growing,,640x640,409,342,640,640,,,,,176bvissv1_S4.png
plant_dataset/final_core_1056/flowering/wgsm_maize_0054.jpg,WGSM,maize,side/front-controlled,flowering,,640x640,409,342,640,640,,,,,177avissv1_S7.png
plant_dataset/final_core_1056/young/wgsm_maize_0059.jpg,WGSM,maize,side/front-controlled,young,,640x640,409,342,640,640,,,,,179avissv1_S1.png
plant_dataset/final_core_1056/growing/wgsm_maize_0071.jpg,WGSM,maize,side/front-controlled,growing,,640x640,409,342,640,640,,,,,179bvissv1_S5.png
plant_dataset/final_core_1056/fruiting/wgsm_maize_0057.jpg,WGSM,maize,side/front-controlled,fruiting,,640x640,409,342,640,640,,,,,180avissv1_S8.png
plant_dataset/final_core_1056/young/wgsm_maize_0060.jpg,WGSM,maize,side/front-controlled,young,,640x640,409,342,640,640,,,,,181avissv1_S2.png
plant_dataset/final_core_1056/flowering/wgsm_maize_0055.jpg,WGSM,maize,side/front-controlled,flowering,,640x640,409,342,640,640,,,,,181bvissv1_S7.png
plant_dataset/final_core_1056/young/wgsm_maize_0061.jpg,WGSM,maize,side/front-controlled,young,,640x640,409,342,640,640,,,,,182bvissv1_S1.png
plant_dataset/final_core_1056/growing/wgsm_maize_0072.jpg,WGSM,maize,side/front-controlled,growing,,640x640,409,342,640,640,,,,,183avissv1_S5.png
plant_dataset/final_core_1056/fruiting/wgsm_maize_0058.jpg,WGSM,maize,side/front-controlled,fruiting,,640x640,409,342,640,640,,,,,183bvissv1_S8.png
plant_dataset/final_core_1056/fruiting/wgsm_maize_0059.jpg,WGSM,maize,side/front-controlled,fruiting,,640x640,409,342,640,640,,,,,184bvissv1_S9.png
plant_dataset/final_core_1056/growing/wgsm_maize_0073.jpg,WGSM,maize,side/front-controlled,growing,,640x640,409,342,640,640,,,,,185bvissv1_S5.png
plant_dataset/final_core_1056/flowering/wgsm_maize_0056.jpg,WGSM,maize,side/front-controlled,flowering,,640x640,409,342,640,640,,,,,186avissv1_S7.png
plant_dataset/final_core_1056/young/wgsm_maize_0062.jpg,WGSM,maize,side/front-controlled,young,,640x640,409,342,640,640,,,,,187avissv1_S1.png
plant_dataset/final_core_1056/growing/wgsm_maize_0074.jpg,WGSM,maize,side/front-controlled,growing,,640x640,409,342,640,640,,,,,187bvissv1_S3.png
plant_dataset/final_core_1056/flowering/wgsm_maize_0057.jpg,WGSM,maize,side/front-controlled,flowering,,640x640,409,342,640,640,,,,,188avissv1_S6.png
plant_dataset/final_core_1056/fruiting/wgsm_maize_0060.jpg,WGSM,maize,side/front-controlled,fruiting,,640x640,409,342,640,640,,,,,188bvissv1_S9.png
plant_dataset/final_core_1056/growing/wgsm_maize_0075.jpg,WGSM,maize,side/front-controlled,growing,,640x640,409,342,640,640,,,,,189bvissv1_S3.png
plant_dataset/final_core_1056/flowering/wgsm_maize_0058.jpg,WGSM,maize,side/front-controlled,flowering,,640x640,409,342,640,640,,,,,190avissv1_S6.png
plant_dataset/final_core_1056/fruiting/wgsm_maize_0061.jpg,WGSM,maize,side/front-controlled,fruiting,,640x640,409,342,640,640,,,,,190bvissv1_S8.png
plant_dataset/final_core_1056/young/wgsm_maize_0063.jpg,WGSM,maize,side/front-controlled,young,,640x640,409,342,640,640,,,,,191bvissv1_S2.png
plant_dataset/final_core_1056/growing/wgsm_maize_0076.jpg,WGSM,maize,side/front-controlled,growing,,640x640,409,342,640,640,,,,,192avissv1_S5.png
plant_dataset/final_core_1056/fruiting/wgsm_maize_0062.jpg,WGSM,maize,side/front-controlled,fruiting,,640x640,409,342,640,640,,,,,192bvissv1_S9.png
plant_dataset/final_core_1056/fruiting/wgsm_maize_0063.jpg,WGSM,maize,side/front-controlled,fruiting,,640x640,409,342,640,640,,,,,193bvissv1_S9.png
plant_dataset/final_core_1056/young/wgsm_maize_0064.jpg,WGSM,maize,side/front-controlled,young,,640x640,409,342,640,640,,,,,194bvissv1_S2.png
plant_dataset/final_core_1056/growing/wgsm_maize_0077.jpg,WGSM,maize,side/front-controlled,growing,,640x640,409,342,640,640,,,,,195avissv1_S5.png
plant_dataset/final_core_1056/fruiting/wgsm_maize_0064.jpg,WGSM,maize,side/front-controlled,fruiting,,640x640,409,342,640,640,,,,,195bvissv1_S8.png
plant_dataset/final_core_1056/growing/wgsm_maize_0078.jpg,WGSM,maize,side/front-controlled,growing,,640x640,409,342,640,640,,,,,196bvissv1_S3.png
plant_dataset/final_core_1056/fruiting/wgsm_maize_0065.jpg,WGSM,maize,side/front-controlled,fruiting,,640x640,409,342,640,640,,,,,197avissv1_S8.png
plant_dataset/final_core_1056/young/wgsm_maize_0065.jpg,WGSM,maize,side/front-controlled,young,,640x640,409,342,640,640,,,,,198avissv1_S2.png
plant_dataset/final_core_1056/flowering/wgsm_maize_0059.jpg,WGSM,maize,side/front-controlled,flowering,,640x640,409,342,640,640,,,,,198bvissv1_S7.png
plant_dataset/final_core_1056/young/wgsm_maize_0066.jpg,WGSM,maize,side/front-controlled,young,,640x640,409,342,640,640,,,,,199bvissv1_S1.png
plant_dataset/final_core_1056/growing/wgsm_maize_0079.jpg,WGSM,maize,side/front-controlled,growing,,640x640,409,342,640,640,,,,,200avissv1_S5.png
plant_dataset/final_core_1056/flowering/wgsm_maize_0060.jpg,WGSM,maize,side/front-controlled,flowering,,640x640,409,342,640,640,,,,,200bvissv1_S7.png
plant_dataset/final_core_1056/young/wgsm_maize_0067.jpg,WGSM,maize,side/front-controlled,young,,640x640,409,342,640,640,,,,,202bvissv1_S2.png
plant_dataset/final_core_1056/growing/wgsm_maize_0080.jpg,WGSM,maize,side/front-controlled,growing,,640x640,409,342,640,640,,,,,203bvissv1_S3.png
plant_dataset/final_core_1056/flowering/wgsm_maize_0061.jpg,WGSM,maize,side/front-controlled,flowering,,640x640,409,342,640,640,,,,,204avissv1_S6.png
plant_dataset/final_core_1056/fruiting/wgsm_maize_0066.jpg,WGSM,maize,side/front-controlled,fruiting,,640x640,409,342,640,640,,,,,204bvissv1_S9.png
plant_dataset/final_core_1056/young/wgsm_maize_0068.jpg,WGSM,maize,side/front-controlled,young,,640x640,409,342,640,640,,,,,205bvissv1_S2.png
plant_dataset/final_core_1056/flowering/wgsm_maize_0062.jpg,WGSM,maize,side/front-controlled,flowering,,640x640,409,342,640,640,,,,,206avissv1_S6.png
plant_dataset/final_core_1056/growing/wgsm_maize_0081.jpg,WGSM,maize,side/front-controlled,growing,,640x640,409,342,640,640,,,,,207avissv1_S3.png
plant_dataset/final_core_1056/flowering/wgsm_maize_0063.jpg,WGSM,maize,side/front-controlled,flowering,,640x640,409,342,640,640,,,,,207bvissv1_S6.png
plant_dataset/final_core_1056/fruiting/wgsm_maize_0067.jpg,WGSM,maize,side/front-controlled,fruiting,,640x640,409,342,640,640,,,,,208avissv1_S9.png
plant_dataset/final_core_1056/young/wgsm_maize_0069.jpg,WGSM,maize,side/front-controlled,young,,640x640,409,342,640,640,,,,,209avissv1_S2.png
plant_dataset/final_core_1056/young/wgsm_maize_0070.jpg,WGSM,maize,side/front-controlled,young,,640x640,409,342,640,640,,,,,210avissv1_S2.png
plant_dataset/final_core_1056/young/wgsm_maize_0071.jpg,WGSM,maize,side/front-controlled,young,,640x640,409,342,640,640,,,,,211avissv1_S2.png
plant_dataset/final_core_1056/flowering/wgsm_maize_0064.jpg,WGSM,maize,side/front-controlled,flowering,,640x640,409,342,640,640,,,,,211bvissv1_S6.png
plant_dataset/final_core_1056/fruiting/wgsm_maize_0068.jpg,WGSM,maize,side/front-controlled,fruiting,,640x640,409,342,640,640,,,,,212avissv1_S9.png
plant_dataset/final_core_1056/growing/wgsm_maize_0082.jpg,WGSM,maize,side/front-controlled,growing,,640x640,409,342,640,640,,,,,213avissv1_S3.png
plant_dataset/final_core_1056/fruiting/wgsm_maize_0069.jpg,WGSM,maize,side/front-controlled,fruiting,,640x640,409,342,640,640,,,,,213bvissv1_S8.png
plant_dataset/final_core_1056/young/wgsm_maize_0072.jpg,WGSM,maize,side/front-controlled,young,,640x640,409,342,640,640,,,,,214bvissv1_S2.png
plant_dataset/final_core_1056/young/wgsm_maize_0073.jpg,WGSM,maize,side/front-controlled,young,,640x640,409,342,640,640,,,,,215bvissv1_S2.png
plant_dataset/final_core_1056/young/wgsm_maize_0074.jpg,WGSM,maize,side/front-controlled,young,,640x640,409,342,640,640,,,,,216bvissv1_S2.png
plant_dataset/final_core_1056/growing/wgsm_maize_0083.jpg,WGSM,maize,side/front-controlled,growing,,640x640,409,342,640,640,,,,,217avissv1_S5.png
plant_dataset/final_core_1056/fruiting/wgsm_maize_0070.jpg,WGSM,maize,side/front-controlled,fruiting,,640x640,409,342,640,640,,,,,217bvissv1_S9.png
plant_dataset/final_core_1056/growing/wgsm_maize_0084.jpg,WGSM,maize,side/front-controlled,growing,,640x640,409,342,640,640,,,,,218bvissv1_S3.png
plant_dataset/final_core_1056/growing/wgsm_maize_0085.jpg,WGSM,maize,side/front-controlled,growing,,640x640,409,342,640,640,,,,,219bvissv1_S5.png
plant_dataset/final_core_1056/fruiting/wgsm_maize_0071.jpg,WGSM,maize,side/front-controlled,fruiting,,640x640,409,342,640,640,,,,,220avissv1_S9.png
plant_dataset/final_core_1056/flowering/wgsm_maize_0065.jpg,WGSM,maize,side/front-controlled,flowering,,640x640,409,342,640,640,,,,,221bvissv1_S6.png
plant_dataset/final_core_1056/young/wgsm_maize_0075.jpg,WGSM,maize,side/front-controlled,young,,640x640,409,342,640,640,,,,,222bvissv1_S1.png
plant_dataset/final_core_1056/growing/wgsm_maize_0086.jpg,WGSM,maize,side/front-controlled,growing,,640x640,409,342,640,640,,,,,223avissv1_S5.png
plant_dataset/final_core_1056/fruiting/wgsm_maize_0072.jpg,WGSM,maize,side/front-controlled,fruiting,,640x640,409,342,640,640,,,,,223bvissv1_S9.png
plant_dataset/final_core_1056/young/wgsm_maize_0076.jpg,WGSM,maize,side/front-controlled,young,,640x640,409,342,640,640,,,,,224bvissv1_S2.png
plant_dataset/final_core_1056/flowering/wgsm_maize_0066.jpg,WGSM,maize,side/front-controlled,flowering,,640x640,409,342,640,640,,,,,225avissv1_S7.png
plant_dataset/final_core_1056/young/wgsm_maize_0077.jpg,WGSM,maize,side/front-controlled,young,,640x640,409,342,640,640,,,,,226avissv1_S2.png
plant_dataset/final_core_1056/flowering/wgsm_maize_0067.jpg,WGSM,maize,side/front-controlled,flowering,,640x640,409,342,640,640,,,,,226bvissv1_S6.png
plant_dataset/final_core_1056/growing/wgsm_maize_0087.jpg,WGSM,maize,side/front-controlled,growing,,640x640,409,342,640,640,,,,,228avissv1_S3.png
plant_dataset/final_core_1056/growing/wgsm_maize_0088.jpg,WGSM,maize,side/front-controlled,growing,,640x640,409,342,640,640,,,,,229avissv1_S3.png
plant_dataset/final_core_1056/flowering/wgsm_maize_0068.jpg,WGSM,maize,side/front-controlled,flowering,,640x640,409,342,640,640,,,,,229bvissv1_S7.png
plant_dataset/final_core_1056/young/wgsm_maize_0078.jpg,WGSM,maize,side/front-controlled,young,,640x640,409,342,640,640,,,,,230bvissv1_S2.png
plant_dataset/final_core_1056/growing/wgsm_maize_0089.jpg,WGSM,maize,side/front-controlled,growing,,640x640,409,342,640,640,,,,,231avissv1_S4.png
plant_dataset/final_core_1056/growing/wgsm_maize_0090.jpg,WGSM,maize,side/front-controlled,growing,,640x640,409,342,640,640,,,,,232avissv1_S5.png
plant_dataset/final_core_1056/growing/wgsm_maize_0091.jpg,WGSM,maize,side/front-controlled,growing,,640x640,409,342,640,640,,,,,233avissv1_S5.png
plant_dataset/final_core_1056/growing/wgsm_maize_0092.jpg,WGSM,maize,side/front-controlled,growing,,640x640,409,342,640,640,,,,,250avissv1_S5.png
plant_dataset/final_core_1056/flowering/wgsm_maize_0069.jpg,WGSM,maize,side/front-controlled,flowering,,640x640,409,342,640,640,,,,,250bvissv1_S7.png
plant_dataset/final_core_1056/young/wgsm_maize_0079.jpg,WGSM,maize,side/front-controlled,young,,640x640,409,342,640,640,,,,,250dvissv1_S2.png
plant_dataset/final_core_1056/flowering/wgsm_maize_0070.jpg,WGSM,maize,side/front-controlled,flowering,,640x640,409,342,640,640,,,,,250evissv1_S6.png
plant_dataset/final_core_1056/fruiting/wgsm_maize_0073.jpg,WGSM,maize,side/front-controlled,fruiting,,640x640,409,342,640,640,,,,,251avissv1_S9.png
plant_dataset/final_core_1056/growing/wgsm_maize_0093.jpg,WGSM,maize,side/front-controlled,growing,,640x640,409,342,640,640,,,,,251cvissv1_S3.png
plant_dataset/final_core_1056/flowering/wgsm_maize_0071.jpg,WGSM,maize,side/front-controlled,flowering,,640x640,409,342,640,640,,,,,251dvissv1_S6.png
plant_dataset/final_core_1056/fruiting/wgsm_maize_0074.jpg,WGSM,maize,side/front-controlled,fruiting,,640x640,409,342,640,640,,,,,251evissv1_S9.png
plant_dataset/final_core_1056/flowering/wgsw_mix_wheat_0001.jpg,WGSW-mix,wheat,side/front-controlled,flowering,,640x640,2056,2452,640,640,,,,,W0001-S1-22CY01T01_2022-04-24_vis-side0.png
plant_dataset/final_core_1056/flowering/wgsw_mix_wheat_0002.jpg,WGSW-mix,wheat,side/front-controlled,flowering,,640x640,2056,2452,640,640,,,,,W0001-S1-22CY01T02_2022-04-24_vis-side0.png
plant_dataset/final_core_1056/flowering/wgsw_mix_wheat_0003.jpg,WGSW-mix,wheat,side/front-controlled,flowering,,640x640,2056,2452,640,640,,,,,W0001-S1-22CY01T03_2022-04-24_vis-side0.png
plant_dataset/final_core_1056/flowering/wgsw_mix_wheat_0004.jpg,WGSW-mix,wheat,side/front-controlled,flowering,,640x640,2056,2452,640,640,,,,,W0002-S1-22CY01T01_2022-04-24_vis-side0.png
plant_dataset/final_core_1056/flowering/wgsw_mix_wheat_0005.jpg,WGSW-mix,wheat,side/front-controlled,flowering,,640x640,2056,2452,640,640,,,,,W0002-S1-22CY01T02_2022-04-24_vis-side0.png
plant_dataset/final_core_1056/flowering/wgsw_mix_wheat_0006.jpg,WGSW-mix,wheat,side/front-controlled,flowering,,640x640,2056,2452,640,640,,,,,W0002-S1-22CY01T03_2022-04-24_vis-side0.png
plant_dataset/final_core_1056/flowering/wgsw_mix_wheat_0007.jpg,WGSW-mix,wheat,side/front-controlled,flowering,,640x640,2056,2452,640,640,,,,,W0003-S1-22CY01T01_2022-04-24_vis-side0.png
plant_dataset/final_core_1056/flowering/wgsw_mix_wheat_0008.jpg,WGSW-mix,wheat,side/front-controlled,flowering,,640x640,2056,2452,640,640,,,,,W0003-S1-22CY01T02_2022-04-24_vis-side0.png
plant_dataset/final_core_1056/flowering/wgsw_mix_wheat_0009.jpg,WGSW-mix,wheat,side/front-controlled,flowering,,640x640,2056,2452,640,640,,,,,W0003-S1-22CY01T03_2022-04-24_vis-side0.png
plant_dataset/final_core_1056/flowering/wgsw_mix_wheat_0010.jpg,WGSW-mix,wheat,side/front-controlled,flowering,,640x640,2056,2452,640,640,,,,,W0004-S1-22CY01T01_2022-04-24_vis-side0.png
plant_dataset/final_core_1056/flowering/wgsw_mix_wheat_0011.jpg,WGSW-mix,wheat,side/front-controlled,flowering,,640x640,2056,2452,640,640,,,,,W0004-S1-22CY01T02_2022-04-24_vis-side0.png
plant_dataset/final_core_1056/flowering/wgsw_mix_wheat_0012.jpg,WGSW-mix,wheat,side/front-controlled,flowering,,640x640,2056,2452,640,640,,,,,W0004-S1-22CY01T03_2022-04-24_vis-side0.png
plant_dataset/final_core_1056/flowering/wgsw_mix_wheat_0013.jpg,WGSW-mix,wheat,side/front-controlled,flowering,,640x640,2056,2452,640,640,,,,,W0005-S1-22CY01T01_2022-04-24_vis-side0.png
plant_dataset/final_core_1056/flowering/wgsw_mix_wheat_0014.jpg,WGSW-mix,wheat,side/front-controlled,flowering,,640x640,2056,2452,640,640,,,,,W0005-S1-22CY01T02_2022-04-24_vis-side0.png
plant_dataset/final_core_1056/flowering/wgsw_mix_wheat_0015.jpg,WGSW-mix,wheat,side/front-controlled,flowering,,640x640,2056,2452,640,640,,,,,W0005-S1-22CY01T03_2022-04-24_vis-side0.png
plant_dataset/final_core_1056/flowering/wgsw_mix_wheat_0016.jpg,WGSW-mix,wheat,side/front-controlled,flowering,,640x640,2056,2452,640,640,,,,,W0006-S1-22CY01T01_2022-04-24_vis-side0.png
plant_dataset/final_core_1056/flowering/wgsw_mix_wheat_0017.jpg,WGSW-mix,wheat,side/front-controlled,flowering,,640x640,2056,2452,640,640,,,,,W0006-S1-22CY01T02_2022-04-24_vis-side0.png
plant_dataset/final_core_1056/flowering/wgsw_mix_wheat_0018.jpg,WGSW-mix,wheat,side/front-controlled,flowering,,640x640,2056,2452,640,640,,,,,W0006-S1-22CY01T03_2022-04-24_vis-side0.png
plant_dataset/final_core_1056/flowering/wgsw_mix_wheat_0019.jpg,WGSW-mix,wheat,side/front-controlled,flowering,,640x640,2056,2452,640,640,,,,,W0007-S1-22CY01T01_2022-04-24_vis-side0.png
plant_dataset/final_core_1056/flowering/wgsw_mix_wheat_0020.jpg,WGSW-mix,wheat,side/front-controlled,flowering,,640x640,2056,2452,640,640,,,,,W0007-S1-22CY01T02_2022-04-24_vis-side0.png
plant_dataset/final_core_1056/flowering/wgsw_mix_wheat_0021.jpg,WGSW-mix,wheat,side/front-controlled,flowering,,640x640,2056,2452,640,640,,,,,W0007-S1-22CY01T03_2022-04-24_vis-side0.png
plant_dataset/final_core_1056/flowering/wgsw_mix_wheat_0022.jpg,WGSW-mix,wheat,side/front-controlled,flowering,,640x640,2056,2452,640,640,,,,,W0008-S1-22CY01T01_2022-04-24_vis-side0.png
plant_dataset/final_core_1056/flowering/wgsw_mix_wheat_0023.jpg,WGSW-mix,wheat,side/front-controlled,flowering,,640x640,2056,2452,640,640,,,,,W0008-S1-22CY01T02_2022-04-24_vis-side0.png
plant_dataset/final_core_1056/flowering/wgsw_mix_wheat_0024.jpg,WGSW-mix,wheat,side/front-controlled,flowering,,640x640,2056,2452,640,640,,,,,W0008-S1-22CY01T03_2022-04-24_vis-side0.png
plant_dataset/final_core_1056/flowering/wgsw_mix_wheat_0025.jpg,WGSW-mix,wheat,side/front-controlled,flowering,,640x640,2056,2452,640,640,,,,,W0009-S1-22CY01T01_2022-04-24_vis-side0.png
plant_dataset/final_core_1056/flowering/wgsw_mix_wheat_0026.jpg,WGSW-mix,wheat,side/front-controlled,flowering,,640x640,2056,2452,640,640,,,,,W0009-S1-22CY01T02_2022-04-24_vis-side0.png
plant_dataset/final_core_1056/flowering/wgsw_mix_wheat_0027.jpg,WGSW-mix,wheat,side/front-controlled,flowering,,640x640,2056,2452,640,640,,,,,W0009-S1-22CY01T03_2022-04-24_vis-side0.png
plant_dataset/final_core_1056/flowering/wgsw_mix_wheat_0028.jpg,WGSW-mix,wheat,side/front-controlled,flowering,,640x640,2056,2452,640,640,,,,,W0010-S1-22CY01T01_2022-04-24_vis-side0.png
plant_dataset/final_core_1056/flowering/wgsw_mix_wheat_0029.jpg,WGSW-mix,wheat,side/front-controlled,flowering,,640x640,2056,2452,640,640,,,,,W0010-S1-22CY01T02_2022-04-24_vis-side0.png
plant_dataset/final_core_1056/flowering/wgsw_mix_wheat_0030.jpg,WGSW-mix,wheat,side/front-controlled,flowering,,640x640,2056,2452,640,640,,,,,W0010-S1-22CY01T03_2022-04-24_vis-side0.png
plant_dataset/final_core_1056/flowering/wgsw_mix_wheat_0031.jpg,WGSW-mix,wheat,side/front-controlled,flowering,,640x640,2056,2452,640,640,,,,,W0011-S1-22CY01T01_2022-04-24_vis-side0.png
plant_dataset/final_core_1056/flowering/wgsw_mix_wheat_0032.jpg,WGSW-mix,wheat,side/front-controlled,flowering,,640x640,2056,2452,640,640,,,,,W0011-S1-22CY01T02_2022-04-24_vis-side0.png
plant_dataset/final_core_1056/flowering/wgsw_mix_wheat_0033.jpg,WGSW-mix,wheat,side/front-controlled,flowering,,640x640,2056,2452,640,640,,,,,W0011-S1-22CY01T03_2022-04-24_vis-side0.png
plant_dataset/final_core_1056/flowering/wgsw_mix_wheat_0034.jpg,WGSW-mix,wheat,side/front-controlled,flowering,,640x640,2056,2452,640,640,,,,,W0012-S1-22CY01T01_2022-04-24_vis-side0.png
plant_dataset/final_core_1056/flowering/wgsw_mix_wheat_0035.jpg,WGSW-mix,wheat,side/front-controlled,flowering,,640x640,2056,2452,640,640,,,,,W0012-S1-22CY01T02_2022-04-24_vis-side0.png
plant_dataset/final_core_1056/flowering/wgsw_mix_wheat_0036.jpg,WGSW-mix,wheat,side/front-controlled,flowering,,640x640,2056,2452,640,640,,,,,W0012-S1-22CY01T03_2022-04-24_vis-side0.png
plant_dataset/final_core_1056/flowering/wgsw_mix_wheat_0037.jpg,WGSW-mix,wheat,side/front-controlled,flowering,,640x640,2056,2452,640,640,,,,,W0013-S1-22CY01T01_2022-04-24_vis-side0.png
plant_dataset/final_core_1056/flowering/wgsw_mix_wheat_0038.jpg,WGSW-mix,wheat,side/front-controlled,flowering,,640x640,2056,2452,640,640,,,,,W0013-S1-22CY01T02_2022-04-24_vis-side0.png
plant_dataset/final_core_1056/flowering/wgsw_mix_wheat_0039.jpg,WGSW-mix,wheat,side/front-controlled,flowering,,640x640,2056,2452,640,640,,,,,W0013-S1-22CY01T03_2022-04-24_vis-side0.png
plant_dataset/final_core_1056/flowering/wgsw_mix_wheat_0040.jpg,WGSW-mix,wheat,side/front-controlled,flowering,,640x640,2056,2452,640,640,,,,,W0014-S1-22CY01T01_2022-04-24_vis-side0.png
plant_dataset/final_core_1056/flowering/wgsw_mix_wheat_0041.jpg,WGSW-mix,wheat,side/front-controlled,flowering,,640x640,2056,2452,640,640,,,,,W0014-S1-22CY01T02_2022-04-24_vis-side0.png
plant_dataset/final_core_1056/flowering/wgsw_mix_wheat_0042.jpg,WGSW-mix,wheat,side/front-controlled,flowering,,640x640,2056,2452,640,640,,,,,W0014-S1-22CY01T03_2022-04-24_vis-side0.png
plant_dataset/final_core_1056/flowering/wgsw_mix_wheat_0043.jpg,WGSW-mix,wheat,side/front-controlled,flowering,,640x640,2056,2452,640,640,,,,,W0015-S1-22CY01T01_2022-04-24_vis-side0.png
plant_dataset/final_core_1056/flowering/wgsw_mix_wheat_0044.jpg,WGSW-mix,wheat,side/front-controlled,flowering,,640x640,2056,2452,640,640,,,,,W0015-S1-22CY01T02_2022-04-24_vis-side0.png
plant_dataset/final_core_1056/flowering/wgsw_mix_wheat_0045.jpg,WGSW-mix,wheat,side/front-controlled,flowering,,640x640,2056,2452,640,640,,,,,W0015-S1-22CY01T03_2022-04-24_vis-side0.png
plant_dataset/final_core_1056/flowering/wgsw_mix_wheat_0046.jpg,WGSW-mix,wheat,side/front-controlled,flowering,,640x640,2056,2452,640,640,,,,,W0016-S1-22CY01T01_2022-04-24_vis-side0.png
plant_dataset/final_core_1056/flowering/wgsw_mix_wheat_0047.jpg,WGSW-mix,wheat,side/front-controlled,flowering,,640x640,2056,2452,640,640,,,,,W0016-S1-22CY01T02_2022-04-24_vis-side0.png
plant_dataset/final_core_1056/flowering/wgsw_mix_wheat_0048.jpg,WGSW-mix,wheat,side/front-controlled,flowering,,640x640,2056,2452,640,640,,,,,W0016-S1-22CY01T03_2022-04-24_vis-side0.png
plant_dataset/final_core_1056/flowering/wgsw_mix_wheat_0049.jpg,WGSW-mix,wheat,side/front-controlled,flowering,,640x640,2056,2452,640,640,,,,,W0017-S1-22CY01T01_2022-04-24_vis-side0.png
plant_dataset/final_core_1056/flowering/wgsw_mix_wheat_0050.jpg,WGSW-mix,wheat,side/front-controlled,flowering,,640x640,2056,2452,640,640,,,,,W0017-S1-22CY01T02_2022-04-24_vis-side0.png
plant_dataset/final_core_1056/flowering/wgsw_mix_wheat_0051.jpg,WGSW-mix,wheat,side/front-controlled,flowering,,640x640,2056,2452,640,640,,,,,W0017-S1-22CY01T03_2022-04-24_vis-side0.png
plant_dataset/final_core_1056/flowering/wgsw_mix_wheat_0052.jpg,WGSW-mix,wheat,side/front-controlled,flowering,,640x640,2056,2452,640,640,,,,,W0018-S1-22CY01T01_2022-04-24_vis-side0.png
plant_dataset/final_core_1056/flowering/wgsw_mix_wheat_0053.jpg,WGSW-mix,wheat,side/front-controlled,flowering,,640x640,2056,2452,640,640,,,,,W0018-S1-22CY01T02_2022-04-24_vis-side0.png
plant_dataset/final_core_1056/flowering/wgsw_mix_wheat_0054.jpg,WGSW-mix,wheat,side/front-controlled,flowering,,640x640,2056,2452,640,640,,,,,W0018-S1-22CY01T03_2022-04-24_vis-side0.png
plant_dataset/final_core_1056/flowering/wgsw_mix_wheat_0055.jpg,WGSW-mix,wheat,side/front-controlled,flowering,,640x640,2056,2452,640,640,,,,,W0019-S1-22CY01T01_2022-04-24_vis-side0.png
plant_dataset/final_core_1056/flowering/wgsw_mix_wheat_0056.jpg,WGSW-mix,wheat,side/front-controlled,flowering,,640x640,2056,2452,640,640,,,,,W0019-S1-22CY01T02_2022-04-24_vis-side0.png
plant_dataset/final_core_1056/flowering/wgsw_mix_wheat_0057.jpg,WGSW-mix,wheat,side/front-controlled,flowering,,640x640,2056,2452,640,640,,,,,W0019-S1-22CY01T03_2022-04-24_vis-side0.png
plant_dataset/final_core_1056/flowering/wgsw_mix_wheat_0058.jpg,WGSW-mix,wheat,side/front-controlled,flowering,,640x640,2056,2452,640,640,,,,,W0020-S1-22CY01T01_2022-04-24_vis-side0.png
plant_dataset/final_core_1056/flowering/wgsw_mix_wheat_0059.jpg,WGSW-mix,wheat,side/front-controlled,flowering,,640x640,2056,2452,640,640,,,,,W0020-S1-22CY01T02_2022-04-24_vis-side0.png
plant_dataset/final_core_1056/flowering/wgsw_mix_wheat_0060.jpg,WGSW-mix,wheat,side/front-controlled,flowering,,640x640,2056,2452,640,640,,,,,W0020-S1-22CY01T03_2022-04-24_vis-side0.png
plant_dataset/final_core_1056/flowering/wgsw_mix_wheat_0061.jpg,WGSW-mix,wheat,side/front-controlled,flowering,,640x640,2056,2452,640,640,,,,,W0021-S1-22CY01T01_2022-04-24_vis-side0.png
plant_dataset/final_core_1056/flowering/wgsw_mix_wheat_0062.jpg,WGSW-mix,wheat,side/front-controlled,flowering,,640x640,2056,2452,640,640,,,,,W0021-S1-22CY01T02_2022-04-24_vis-side0.png
plant_dataset/final_core_1056/flowering/wgsw_mix_wheat_0063.jpg,WGSW-mix,wheat,side/front-controlled,flowering,,640x640,2056,2452,640,640,,,,,W0021-S1-22CY01T03_2022-04-24_vis-side0.png
plant_dataset/final_core_1056/flowering/wgsw_mix_wheat_0064.jpg,WGSW-mix,wheat,side/front-controlled,flowering,,640x640,2056,2452,640,640,,,,,W0022-S1-22CY01T01_2022-04-24_vis-side0.png
plant_dataset/final_core_1056/flowering/wgsw_mix_wheat_0065.jpg,WGSW-mix,wheat,side/front-controlled,flowering,,640x640,2056,2452,640,640,,,,,W0022-S1-22CY01T02_2022-04-24_vis-side0.png
plant_dataset/final_core_1056/flowering/wgsw_mix_wheat_0066.jpg,WGSW-mix,wheat,side/front-controlled,flowering,,640x640,2056,2452,640,640,,,,,W0022-S1-22CY01T03_2022-04-24_vis-side0.png
plant_dataset/final_core_1056/flowering/wgsw_mix_wheat_0067.jpg,WGSW-mix,wheat,side/front-controlled,flowering,,640x640,2056,2452,640,640,,,,,W0023-S1-22CY01T01_2022-04-24_vis-side0.png
plant_dataset/final_core_1056/flowering/wgsw_mix_wheat_0068.jpg,WGSW-mix,wheat,side/front-controlled,flowering,,640x640,2056,2452,640,640,,,,,W0023-S1-22CY01T02_2022-04-24_vis-side0.png
plant_dataset/final_core_1056/flowering/wgsw_mix_wheat_0069.jpg,WGSW-mix,wheat,side/front-controlled,flowering,,640x640,2056,2452,640,640,,,,,W0023-S1-22CY01T03_2022-04-24_vis-side0.png
plant_dataset/final_core_1056/flowering/wgsw_mix_wheat_0070.jpg,WGSW-mix,wheat,side/front-controlled,flowering,,640x640,2056,2452,640,640,,,,,W0024-S1-22CY01T01_2022-04-24_vis-side0.png
plant_dataset/final_core_1056/flowering/wgsw_mix_wheat_0071.jpg,WGSW-mix,wheat,side/front-controlled,flowering,,640x640,2056,2452,640,640,,,,,W0024-S1-22CY01T02_2022-04-24_vis-side0.png
plant_dataset/final_core_1056/flowering/wgsw_mix_wheat_0072.jpg,WGSW-mix,wheat,side/front-controlled,flowering,,640x640,2056,2452,640,640,,,,,W0024-S1-22CY01T03_2022-04-24_vis-side0.png
plant_dataset/final_core_1056/flowering/wgsw_mix_wheat_0073.jpg,WGSW-mix,wheat,side/front-controlled,flowering,,640x640,2056,2452,640,640,,,,,W0025-S1-22CY01T01_2022-04-24_vis-side0.png
plant_dataset/final_core_1056/flowering/wgsw_mix_wheat_0074.jpg,WGSW-mix,wheat,side/front-controlled,flowering,,640x640,2056,2452,640,640,,,,,W0025-S1-22CY01T02_2022-04-24_vis-side0.png
plant_dataset/final_core_1056/flowering/wgsw_mix_wheat_0075.jpg,WGSW-mix,wheat,side/front-controlled,flowering,,640x640,2056,2452,640,640,,,,,W0025-S1-22CY01T03_2022-04-24_vis-side0.png
plant_dataset/final_core_1056/flowering/wgsw_mix_wheat_0076.jpg,WGSW-mix,wheat,side/front-controlled,flowering,,640x640,2056,2452,640,640,,,,,W0026-S1-22CY01T01_2022-04-24_vis-side0.png
plant_dataset/final_core_1056/flowering/wgsw_mix_wheat_0077.jpg,WGSW-mix,wheat,side/front-controlled,flowering,,640x640,2056,2452,640,640,,,,,W0026-S1-22CY01T02_2022-04-24_vis-side0.png
plant_dataset/final_core_1056/flowering/wgsw_mix_wheat_0078.jpg,WGSW-mix,wheat,side/front-controlled,flowering,,640x640,2056,2452,640,640,,,,,W0026-S1-22CY01T03_2022-04-24_vis-side0.png
plant_dataset/final_core_1056/flowering/wgsw_mix_wheat_0079.jpg,WGSW-mix,wheat,side/front-controlled,flowering,,640x640,2056,2452,640,640,,,,,W0027-S1-22CY01T01_2022-04-24_vis-side0.png
plant_dataset/final_core_1056/flowering/wgsw_mix_wheat_0080.jpg,WGSW-mix,wheat,side/front-controlled,flowering,,640x640,2056,2452,640,640,,,,,W0027-S1-22CY01T02_2022-04-24_vis-side0.png
plant_dataset/final_core_1056/flowering/wgsw_mix_wheat_0081.jpg,WGSW-mix,wheat,side/front-controlled,flowering,,640x640,2056,2452,640,640,,,,,W0027-S1-22CY01T03_2022-04-24_vis-side0.png
plant_dataset/final_core_1056/flowering/wgsw_mix_wheat_0082.jpg,WGSW-mix,wheat,side/front-controlled,flowering,,640x640,2056,2452,640,640,,,,,W0028-S1-22CY01T01_2022-04-24_vis-side0.png
plant_dataset/final_core_1056/flowering/wgsw_mix_wheat_0083.jpg,WGSW-mix,wheat,side/front-controlled,flowering,,640x640,2056,2452,640,640,,,,,W0028-S1-22CY01T02_2022-04-24_vis-side0.png
plant_dataset/final_core_1056/flowering/wgsw_mix_wheat_0084.jpg,WGSW-mix,wheat,side/front-controlled,flowering,,640x640,2056,2452,640,640,,,,,W0028-S1-22CY01T03_2022-04-24_vis-side0.png
plant_dataset/final_core_1056/flowering/wgsw_mix_wheat_0085.jpg,WGSW-mix,wheat,side/front-controlled,flowering,,640x640,2056,2452,640,640,,,,,W0029-S1-22CY01T01_2022-04-24_vis-side0.png
plant_dataset/final_core_1056/flowering/wgsw_mix_wheat_0086.jpg,WGSW-mix,wheat,side/front-controlled,flowering,,640x640,2056,2452,640,640,,,,,W0029-S1-22CY01T02_2022-04-24_vis-side0.png
plant_dataset/final_core_1056/flowering/wgsw_mix_wheat_0087.jpg,WGSW-mix,wheat,side/front-controlled,flowering,,640x640,2056,2452,640,640,,,,,W0029-S1-22CY01T03_2022-04-24_vis-side0.png
plant_dataset/final_core_1056/flowering/wgsw_mix_wheat_0088.jpg,WGSW-mix,wheat,side/front-controlled,flowering,,640x640,2056,2452,640,640,,,,,W0030-S1-22CY01T01_2022-04-24_vis-side0.png
plant_dataset/final_core_1056/flowering/wgsw_mix_wheat_0089.jpg,WGSW-mix,wheat,side/front-controlled,flowering,,640x640,2056,2452,640,640,,,,,W0030-S1-22CY01T02_2022-04-24_vis-side0.png
plant_dataset/final_core_1056/flowering/wgsw_mix_wheat_0090.jpg,WGSW-mix,wheat,side/front-controlled,flowering,,640x640,2056,2452,640,640,,,,,W0030-S1-22CY01T03_2022-04-24_vis-side0.png
plant_dataset/final_core_1056/flowering/wgsw_mix_wheat_0091.jpg,WGSW-mix,wheat,side/front-controlled,flowering,,640x640,2056,2452,640,640,,,,,W0031-S1-22CY01T01_2022-04-24_vis-side0.png
plant_dataset/final_core_1056/flowering/wgsw_mix_wheat_0092.jpg,WGSW-mix,wheat,side/front-controlled,flowering,,640x640,2056,2452,640,640,,,,,W0031-S1-22CY01T02_2022-04-24_vis-side0.png
plant_dataset/final_core_1056/flowering/wgsw_mix_wheat_0093.jpg,WGSW-mix,wheat,side/front-controlled,flowering,,640x640,2056,2452,640,640,,,,,W0031-S1-22CY01T03_2022-04-24_vis-side0.png
plant_dataset/final_core_1056/flowering/wgsw_mix_wheat_0094.jpg,WGSW-mix,wheat,side/front-controlled,flowering,,640x640,2056,2452,640,640,,,,,W0032-S1-22CY01T01_2022-04-24_vis-side0.png
plant_dataset/final_core_1056/flowering/wgsw_mix_wheat_0095.jpg,WGSW-mix,wheat,side/front-controlled,flowering,,640x640,2056,2452,640,640,,,,,W0032-S1-22CY01T02_2022-04-24_vis-side0.png
plant_dataset/final_core_1056/flowering/wgsw_mix_wheat_0096.jpg,WGSW-mix,wheat,side/front-controlled,flowering,,640x640,2056,2452,640,640,,,,,W0032-S1-22CY01T03_2022-04-24_vis-side0.png
plant_dataset/final_core_1056/flowering/wgsw_mix_wheat_0097.jpg,WGSW-mix,wheat,side/front-controlled,flowering,,640x640,2056,2452,640,640,,,,,W0033-S1-22CY01T01_2022-04-24_vis-side0.png
plant_dataset/final_core_1056/flowering/wgsw_mix_wheat_0098.jpg,WGSW-mix,wheat,side/front-controlled,flowering,,640x640,2056,2452,640,640,,,,,W0033-S1-22CY01T02_2022-04-24_vis-side0.png
plant_dataset/final_core_1056/flowering/wgsw_mix_wheat_0099.jpg,WGSW-mix,wheat,side/front-controlled,flowering,,640x640,2056,2452,640,640,,,,,W0033-S1-22CY01T03_2022-04-24_vis-side0.png
plant_dataset/final_core_1056/flowering/wgsw_mix_wheat_0100.jpg,WGSW-mix,wheat,side/front-controlled,flowering,,640x640,2056,2452,640,640,,,,,W0034-S1-22CY01T01_2022-04-24_vis-side0.png
plant_dataset/final_core_1056/flowering/wgsw_mix_wheat_0101.jpg,WGSW-mix,wheat,side/front-controlled,flowering,,640x640,2056,2452,640,640,,,,,W0034-S1-22CY01T02_2022-04-24_vis-side0.png
plant_dataset/final_core_1056/flowering/wgsw_mix_wheat_0102.jpg,WGSW-mix,wheat,side/front-controlled,flowering,,640x640,2056,2452,640,640,,,,,W0034-S1-22CY01T03_2022-04-24_vis-side0.png
plant_dataset/final_core_1056/flowering/wgsw_mix_wheat_0103.jpg,WGSW-mix,wheat,side/front-controlled,flowering,,640x640,2056,2452,640,640,,,,,W0035-S1-22CY01T01_2022-04-24_vis-side0.png
plant_dataset/final_core_1056/flowering/wgsw_mix_wheat_0104.jpg,WGSW-mix,wheat,side/front-controlled,flowering,,640x640,2056,2452,640,640,,,,,W0035-S1-22CY01T02_2022-04-24_vis-side0.png
plant_dataset/final_core_1056/flowering/wgsw_mix_wheat_0105.jpg,WGSW-mix,wheat,side/front-controlled,flowering,,640x640,2056,2452,640,640,,,,,W0035-S1-22CY01T03_2022-04-24_vis-side0.png
plant_dataset/final_core_1056/flowering/wgsw_mix_wheat_0106.jpg,WGSW-mix,wheat,side/front-controlled,flowering,,640x640,2056,2452,640,640,,,,,W0036-S1-22CY01T01_2022-04-24_vis-side0.png
plant_dataset/final_core_1056/flowering/wgsw_mix_wheat_0107.jpg,WGSW-mix,wheat,side/front-controlled,flowering,,640x640,2056,2452,640,640,,,,,W0036-S1-22CY01T02_2022-04-24_vis-side0.png
plant_dataset/final_core_1056/flowering/wgsw_mix_wheat_0108.jpg,WGSW-mix,wheat,side/front-controlled,flowering,,640x640,2056,2452,640,640,,,,,W0036-S1-22CY01T03_2022-04-24_vis-side0.png
plant_dataset/final_core_1056/flowering/wgsw_mix_wheat_0109.jpg,WGSW-mix,wheat,side/front-controlled,flowering,,640x640,2056,2452,640,640,,,,,W0037-S1-22CY01T01_2022-04-24_vis-side0.png
plant_dataset/final_core_1056/flowering/wgsw_mix_wheat_0110.jpg,WGSW-mix,wheat,side/front-controlled,flowering,,640x640,2056,2452,640,640,,,,,W0037-S1-22CY01T02_2022-04-24_vis-side0.png
plant_dataset/final_core_1056/flowering/wgsw_mix_wheat_0111.jpg,WGSW-mix,wheat,side/front-controlled,flowering,,640x640,2056,2452,640,640,,,,,W0037-S1-22CY01T03_2022-04-24_vis-side0.png
plant_dataset/final_core_1056/flowering/wgsw_mix_wheat_0112.jpg,WGSW-mix,wheat,side/front-controlled,flowering,,640x640,2056,2452,640,640,,,,,W0038-S1-22CY01T01_2022-04-24_vis-side0.png
plant_dataset/final_core_1056/flowering/wgsw_mix_wheat_0113.jpg,WGSW-mix,wheat,side/front-controlled,flowering,,640x640,2056,2452,640,640,,,,,W0038-S1-22CY01T02_2022-04-24_vis-side0.png
plant_dataset/final_core_1056/flowering/wgsw_mix_wheat_0114.jpg,WGSW-mix,wheat,side/front-controlled,flowering,,640x640,2056,2452,640,640,,,,,W0038-S1-22CY01T03_2022-04-24_vis-side0.png
plant_dataset/final_core_1056/flowering/wgsw_mix_wheat_0115.jpg,WGSW-mix,wheat,side/front-controlled,flowering,,640x640,2056,2452,640,640,,,,,W0039-S1-22CY01T01_2022-04-24_vis-side0.png
plant_dataset/final_core_1056/flowering/wgsw_mix_wheat_0116.jpg,WGSW-mix,wheat,side/front-controlled,flowering,,640x640,2056,2452,640,640,,,,,W0039-S1-22CY01T02_2022-04-24_vis-side0.png
plant_dataset/final_core_1056/flowering/wgsw_mix_wheat_0117.jpg,WGSW-mix,wheat,side/front-controlled,flowering,,640x640,2056,2452,640,640,,,,,W0039-S1-22CY01T03_2022-04-24_vis-side0.png
plant_dataset/final_core_1056/flowering/wgsw_mix_wheat_0118.jpg,WGSW-mix,wheat,side/front-controlled,flowering,,640x640,2056,2452,640,640,,,,,W0040-S1-22CY01T01_2022-04-24_vis-side0.png
plant_dataset/final_core_1056/flowering/wgsw_mix_wheat_0119.jpg,WGSW-mix,wheat,side/front-controlled,flowering,,640x640,2056,2452,640,640,,,,,W0040-S1-22CY01T02_2022-04-24_vis-side0.png
plant_dataset/final_core_1056/flowering/wgsw_mix_wheat_0120.jpg,WGSW-mix,wheat,side/front-controlled,flowering,,640x640,2056,2452,640,640,,,,,W0040-S1-22CY01T03_2022-04-24_vis-side0.png
plant_dataset/final_core_1056/flowering/wgsw_mix_wheat_0121.jpg,WGSW-mix,wheat,side/front-controlled,flowering,,640x640,2056,2452,640,640,,,,,W0041-S1-22CY01T01_2022-04-24_vis-side0.png
plant_dataset/final_core_1056/flowering/wgsw_mix_wheat_0122.jpg,WGSW-mix,wheat,side/front-controlled,flowering,,640x640,2056,2452,640,640,,,,,W0041-S1-22CY01T02_2022-04-24_vis-side0.png
plant_dataset/final_core_1056/flowering/wgsw_mix_wheat_0123.jpg,WGSW-mix,wheat,side/front-controlled,flowering,,640x640,2056,2452,640,640,,,,,W0041-S1-22CY01T03_2022-04-24_vis-side0.png
plant_dataset/final_core_1056/flowering/wgsw_mix_wheat_0124.jpg,WGSW-mix,wheat,side/front-controlled,flowering,,640x640,2056,2452,640,640,,,,,W0042-S1-22CY01T01_2022-04-24_vis-side0.png
plant_dataset/final_core_1056/flowering/wgsw_mix_wheat_0125.jpg,WGSW-mix,wheat,side/front-controlled,flowering,,640x640,2056,2452,640,640,,,,,W0042-S1-22CY01T02_2022-04-24_vis-side0.png
plant_dataset/final_core_1056/flowering/wgsw_mix_wheat_0126.jpg,WGSW-mix,wheat,side/front-controlled,flowering,,640x640,2056,2452,640,640,,,,,W0042-S1-22CY01T03_2022-04-24_vis-side0.png
plant_dataset/final_core_1056/flowering/wgsw_mix_wheat_0127.jpg,WGSW-mix,wheat,side/front-controlled,flowering,,640x640,2056,2452,640,640,,,,,W0043-S1-22CY01T01_2022-04-24_vis-side0.png
plant_dataset/final_core_1056/flowering/wgsw_mix_wheat_0128.jpg,WGSW-mix,wheat,side/front-controlled,flowering,,640x640,2056,2452,640,640,,,,,W0043-S1-22CY01T02_2022-04-24_vis-side0.png
plant_dataset/final_core_1056/flowering/wgsw_mix_wheat_0129.jpg,WGSW-mix,wheat,side/front-controlled,flowering,,640x640,2056,2452,640,640,,,,,W0043-S1-22CY01T03_2022-04-24_vis-side0.png
plant_dataset/final_core_1056/flowering/wgsw_mix_wheat_0130.jpg,WGSW-mix,wheat,side/front-controlled,flowering,,640x640,2056,2452,640,640,,,,,W0044-S1-22CY01T01_2022-04-24_vis-side0.png
plant_dataset/final_core_1056/flowering/wgsw_mix_wheat_0131.jpg,WGSW-mix,wheat,side/front-controlled,flowering,,640x640,2056,2452,640,640,,,,,W0044-S1-22CY01T02_2022-04-24_vis-side0.png
plant_dataset/final_core_1056/flowering/wgsw_mix_wheat_0132.jpg,WGSW-mix,wheat,side/front-controlled,flowering,,640x640,2056,2452,640,640,,,,,W0044-S1-22CY01T03_2022-04-24_vis-side0.png
plant_dataset/final_core_1056/flowering/wgsw_mix_wheat_0133.jpg,WGSW-mix,wheat,side/front-controlled,flowering,,640x640,2056,2452,640,640,,,,,W0045-S1-22CY01T01_2022-04-24_vis-side0.png
plant_dataset/final_core_1056/flowering/wgsw_mix_wheat_0134.jpg,WGSW-mix,wheat,side/front-controlled,flowering,,640x640,2056,2452,640,640,,,,,W0045-S1-22CY01T02_2022-04-24_vis-side0.png
plant_dataset/final_core_1056/flowering/wgsw_mix_wheat_0135.jpg,WGSW-mix,wheat,side/front-controlled,flowering,,640x640,2056,2452,640,640,,,,,W0045-S1-22CY01T03_2022-04-24_vis-side0.png
plant_dataset/final_core_1056/flowering/wgsw_mix_wheat_0136.jpg,WGSW-mix,wheat,side/front-controlled,flowering,,640x640,2056,2452,640,640,,,,,W0046-S1-22CY01T01_2022-04-24_vis-side0.png
plant_dataset/final_core_1056/flowering/wgsw_mix_wheat_0137.jpg,WGSW-mix,wheat,side/front-controlled,flowering,,640x640,2056,2452,640,640,,,,,W0046-S1-22CY01T02_2022-04-24_vis-side0.png
plant_dataset/final_core_1056/flowering/wgsw_mix_wheat_0138.jpg,WGSW-mix,wheat,side/front-controlled,flowering,,640x640,2056,2452,640,640,,,,,W0046-S1-22CY01T03_2022-04-24_vis-side0.png
plant_dataset/final_core_1056/flowering/wgsw_mix_wheat_0139.jpg,WGSW-mix,wheat,side/front-controlled,flowering,,640x640,2056,2452,640,640,,,,,W0047-S1-22CY01T01_2022-04-24_vis-side0.png
plant_dataset/final_core_1056/flowering/wgsw_mix_wheat_0140.jpg,WGSW-mix,wheat,side/front-controlled,flowering,,640x640,2056,2452,640,640,,,,,W0047-S1-22CY01T02_2022-04-24_vis-side0.png
plant_dataset/final_core_1056/flowering/wgsw_mix_wheat_0141.jpg,WGSW-mix,wheat,side/front-controlled,flowering,,640x640,2056,2452,640,640,,,,,W0047-S1-22CY01T03_2022-04-24_vis-side0.png
plant_dataset/final_core_1056/flowering/wgsw_mix_wheat_0142.jpg,WGSW-mix,wheat,side/front-controlled,flowering,,640x640,2056,2452,640,640,,,,,W0048-S1-22CY01T01_2022-04-24_vis-side0.png
plant_dataset/final_core_1056/flowering/wgsw_mix_wheat_0143.jpg,WGSW-mix,wheat,side/front-controlled,flowering,,640x640,2056,2452,640,640,,,,,W0048-S1-22CY01T02_2022-04-24_vis-side0.png
plant_dataset/final_core_1056/flowering/wgsw_mix_wheat_0144.jpg,WGSW-mix,wheat,side/front-controlled,flowering,,640x640,2056,2452,640,640,,,,,W0048-S1-22CY01T03_2022-04-24_vis-side0.png
plant_dataset/final_core_1056/flowering/wgsw_mix_wheat_0145.jpg,WGSW-mix,wheat,side/front-controlled,flowering,,640x640,2056,2452,640,640,,,,,W0049-S1-22CY01T01_2022-04-24_vis-side0.png
plant_dataset/final_core_1056/flowering/wgsw_mix_wheat_0146.jpg,WGSW-mix,wheat,side/front-controlled,flowering,,640x640,2056,2452,640,640,,,,,W0049-S1-22CY01T02_2022-04-24_vis-side0.png
plant_dataset/final_core_1056/flowering/wgsw_mix_wheat_0147.jpg,WGSW-mix,wheat,side/front-controlled,flowering,,640x640,2056,2452,640,640,,,,,W0049-S1-22CY01T03_2022-04-24_vis-side0.png
plant_dataset/final_core_1056/flowering/wgsw_mix_wheat_0148.jpg,WGSW-mix,wheat,side/front-controlled,flowering,,640x640,2056,2452,640,640,,,,,W0050-S1-22CY01T01_2022-04-24_vis-side0.png
plant_dataset/final_core_1056/flowering/wgsw_mix_wheat_0149.jpg,WGSW-mix,wheat,side/front-controlled,flowering,,640x640,2056,2452,640,640,,,,,W0050-S1-22CY01T02_2022-04-24_vis-side0.png
plant_dataset/final_core_1056/flowering/wgsw_mix_wheat_0150.jpg,WGSW-mix,wheat,side/front-controlled,flowering,,640x640,2056,2452,640,640,,,,,W0050-S1-22CY01T03_2022-04-24_vis-side0.png
plant_dataset/final_core_1056/flowering/wgsw_mix_wheat_0151.jpg,WGSW-mix,wheat,side/front-controlled,flowering,,640x640,2056,2452,640,640,,,,,W0051-S1-22CY01T01_2022-04-24_vis-side0.png
plant_dataset/final_core_1056/flowering/wgsw_mix_wheat_0152.jpg,WGSW-mix,wheat,side/front-controlled,flowering,,640x640,2056,2452,640,640,,,,,W0051-S1-22CY01T02_2022-04-24_vis-side0.png
plant_dataset/final_core_1056/flowering/wgsw_mix_wheat_0153.jpg,WGSW-mix,wheat,side/front-controlled,flowering,,640x640,2056,2452,640,640,,,,,W0051-S1-22CY01T03_2022-04-24_vis-side0.png
plant_dataset/final_core_1056/flowering/wgsw_mix_wheat_0154.jpg,WGSW-mix,wheat,side/front-controlled,flowering,,640x640,2056,2452,640,640,,,,,W0052-S1-22CY01T01_2022-04-24_vis-side0.png
plant_dataset/final_core_1056/flowering/wgsw_mix_wheat_0155.jpg,WGSW-mix,wheat,side/front-controlled,flowering,,640x640,2056,2452,640,640,,,,,W0052-S1-22CY01T02_2022-04-24_vis-side0.png
plant_dataset/final_core_1056/flowering/wgsw_mix_wheat_0156.jpg,WGSW-mix,wheat,side/front-controlled,flowering,,640x640,2056,2452,640,640,,,,,W0052-S1-22CY01T03_2022-04-24_vis-side0.png
plant_dataset/final_core_1056/flowering/wgsw_mix_wheat_0157.jpg,WGSW-mix,wheat,side/front-controlled,flowering,,640x640,2056,2452,640,640,,,,,W0053-S1-22CY01T01_2022-04-24_vis-side0.png
plant_dataset/final_core_1056/flowering/wgsw_mix_wheat_0158.jpg,WGSW-mix,wheat,side/front-controlled,flowering,,640x640,2056,2452,640,640,,,,,W0053-S1-22CY01T02_2022-04-24_vis-side0.png
plant_dataset/final_core_1056/flowering/wgsw_mix_wheat_0159.jpg,WGSW-mix,wheat,side/front-controlled,flowering,,640x640,2056,2452,640,640,,,,,W0053-S1-22CY01T03_2022-04-24_vis-side0.png
plant_dataset/final_core_1056/flowering/wgsw_mix_wheat_0160.jpg,WGSW-mix,wheat,side/front-controlled,flowering,,640x640,2056,2452,640,640,,,,,W0054-S1-22CY01T01_2022-04-24_vis-side0.png
plant_dataset/final_core_1056/flowering/wgsw_mix_wheat_0161.jpg,WGSW-mix,wheat,side/front-controlled,flowering,,640x640,2056,2452,640,640,,,,,W0054-S1-22CY01T02_2022-04-24_vis-side0.png
plant_dataset/final_core_1056/flowering/wgsw_mix_wheat_0162.jpg,WGSW-mix,wheat,side/front-controlled,flowering,,640x640,2056,2452,640,640,,,,,W0054-S1-22CY01T03_2022-04-24_vis-side0.png
plant_dataset/final_core_1056/flowering/wgsw_mix_wheat_0163.jpg,WGSW-mix,wheat,side/front-controlled,flowering,,640x640,2056,2452,640,640,,,,,W0055-S1-22CY01T01_2022-04-24_vis-side0.png
plant_dataset/final_core_1056/flowering/wgsw_mix_wheat_0164.jpg,WGSW-mix,wheat,side/front-controlled,flowering,,640x640,2056,2452,640,640,,,,,W0055-S1-22CY01T02_2022-04-24_vis-side0.png
plant_dataset/final_core_1056/flowering/wgsw_mix_wheat_0165.jpg,WGSW-mix,wheat,side/front-controlled,flowering,,640x640,2056,2452,640,640,,,,,W0055-S1-22CY01T03_2022-04-24_vis-side0.png
plant_dataset/final_core_1056/flowering/wgsw_mix_wheat_0166.jpg,WGSW-mix,wheat,side/front-controlled,flowering,,640x640,2056,2452,640,640,,,,,W0056-S1-22CY01T01_2022-04-24_vis-side0.png
plant_dataset/final_core_1056/flowering/wgsw_mix_wheat_0167.jpg,WGSW-mix,wheat,side/front-controlled,flowering,,640x640,2056,2452,640,640,,,,,W0056-S1-22CY01T02_2022-04-24_vis-side0.png
plant_dataset/final_core_1056/flowering/wgsw_mix_wheat_0168.jpg,WGSW-mix,wheat,side/front-controlled,flowering,,640x640,2056,2452,640,640,,,,,W0056-S1-22CY01T03_2022-04-24_vis-side0.png
plant_dataset/final_core_1056/flowering/wgsw_mix_wheat_0169.jpg,WGSW-mix,wheat,side/front-controlled,flowering,,640x640,2056,2452,640,640,,,,,W0057-S1-22CY01T01_2022-04-24_vis-side0.png
plant_dataset/final_core_1056/flowering/wgsw_mix_wheat_0170.jpg,WGSW-mix,wheat,side/front-controlled,flowering,,640x640,2056,2452,640,640,,,,,W0057-S1-22CY01T02_2022-04-24_vis-side0.png
plant_dataset/final_core_1056/flowering/wgsw_mix_wheat_0171.jpg,WGSW-mix,wheat,side/front-controlled,flowering,,640x640,2056,2452,640,640,,,,,W0057-S1-22CY01T03_2022-04-24_vis-side0.png
plant_dataset/final_core_1056/flowering/wgsw_mix_wheat_0172.jpg,WGSW-mix,wheat,side/front-controlled,flowering,,640x640,2056,2452,640,640,,,,,W0058-S1-22CY01T01_2022-04-24_vis-side0.png
plant_dataset/final_core_1056/flowering/wgsw_mix_wheat_0173.jpg,WGSW-mix,wheat,side/front-controlled,flowering,,640x640,2056,2452,640,640,,,,,W0058-S1-22CY01T02_2022-04-24_vis-side0.png
plant_dataset/final_core_1056/flowering/wgsw_mix_wheat_0174.jpg,WGSW-mix,wheat,side/front-controlled,flowering,,640x640,2056,2452,640,640,,,,,W0058-S1-22CY01T03_2022-04-24_vis-side0.png
plant_dataset/final_core_1056/flowering/wgsw_mix_wheat_0175.jpg,WGSW-mix,wheat,side/front-controlled,flowering,,640x640,2056,2452,640,640,,,,,W0059-S1-22CY01T01_2022-04-24_vis-side0.png
plant_dataset/final_core_1056/flowering/wgsw_mix_wheat_0176.jpg,WGSW-mix,wheat,side/front-controlled,flowering,,640x640,2056,2452,640,640,,,,,W0059-S1-22CY01T02_2022-04-24_vis-side0.png
plant_dataset/final_core_1056/flowering/wgsw_mix_wheat_0177.jpg,WGSW-mix,wheat,side/front-controlled,flowering,,640x640,2056,2452,640,640,,,,,W0059-S1-22CY01T03_2022-04-24_vis-side0.png
plant_dataset/final_core_1056/flowering/wgsw_mix_wheat_0178.jpg,WGSW-mix,wheat,side/front-controlled,flowering,,640x640,2056,2452,640,640,,,,,W0060-S1-22CY01T01_2022-04-24_vis-side0.png
plant_dataset/final_core_1056/flowering/wgsw_mix_wheat_0179.jpg,WGSW-mix,wheat,side/front-controlled,flowering,,640x640,2056,2452,640,640,,,,,W0060-S1-22CY01T02_2022-04-24_vis-side0.png
plant_dataset/final_core_1056/flowering/wgsw_mix_wheat_0180.jpg,WGSW-mix,wheat,side/front-controlled,flowering,,640x640,2056,2452,640,640,,,,,W0060-S1-22CY01T03_2022-04-24_vis-side0.png
plant_dataset/final_core_1056/flowering/wgsw_mix_wheat_0181.jpg,WGSW-mix,wheat,side/front-controlled,flowering,,640x640,2056,2452,640,640,,,,,W0061-S1-22CY01T01_2022-04-24_vis-side0.png
plant_dataset/final_core_1056/flowering/wgsw_mix_wheat_0182.jpg,WGSW-mix,wheat,side/front-controlled,flowering,,640x640,2056,2452,640,640,,,,,W0061-S1-22CY01T02_2022-04-24_vis-side0.png
plant_dataset/final_core_1056/flowering/wgsw_mix_wheat_0183.jpg,WGSW-mix,wheat,side/front-controlled,flowering,,640x640,2056,2452,640,640,,,,,W0061-S1-22CY01T03_2022-04-24_vis-side0.png
plant_dataset/final_core_1056/flowering/wgsw_mix_wheat_0184.jpg,WGSW-mix,wheat,side/front-controlled,flowering,,640x640,2056,2452,640,640,,,,,W0062-S1-22CY01T01_2022-04-24_vis-side0.png
plant_dataset/final_core_1056/flowering/wgsw_mix_wheat_0185.jpg,WGSW-mix,wheat,side/front-controlled,flowering,,640x640,2056,2452,640,640,,,,,W0062-S1-22CY01T02_2022-04-24_vis-side0.png
plant_dataset/final_core_1056/flowering/wgsw_mix_wheat_0186.jpg,WGSW-mix,wheat,side/front-controlled,flowering,,640x640,2056,2452,640,640,,,,,W0062-S1-22CY01T03_2022-04-24_vis-side0.png
plant_dataset/final_core_1056/flowering/wgsw_mix_wheat_0187.jpg,WGSW-mix,wheat,side/front-controlled,flowering,,640x640,2056,2452,640,640,,,,,W0063-S1-22CY01T01_2022-04-24_vis-side0.png
plant_dataset/final_core_1056/flowering/wgsw_mix_wheat_0188.jpg,WGSW-mix,wheat,side/front-controlled,flowering,,640x640,2056,2452,640,640,,,,,W0063-S1-22CY01T02_2022-04-24_vis-side0.png
plant_dataset/final_core_1056/flowering/wgsw_mix_wheat_0189.jpg,WGSW-mix,wheat,side/front-controlled,flowering,,640x640,2056,2452,640,640,,,,,W0063-S1-22CY01T03_2022-04-24_vis-side0.png
plant_dataset/final_core_1056/flowering/wgsw_mix_wheat_0190.jpg,WGSW-mix,wheat,side/front-controlled,flowering,,640x640,2056,2452,640,640,,,,,W0064-S1-22CY01T01_2022-04-24_vis-side0.png
plant_dataset/final_core_1056/flowering/wgsw_mix_wheat_0191.jpg,WGSW-mix,wheat,side/front-controlled,flowering,,640x640,2056,2452,640,640,,,,,W0064-S1-22CY01T02_2022-04-24_vis-side0.png
plant_dataset/final_core_1056/flowering/wgsw_mix_wheat_0192.jpg,WGSW-mix,wheat,side/front-controlled,flowering,,640x640,2056,2452,640,640,,,,,W0064-S1-22CY01T03_2022-04-24_vis-side0.png
plant_dataset/final_core_1056/flowering/wgsw_mix_wheat_0193.jpg,WGSW-mix,wheat,side/front-controlled,flowering,,640x640,2056,2452,640,640,,,,,W0065-S1-22CY01T01_2022-04-24_vis-side0.png
plant_dataset/final_core_1056/flowering/wgsw_mix_wheat_0194.jpg,WGSW-mix,wheat,side/front-controlled,flowering,,640x640,2056,2452,640,640,,,,,W0065-S1-22CY01T02_2022-04-24_vis-side0.png
plant_dataset/final_core_1056/flowering/wgsw_mix_wheat_0195.jpg,WGSW-mix,wheat,side/front-controlled,flowering,,640x640,2056,2452,640,640,,,,,W0065-S1-22CY01T03_2022-04-24_vis-side0.png
plant_dataset/final_core_1056/flowering/wgsw_mix_wheat_0196.jpg,WGSW-mix,wheat,side/front-controlled,flowering,,640x640,2056,2452,640,640,,,,,W0066-S1-22CY01T01_2022-04-24_vis-side0.png
plant_dataset/final_core_1056/flowering/wgsw_mix_wheat_0197.jpg,WGSW-mix,wheat,side/front-controlled,flowering,,640x640,2056,2452,640,640,,,,,W0066-S1-22CY01T02_2022-04-24_vis-side0.png
plant_dataset/final_core_1056/flowering/wgsw_mix_wheat_0198.jpg,WGSW-mix,wheat,side/front-controlled,flowering,,640x640,2056,2452,640,640,,,,,W0066-S1-22CY01T03_2022-04-24_vis-side0.png
plant_dataset/final_core_1056/flowering/wgsw_mix_wheat_0199.jpg,WGSW-mix,wheat,side/front-controlled,flowering,,640x640,2056,2452,640,640,,,,,W0067-S1-22CY01T01_2022-04-24_vis-side0.png
plant_dataset/final_core_1056/flowering/wgsw_mix_wheat_0200.jpg,WGSW-mix,wheat,side/front-controlled,flowering,,640x640,2056,2452,640,640,,,,,W0067-S1-22CY01T02_2022-04-24_vis-side0.png
plant_dataset/final_core_1056/flowering/wgsw_mix_wheat_0201.jpg,WGSW-mix,wheat,side/front-controlled,flowering,,640x640,2056,2452,640,640,,,,,W0067-S1-22CY01T03_2022-04-24_vis-side0.png
plant_dataset/final_core_1056/flowering/wgsw_mix_wheat_0202.jpg,WGSW-mix,wheat,side/front-controlled,flowering,,640x640,2056,2452,640,640,,,,,W0068-S1-22CY01T01_2022-04-24_vis-side0.png
plant_dataset/final_core_1056/flowering/wgsw_mix_wheat_0203.jpg,WGSW-mix,wheat,side/front-controlled,flowering,,640x640,2056,2452,640,640,,,,,W0068-S1-22CY01T02_2022-04-24_vis-side0.png
plant_dataset/final_core_1056/flowering/wgsw_mix_wheat_0204.jpg,WGSW-mix,wheat,side/front-controlled,flowering,,640x640,2056,2452,640,640,,,,,W0068-S1-22CY01T03_2022-04-24_vis-side0.png
plant_dataset/final_core_1056/flowering/wgsw_mix_wheat_0205.jpg,WGSW-mix,wheat,side/front-controlled,flowering,,640x640,2056,2452,640,640,,,,,W0069-S1-22CY01T01_2022-04-24_vis-side0.png
plant_dataset/final_core_1056/flowering/wgsw_mix_wheat_0206.jpg,WGSW-mix,wheat,side/front-controlled,flowering,,640x640,2056,2452,640,640,,,,,W0069-S1-22CY01T02_2022-04-24_vis-side0.png
plant_dataset/final_core_1056/flowering/wgsw_mix_wheat_0207.jpg,WGSW-mix,wheat,side/front-controlled,flowering,,640x640,2056,2452,640,640,,,,,W0069-S1-22CY01T03_2022-04-24_vis-side0.png
plant_dataset/final_core_1056/flowering/wgsw_mix_wheat_0208.jpg,WGSW-mix,wheat,side/front-controlled,flowering,,640x640,2056,2452,640,640,,,,,W0070-S1-22CY01T01_2022-04-24_vis-side0.png
plant_dataset/final_core_1056/flowering/wgsw_mix_wheat_0209.jpg,WGSW-mix,wheat,side/front-controlled,flowering,,640x640,2056,2452,640,640,,,,,W0070-S1-22CY01T02_2022-04-24_vis-side0.png
plant_dataset/final_core_1056/flowering/wgsw_mix_wheat_0210.jpg,WGSW-mix,wheat,side/front-controlled,flowering,,640x640,2056,2452,640,640,,,,,W0070-S1-22CY01T03_2022-04-24_vis-side0.png
plant_dataset/final_core_1056/flowering/wgsw_mix_wheat_0211.jpg,WGSW-mix,wheat,side/front-controlled,flowering,,640x640,2056,2452,640,640,,,,,W0071-S1-22CY01T01_2022-04-24_vis-side0.png
plant_dataset/final_core_1056/flowering/wgsw_mix_wheat_0212.jpg,WGSW-mix,wheat,side/front-controlled,flowering,,640x640,2056,2452,640,640,,,,,W0071-S1-22CY01T02_2022-04-24_vis-side0.png
plant_dataset/final_core_1056/flowering/wgsw_mix_wheat_0213.jpg,WGSW-mix,wheat,side/front-controlled,flowering,,640x640,2056,2452,640,640,,,,,W0071-S1-22CY01T03_2022-04-24_vis-side0.png
plant_dataset/final_core_1056/flowering/wgsw_mix_wheat_0214.jpg,WGSW-mix,wheat,side/front-controlled,flowering,,640x640,2056,2452,640,640,,,,,W0072-S1-22CY01T01_2022-04-24_vis-side0.png
plant_dataset/final_core_1056/flowering/wgsw_mix_wheat_0215.jpg,WGSW-mix,wheat,side/front-controlled,flowering,,640x640,2056,2452,640,640,,,,,W0072-S1-22CY01T02_2022-04-24_vis-side0.png
plant_dataset/final_core_1056/flowering/wgsw_mix_wheat_0216.jpg,WGSW-mix,wheat,side/front-controlled,flowering,,640x640,2056,2452,640,640,,,,,W0072-S1-22CY01T03_2022-04-24_vis-side0.png
plant_dataset/final_core_1056/flowering/wgsw_mix_wheat_0217.jpg,WGSW-mix,wheat,side/front-controlled,flowering,,640x640,2056,2452,640,640,,,,,W0073-S1-22CY01T01_2022-04-24_vis-side0.png
plant_dataset/final_core_1056/flowering/wgsw_mix_wheat_0218.jpg,WGSW-mix,wheat,side/front-controlled,flowering,,640x640,2056,2452,640,640,,,,,W0073-S1-22CY01T02_2022-04-24_vis-side0.png
plant_dataset/final_core_1056/flowering/wgsw_mix_wheat_0219.jpg,WGSW-mix,wheat,side/front-controlled,flowering,,640x640,2056,2452,640,640,,,,,W0073-S1-22CY01T03_2022-04-24_vis-side0.png
plant_dataset/final_core_1056/flowering/wgsw_mix_wheat_0220.jpg,WGSW-mix,wheat,side/front-controlled,flowering,,640x640,2056,2452,640,640,,,,,W0074-S1-22CY01T01_2022-04-24_vis-side0.png
plant_dataset/final_core_1056/flowering/wgsw_mix_wheat_0221.jpg,WGSW-mix,wheat,side/front-controlled,flowering,,640x640,2056,2452,640,640,,,,,W0074-S1-22CY01T02_2022-04-24_vis-side0.png
plant_dataset/final_core_1056/flowering/wgsw_mix_wheat_0222.jpg,WGSW-mix,wheat,side/front-controlled,flowering,,640x640,2056,2452,640,640,,,,,W0074-S1-22CY01T03_2022-04-24_vis-side0.png
plant_dataset/final_core_1056/flowering/wgsw_mix_wheat_0223.jpg,WGSW-mix,wheat,side/front-controlled,flowering,,640x640,2056,2452,640,640,,,,,W0075-S1-22CY01T01_2022-04-24_vis-side0.png
plant_dataset/final_core_1056/flowering/wgsw_mix_wheat_0224.jpg,WGSW-mix,wheat,side/front-controlled,flowering,,640x640,2056,2452,640,640,,,,,W0075-S1-22CY01T02_2022-04-24_vis-side0.png
plant_dataset/final_core_1056/flowering/wgsw_mix_wheat_0225.jpg,WGSW-mix,wheat,side/front-controlled,flowering,,640x640,2056,2452,640,640,,,,,W0075-S1-22CY01T03_2022-04-24_vis-side0.png
plant_dataset/final_core_1056/flowering/wgsw_mix_wheat_0226.jpg,WGSW-mix,wheat,side/front-controlled,flowering,,640x640,2056,2452,640,640,,,,,W0076-S1-22CY01T01_2022-04-24_vis-side0.png
plant_dataset/final_core_1056/flowering/wgsw_mix_wheat_0227.jpg,WGSW-mix,wheat,side/front-controlled,flowering,,640x640,2056,2452,640,640,,,,,W0076-S1-22CY01T02_2022-04-24_vis-side0.png
plant_dataset/final_core_1056/flowering/wgsw_mix_wheat_0228.jpg,WGSW-mix,wheat,side/front-controlled,flowering,,640x640,2056,2452,640,640,,,,,W0076-S1-22CY01T03_2022-04-24_vis-side0.png
plant_dataset/final_core_1056/flowering/wgsw_mix_wheat_0229.jpg,WGSW-mix,wheat,side/front-controlled,flowering,,640x640,2056,2452,640,640,,,,,W0077-S1-22CY01T01_2022-04-24_vis-side0.png
plant_dataset/final_core_1056/flowering/wgsw_mix_wheat_0230.jpg,WGSW-mix,wheat,side/front-controlled,flowering,,640x640,2056,2452,640,640,,,,,W0077-S1-22CY01T02_2022-04-24_vis-side0.png
plant_dataset/final_core_1056/flowering/wgsw_mix_wheat_0231.jpg,WGSW-mix,wheat,side/front-controlled,flowering,,640x640,2056,2452,640,640,,,,,W0077-S1-22CY01T03_2022-04-24_vis-side0.png
plant_dataset/final_core_1056/flowering/wgsw_mix_wheat_0232.jpg,WGSW-mix,wheat,side/front-controlled,flowering,,640x640,2056,2452,640,640,,,,,W0078-S1-22CY01T01_2022-04-24_vis-side0.png
plant_dataset/final_core_1056/flowering/wgsw_mix_wheat_0233.jpg,WGSW-mix,wheat,side/front-controlled,flowering,,640x640,2056,2452,640,640,,,,,W0078-S1-22CY01T02_2022-04-24_vis-side0.png
plant_dataset/final_core_1056/flowering/wgsw_mix_wheat_0234.jpg,WGSW-mix,wheat,side/front-controlled,flowering,,640x640,2056,2452,640,640,,,,,W0078-S1-22CY01T03_2022-04-24_vis-side0.png
plant_dataset/final_core_1056/flowering/wgsw_mix_wheat_0235.jpg,WGSW-mix,wheat,side/front-controlled,flowering,,640x640,2056,2452,640,640,,,,,W0079-S1-22CY01T01_2022-04-24_vis-side0.png
plant_dataset/final_core_1056/flowering/wgsw_mix_wheat_0236.jpg,WGSW-mix,wheat,side/front-controlled,flowering,,640x640,2056,2452,640,640,,,,,W0079-S1-22CY01T02_2022-04-24_vis-side0.png
plant_dataset/final_core_1056/flowering/wgsw_mix_wheat_0237.jpg,WGSW-mix,wheat,side/front-controlled,flowering,,640x640,2056,2452,640,640,,,,,W0079-S1-22CY01T03_2022-04-24_vis-side0.png
plant_dataset/final_core_1056/flowering/wgsw_mix_wheat_0238.jpg,WGSW-mix,wheat,side/front-controlled,flowering,,640x640,2056,2452,640,640,,,,,W0080-S1-22CY01T01_2022-04-24_vis-side0.png
plant_dataset/final_core_1056/flowering/wgsw_mix_wheat_0239.jpg,WGSW-mix,wheat,side/front-controlled,flowering,,640x640,2056,2452,640,640,,,,,W0080-S1-22CY01T02_2022-04-24_vis-side0.png
plant_dataset/final_core_1056/flowering/wgsw_mix_wheat_0240.jpg,WGSW-mix,wheat,side/front-controlled,flowering,,640x640,2056,2452,640,640,,,,,W0080-S1-22CY01T03_2022-04-24_vis-side0.png
plant_dataset/final_core_1056/flowering/wgsw_mix_wheat_0241.jpg,WGSW-mix,wheat,side/front-controlled,flowering,,640x640,2056,2452,640,640,,,,,W0081-S1-22CY01T01_2022-04-24_vis-side0.png
plant_dataset/final_core_1056/flowering/wgsw_mix_wheat_0242.jpg,WGSW-mix,wheat,side/front-controlled,flowering,,640x640,2056,2452,640,640,,,,,W0081-S1-22CY01T02_2022-04-24_vis-side0.png
plant_dataset/final_core_1056/flowering/wgsw_mix_wheat_0243.jpg,WGSW-mix,wheat,side/front-controlled,flowering,,640x640,2056,2452,640,640,,,,,W0081-S1-22CY01T03_2022-04-24_vis-side0.png
plant_dataset/final_core_1056/flowering/wgsw_mix_wheat_0244.jpg,WGSW-mix,wheat,side/front-controlled,flowering,,640x640,2056,2452,640,640,,,,,W0082-S1-22CY01T01_2022-04-24_vis-side0.png
plant_dataset/final_core_1056/flowering/wgsw_mix_wheat_0245.jpg,WGSW-mix,wheat,side/front-controlled,flowering,,640x640,2056,2452,640,640,,,,,W0082-S1-22CY01T02_2022-04-24_vis-side0.png
plant_dataset/final_core_1056/flowering/wgsw_mix_wheat_0246.jpg,WGSW-mix,wheat,side/front-controlled,flowering,,640x640,2056,2452,640,640,,,,,W0082-S1-22CY01T03_2022-04-24_vis-side0.png
plant_dataset/final_core_1056/flowering/wgsw_mix_wheat_0247.jpg,WGSW-mix,wheat,side/front-controlled,flowering,,640x640,2056,2452,640,640,,,,,W0083-S1-22CY01T01_2022-04-24_vis-side0.png
plant_dataset/final_core_1056/flowering/wgsw_mix_wheat_0248.jpg,WGSW-mix,wheat,side/front-controlled,flowering,,640x640,2056,2452,640,640,,,,,W0083-S1-22CY01T02_2022-04-24_vis-side0.png
plant_dataset/final_core_1056/flowering/wgsw_mix_wheat_0249.jpg,WGSW-mix,wheat,side/front-controlled,flowering,,640x640,2056,2452,640,640,,,,,W0083-S1-22CY01T03_2022-04-24_vis-side0.png
plant_dataset/final_core_1056/flowering/wgsw_mix_wheat_0250.jpg,WGSW-mix,wheat,side/front-controlled,flowering,,640x640,2056,2452,640,640,,,,,W0084-S1-22CY01T01_2022-04-24_vis-side0.png
plant_dataset/final_core_1056/flowering/wgsw_mix_wheat_0251.jpg,WGSW-mix,wheat,side/front-controlled,flowering,,640x640,2056,2452,640,640,,,,,W0084-S1-22CY01T02_2022-04-24_vis-side0.png
plant_dataset/final_core_1056/flowering/wgsw_mix_wheat_0252.jpg,WGSW-mix,wheat,side/front-controlled,flowering,,640x640,2056,2452,640,640,,,,,W0084-S1-22CY01T03_2022-04-24_vis-side0.png
plant_dataset/final_core_1056/flowering/wgsw_mix_wheat_0253.jpg,WGSW-mix,wheat,side/front-controlled,flowering,,640x640,2056,2452,640,640,,,,,W0085-S1-22CY01T01_2022-04-24_vis-side0.png
plant_dataset/final_core_1056/flowering/wgsw_mix_wheat_0254.jpg,WGSW-mix,wheat,side/front-controlled,flowering,,640x640,2056,2452,640,640,,,,,W0085-S1-22CY01T02_2022-04-24_vis-side0.png
plant_dataset/final_core_1056/flowering/wgsw_mix_wheat_0255.jpg,WGSW-mix,wheat,side/front-controlled,flowering,,640x640,2056,2452,640,640,,,,,W0085-S1-22CY01T03_2022-04-24_vis-side0.png
plant_dataset/final_core_1056/flowering/wgsw_mix_wheat_0256.jpg,WGSW-mix,wheat,side/front-controlled,flowering,,640x640,2056,2452,640,640,,,,,W0086-S1-22CY01T01_2022-04-24_vis-side0.png
plant_dataset/final_core_1056/flowering/wgsw_mix_wheat_0257.jpg,WGSW-mix,wheat,side/front-controlled,flowering,,640x640,2056,2452,640,640,,,,,W0086-S1-22CY01T02_2022-04-24_vis-side0.png
plant_dataset/final_core_1056/flowering/wgsw_mix_wheat_0258.jpg,WGSW-mix,wheat,side/front-controlled,flowering,,640x640,2056,2452,640,640,,,,,W0086-S1-22CY01T03_2022-04-24_vis-side0.png
plant_dataset/final_core_1056/flowering/wgsw_mix_wheat_0259.jpg,WGSW-mix,wheat,side/front-controlled,flowering,,640x640,2056,2452,640,640,,,,,W0087-S1-22CY01T01_2022-04-24_vis-side0.png
plant_dataset/final_core_1056/flowering/wgsw_mix_wheat_0260.jpg,WGSW-mix,wheat,side/front-controlled,flowering,,640x640,2056,2452,640,640,,,,,W0087-S1-22CY01T02_2022-04-24_vis-side0.png
plant_dataset/final_core_1056/flowering/wgsw_mix_wheat_0261.jpg,WGSW-mix,wheat,side/front-controlled,flowering,,640x640,2056,2452,640,640,,,,,W0087-S1-22CY01T03_2022-04-24_vis-side0.png
plant_dataset/final_core_1056/flowering/wgsw_mix_wheat_0262.jpg,WGSW-mix,wheat,side/front-controlled,flowering,,640x640,2056,2452,640,640,,,,,W0088-S1-22CY01T01_2022-04-24_vis-side0.png
plant_dataset/final_core_1056/flowering/wgsw_mix_wheat_0263.jpg,WGSW-mix,wheat,side/front-controlled,flowering,,640x640,2056,2452,640,640,,,,,W0088-S1-22CY01T02_2022-04-24_vis-side0.png
plant_dataset/final_core_1056/flowering/wgsw_mix_wheat_0264.jpg,WGSW-mix,wheat,side/front-controlled,flowering,,640x640,2056,2452,640,640,,,,,W0088-S1-22CY01T03_2022-04-24_vis-side0.png
plant_dataset/final_core_1056/flowering/wgsw_mix_wheat_0265.jpg,WGSW-mix,wheat,side/front-controlled,flowering,,640x640,2056,2452,640,640,,,,,W0089-S1-22CY01T01_2022-04-24_vis-side0.png
plant_dataset/final_core_1056/flowering/wgsw_mix_wheat_0266.jpg,WGSW-mix,wheat,side/front-controlled,flowering,,640x640,2056,2452,640,640,,,,,W0089-S1-22CY01T02_2022-04-24_vis-side0.png
plant_dataset/final_core_1056/flowering/wgsw_mix_wheat_0267.jpg,WGSW-mix,wheat,side/front-controlled,flowering,,640x640,2056,2452,640,640,,,,,W0089-S1-22CY01T03_2022-04-24_vis-side0.png
plant_dataset/final_core_1056/flowering/wgsw_mix_wheat_0268.jpg,WGSW-mix,wheat,side/front-controlled,flowering,,640x640,2056,2452,640,640,,,,,W0090-S1-22CY01T01_2022-04-24_vis-side0.png
plant_dataset/final_core_1056/flowering/wgsw_mix_wheat_0269.jpg,WGSW-mix,wheat,side/front-controlled,flowering,,640x640,2056,2452,640,640,,,,,W0090-S1-22CY01T02_2022-04-24_vis-side0.png
plant_dataset/final_core_1056/flowering/wgsw_mix_wheat_0270.jpg,WGSW-mix,wheat,side/front-controlled,flowering,,640x640,2056,2452,640,640,,,,,W0090-S1-22CY01T03_2022-04-24_vis-side0.png
plant_dataset/final_core_1056/flowering/wgsw_mix_wheat_0271.jpg,WGSW-mix,wheat,side/front-controlled,flowering,,640x640,2056,2452,640,640,,,,,W0091-S1-22CY01T01_2022-04-24_vis-side0.png
plant_dataset/final_core_1056/flowering/wgsw_mix_wheat_0272.jpg,WGSW-mix,wheat,side/front-controlled,flowering,,640x640,2056,2452,640,640,,,,,W0091-S1-22CY01T02_2022-04-24_vis-side0.png
plant_dataset/final_core_1056/flowering/wgsw_mix_wheat_0273.jpg,WGSW-mix,wheat,side/front-controlled,flowering,,640x640,2056,2452,640,640,,,,,W0091-S1-22CY01T03_2022-04-24_vis-side0.png
plant_dataset/final_core_1056/flowering/wgsw_mix_wheat_0274.jpg,WGSW-mix,wheat,side/front-controlled,flowering,,640x640,2056,2452,640,640,,,,,W0092-S1-22CY01T01_2022-04-24_vis-side0.png
plant_dataset/final_core_1056/flowering/wgsw_mix_wheat_0275.jpg,WGSW-mix,wheat,side/front-controlled,flowering,,640x640,2056,2452,640,640,,,,,W0092-S1-22CY01T02_2022-04-24_vis-side0.png
plant_dataset/final_core_1056/flowering/wgsw_mix_wheat_0276.jpg,WGSW-mix,wheat,side/front-controlled,flowering,,640x640,2056,2452,640,640,,,,,W0092-S1-22CY01T03_2022-04-24_vis-side0.png
plant_dataset/final_core_1056/flowering/wgsw_mix_wheat_0277.jpg,WGSW-mix,wheat,side/front-controlled,flowering,,640x640,2056,2452,640,640,,,,,W0093-S1-22CY01T01_2022-04-24_vis-side0.png
plant_dataset/final_core_1056/flowering/wgsw_mix_wheat_0278.jpg,WGSW-mix,wheat,side/front-controlled,flowering,,640x640,2056,2452,640,640,,,,,W0093-S1-22CY01T02_2022-04-24_vis-side0.png
plant_dataset/final_core_1056/flowering/wgsw_mix_wheat_0279.jpg,WGSW-mix,wheat,side/front-controlled,flowering,,640x640,2056,2452,640,640,,,,,W0093-S1-22CY01T03_2022-04-24_vis-side0.png
plant_dataset/final_core_1056/flowering/wgsw_mix_wheat_0280.jpg,WGSW-mix,wheat,side/front-controlled,flowering,,640x640,2056,2452,640,640,,,,,W0094-S1-22CY01T01_2022-04-24_vis-side0.png
plant_dataset/final_core_1056/flowering/wgsw_mix_wheat_0281.jpg,WGSW-mix,wheat,side/front-controlled,flowering,,640x640,2056,2452,640,640,,,,,W0094-S1-22CY01T02_2022-04-24_vis-side0.png
plant_dataset/final_core_1056/flowering/wgsw_mix_wheat_0282.jpg,WGSW-mix,wheat,side/front-controlled,flowering,,640x640,2056,2452,640,640,,,,,W0094-S1-22CY01T03_2022-04-24_vis-side0.png
plant_dataset/final_core_1056/flowering/wgsw_mix_wheat_0283.jpg,WGSW-mix,wheat,side/front-controlled,flowering,,640x640,2056,2452,640,640,,,,,W0095-S1-22CY01T01_2022-04-24_vis-side0.png
plant_dataset/final_core_1056/flowering/wgsw_mix_wheat_0284.jpg,WGSW-mix,wheat,side/front-controlled,flowering,,640x640,2056,2452,640,640,,,,,W0095-S1-22CY01T02_2022-04-24_vis-side0.png
plant_dataset/final_core_1056/flowering/wgsw_mix_wheat_0285.jpg,WGSW-mix,wheat,side/front-controlled,flowering,,640x640,2056,2452,640,640,,,,,W0095-S1-22CY01T03_2022-04-24_vis-side0.png
plant_dataset/final_core_1056/flowering/wgsw_mix_wheat_0286.jpg,WGSW-mix,wheat,side/front-controlled,flowering,,640x640,2056,2452,640,640,,,,,W0096-S1-22CY01T01_2022-04-24_vis-side0.png
plant_dataset/final_core_1056/flowering/wgsw_mix_wheat_0287.jpg,WGSW-mix,wheat,side/front-controlled,flowering,,640x640,2056,2452,640,640,,,,,W0096-S1-22CY01T02_2022-04-24_vis-side0.png
plant_dataset/final_core_1056/flowering/wgsw_mix_wheat_0288.jpg,WGSW-mix,wheat,side/front-controlled,flowering,,640x640,2056,2452,640,640,,,,,W0096-S1-22CY01T03_2022-04-24_vis-side0.png
plant_dataset/final_core_1056/flowering/wgsw_mix_wheat_0289.jpg,WGSW-mix,wheat,side/front-controlled,flowering,,640x640,2056,2452,640,640,,,,,W0097-S1-22CY01T01_2022-04-24_vis-side0.png
plant_dataset/final_core_1056/flowering/wgsw_mix_wheat_0290.jpg,WGSW-mix,wheat,side/front-controlled,flowering,,640x640,2056,2452,640,640,,,,,W0097-S1-22CY01T02_2022-04-24_vis-side0.png
plant_dataset/final_core_1056/flowering/wgsw_mix_wheat_0291.jpg,WGSW-mix,wheat,side/front-controlled,flowering,,640x640,2056,2452,640,640,,,,,W0097-S1-22CY01T03_2022-04-24_vis-side0.png
plant_dataset/final_core_1056/flowering/wgsw_mix_wheat_0292.jpg,WGSW-mix,wheat,side/front-controlled,flowering,,640x640,2056,2452,640,640,,,,,W0098-S1-22CY01T01_2022-04-24_vis-side0.png
plant_dataset/final_core_1056/flowering/wgsw_mix_wheat_0293.jpg,WGSW-mix,wheat,side/front-controlled,flowering,,640x640,2056,2452,640,640,,,,,W0098-S1-22CY01T02_2022-04-24_vis-side0.png
plant_dataset/final_core_1056/flowering/wgsw_mix_wheat_0294.jpg,WGSW-mix,wheat,side/front-controlled,flowering,,640x640,2056,2452,640,640,,,,,W0098-S1-22CY01T03_2022-04-24_vis-side0.png
plant_dataset/final_core_1056/flowering/wgsw_mix_wheat_0295.jpg,WGSW-mix,wheat,side/front-controlled,flowering,,640x640,2056,2452,640,640,,,,,W0099-S1-22CY01T01_2022-04-24_vis-side0.png
plant_dataset/final_core_1056/flowering/wgsw_mix_wheat_0296.jpg,WGSW-mix,wheat,side/front-controlled,flowering,,640x640,2056,2452,640,640,,,,,W0099-S1-22CY01T02_2022-04-24_vis-side0.png
plant_dataset/final_core_1056/flowering/wgsw_mix_wheat_0297.jpg,WGSW-mix,wheat,side/front-controlled,flowering,,640x640,2056,2452,640,640,,,,,W0100-S1-22CY01T01_2022-04-24_vis-side0.png
plant_dataset/final_core_1056/flowering/wgsw_mix_wheat_0298.jpg,WGSW-mix,wheat,side/front-controlled,flowering,,640x640,2056,2452,640,640,,,,,W0100-S1-22CY01T02_2022-04-24_vis-side0.png
plant_dataset/final_core_1056/flowering/wgsw_mix_wheat_0299.jpg,WGSW-mix,wheat,side/front-controlled,flowering,,640x640,2056,2452,640,640,,,,,W0100-S1-22CY01T03_2022-04-24_vis-side0.png
plant_dataset/final_core_1056/flowering/wgsw_mix_wheat_0300.jpg,WGSW-mix,wheat,side/front-controlled,flowering,,640x640,2056,2452,640,640,,,,,W0101-S1-22CY01T01_2022-04-24_vis-side0.png
plant_dataset/final_core_1056/flowering/wgsw_mix_wheat_0301.jpg,WGSW-mix,wheat,side/front-controlled,flowering,,640x640,2056,2452,640,640,,,,,W0101-S1-22CY01T02_2022-04-24_vis-side0.png
plant_dataset/final_core_1056/flowering/wgsw_mix_wheat_0302.jpg,WGSW-mix,wheat,side/front-controlled,flowering,,640x640,2056,2452,640,640,,,,,W0101-S1-22CY01T03_2022-04-24_vis-side0.png
plant_dataset/final_core_1056/flowering/wgsw_mix_wheat_0303.jpg,WGSW-mix,wheat,side/front-controlled,flowering,,640x640,2056,2452,640,640,,,,,W0102-S1-22CY01T01_2022-04-24_vis-side0.png
plant_dataset/final_core_1056/flowering/wgsw_mix_wheat_0304.jpg,WGSW-mix,wheat,side/front-controlled,flowering,,640x640,2056,2452,640,640,,,,,W0102-S1-22CY01T02_2022-04-24_vis-side0.png
plant_dataset/final_core_1056/flowering/wgsw_mix_wheat_0305.jpg,WGSW-mix,wheat,side/front-controlled,flowering,,640x640,2056,2452,640,640,,,,,W0102-S1-22CY01T03_2022-04-24_vis-side0.png
plant_dataset/final_core_1056/flowering/wgsw_mix_wheat_0306.jpg,WGSW-mix,wheat,side/front-controlled,flowering,,640x640,2056,2452,640,640,,,,,W0103-S1-22CY01T01_2022-04-24_vis-side0.png
plant_dataset/final_core_1056/flowering/wgsw_mix_wheat_0307.jpg,WGSW-mix,wheat,side/front-controlled,flowering,,640x640,2056,2452,640,640,,,,,W0103-S1-22CY01T02_2022-04-24_vis-side0.png
plant_dataset/final_core_1056/flowering/wgsw_mix_wheat_0308.jpg,WGSW-mix,wheat,side/front-controlled,flowering,,640x640,2056,2452,640,640,,,,,W0103-S1-22CY01T03_2022-04-24_vis-side0.png
plant_dataset/final_core_1056/flowering/wgsw_mix_wheat_0309.jpg,WGSW-mix,wheat,side/front-controlled,flowering,,640x640,2056,2452,640,640,,,,,W0104-S1-22CY01T01_2022-04-24_vis-side0.png
plant_dataset/final_core_1056/flowering/wgsw_mix_wheat_0310.jpg,WGSW-mix,wheat,side/front-controlled,flowering,,640x640,2056,2452,640,640,,,,,W0104-S1-22CY01T02_2022-04-24_vis-side0.png
plant_dataset/final_core_1056/flowering/wgsw_mix_wheat_0311.jpg,WGSW-mix,wheat,side/front-controlled,flowering,,640x640,2056,2452,640,640,,,,,W0104-S1-22CY01T03_2022-04-24_vis-side0.png
plant_dataset/final_core_1056/flowering/wgsw_mix_wheat_0312.jpg,WGSW-mix,wheat,side/front-controlled,flowering,,640x640,2056,2452,640,640,,,,,W0105-S1-22CY01T01_2022-04-24_vis-side0.png
plant_dataset/final_core_1056/flowering/wgsw_mix_wheat_0313.jpg,WGSW-mix,wheat,side/front-controlled,flowering,,640x640,2056,2452,640,640,,,,,W0105-S1-22CY01T02_2022-04-24_vis-side0.png
plant_dataset/final_core_1056/flowering/wgsw_mix_wheat_0314.jpg,WGSW-mix,wheat,side/front-controlled,flowering,,640x640,2056,2452,640,640,,,,,W0105-S1-22CY01T03_2022-04-24_vis-side0.png
plant_dataset/final_core_1056/young/cosegppf_sunflower_0001.jpg,CosegPPF,sunflower,side/front-controlled,young,,640x640,1227,1028,640,640,,,,,2019-07-03_12-58-26.719_122700.png
plant_dataset/final_core_1056/young/cosegppf_sunflower_0002.jpg,CosegPPF,sunflower,side/front-controlled,young,,640x640,1227,1028,640,640,,,,,2019-07-03_13-13-46.457_123700.png
plant_dataset/final_core_1056/young/cosegppf_sunflower_0003.jpg,CosegPPF,sunflower,side/front-controlled,young,,640x640,1227,1028,640,640,,,,,2019-07-05_12-31-12.732_189900.png
plant_dataset/final_core_1056/young/cosegppf_sunflower_0004.jpg,CosegPPF,sunflower,side/front-controlled,young,,640x640,1227,1028,640,640,,,,,2019-07-05_12-46-32.633_190900.png
plant_dataset/final_core_1056/young/cosegppf_sunflower_0005.jpg,CosegPPF,sunflower,side/front-controlled,young,,640x640,1227,1028,640,640,,,,,2019-07-07_12-30-05.757_257100.png
plant_dataset/final_core_1056/young/cosegppf_sunflower_0006.jpg,CosegPPF,sunflower,side/front-controlled,young,,640x640,1227,1028,640,640,,,,,2019-07-07_12-45-25.458_258100.png
plant_dataset/final_core_1056/young/cosegppf_sunflower_0007.jpg,CosegPPF,sunflower,side/front-controlled,young,,640x640,1227,1028,640,640,,,,,2019-07-11_02-36-37.897_383400.png
plant_dataset/final_core_1056/growing/cosegppf_sunflower_0001.jpg,CosegPPF,sunflower,side/front-controlled,growing,,640x640,1227,1028,640,640,,,,,2019-07-11_02-52-00.571_384400.png
plant_dataset/final_core_1056/growing/cosegppf_sunflower_0002.jpg,CosegPPF,sunflower,side/front-controlled,growing,,640x640,2192,3288,640,640,,,,,2019-07-14_02-45-41.218_495000.png
plant_dataset/final_core_1056/growing/cosegppf_sunflower_0003.jpg,CosegPPF,sunflower,side/front-controlled,growing,,640x640,2192,3288,640,640,,,,,2019-07-14_03-06-27.964_496000.png
plant_dataset/final_core_1056/growing/cosegppf_sunflower_0004.jpg,CosegPPF,sunflower,side/front-controlled,growing,,640x640,2192,3288,640,640,,,,,2019-07-17_06-46-17.656_637700.png
plant_dataset/final_core_1056/growing/cosegppf_sunflower_0005.jpg,CosegPPF,sunflower,side/front-controlled,growing,,640x640,2192,3288,640,640,,,,,2019-07-17_07-07-29.491_638700.png
plant_dataset/final_core_1056/growing/cosegppf_sunflower_0006.jpg,CosegPPF,sunflower,side/front-controlled,growing,,640x640,2192,3288,640,640,,,,,2019-07-21_06-46-22.365_878800.png
plant_dataset/final_core_1056/flowering/cosegppf_sunflower_0001.jpg,CosegPPF,sunflower,side/front-controlled,flowering,,640x640,2192,3288,640,640,,,,,2019-07-21_07-07-38.777_879800.png
plant_dataset/final_core_1056/flowering/cosegppf_sunflower_0002.jpg,CosegPPF,sunflower,side/front-controlled,flowering,,640x640,2192,3288,640,640,,,,,2019-07-29_06-48-47.191_1331900.png
plant_dataset/final_core_1056/flowering/cosegppf_sunflower_0003.jpg,CosegPPF,sunflower,side/front-controlled,flowering,,640x640,2192,3288,640,640,,,,,2019-07-29_07-11-07.833_1332900.png
plant_dataset/final_core_1056/flowering/cosegppf_sunflower_0004.jpg,CosegPPF,sunflower,side/front-controlled,flowering,,640x640,2192,3288,640,640,,,,,2019-08-02_06-48-40.960_1552900.png
plant_dataset/final_core_1056/flowering/cosegppf_sunflower_0005.jpg,CosegPPF,sunflower,side/front-controlled,flowering,,640x640,2192,3288,640,640,,,,,2019-08-02_07-11-01.217_1553900.png
plant_dataset/final_core_1056/flowering/cosegppf_sunflower_0006.jpg,CosegPPF,sunflower,side/front-controlled,flowering,,640x640,2192,3288,640,640,,,,,2019-08-06_06-48-39.134_1784500.png
plant_dataset/final_core_1056/fruiting/cosegppf_sunflower_0001.jpg,CosegPPF,sunflower,side/front-controlled,fruiting,,640x640,2192,3288,640,640,,,,,2019-08-06_07-10-55.668_1785500.png
plant_dataset/final_core_1056/fruiting/cosegppf_sunflower_0002.jpg,CosegPPF,sunflower,side/front-controlled,fruiting,,640x640,2192,3288,640,640,,,,,2019-08-10_06-48-49.621_2021900.png
plant_dataset/final_core_1056/fruiting/cosegppf_sunflower_0003.jpg,CosegPPF,sunflower,side/front-controlled,fruiting,,640x640,2192,3288,640,640,,,,,2019-08-10_07-11-10.770_2022900.png
plant_dataset/final_core_1056/fruiting/cosegppf_sunflower_0004.jpg,CosegPPF,sunflower,side/front-controlled,fruiting,,640x640,2192,3288,640,640,,,,,2019-08-14_07-27-44.265_2215100.png
plant_dataset/final_core_1056/fruiting/cosegppf_sunflower_0005.jpg,CosegPPF,sunflower,side/front-controlled,fruiting,,640x640,2192,3288,640,640,,,,,2019-08-14_07-50-02.205_2216100.png
plant_dataset/final_core_1056/fruiting/cosegppf_sunflower_0006.jpg,CosegPPF,sunflower,side/front-controlled,fruiting,,640x640,2192,3288,640,640,,,,,2019-08-18_13-01-51.827_2418500.png
plant_dataset/final_core_1056/fruiting/cosegppf_sunflower_0007.jpg,CosegPPF,sunflower,side/front-controlled,fruiting,,640x640,2192,3288,640,640,,,,,2019-08-18_13-24-08.551_2419500.png
plant_dataset/final_core_1056/young/wgss_soybean_0001.jpg,WGSS,soybean,side/front-controlled,young,,640x640,2056,2452,640,640,,,,,TZX-2139-1_-_2020-06-21_14_26_03-vis-side0.png
plant_dataset/final_core_1056/young/wgss_soybean_0002.jpg,WGSS,soybean,side/front-controlled,young,,640x640,2056,2452,640,640,,,,,TZX-2139-1_-_2020-06-21_14_26_03-vis-side90.png
plant_dataset/final_core_1056/young/wgss_soybean_0003.jpg,WGSS,soybean,side/front-controlled,young,,640x640,2056,2452,640,640,,,,,TZX-693-1_-_2020-06-21_16_00_45-vis-side0.png
plant_dataset/final_core_1056/young/wgss_soybean_0004.jpg,WGSS,soybean,side/front-controlled,young,,640x640,2056,2452,640,640,,,,,TZX-693-1_-_2020-06-21_16_00_45-vis-side90.png
plant_dataset/final_core_1056/young/wgss_soybean_0005.jpg,WGSS,soybean,side/front-controlled,young,,640x640,2056,2452,640,640,,,,,TZX-2139-1_-_2020-06-28_14_37_37-vis-side0.png
plant_dataset/final_core_1056/young/wgss_soybean_0006.jpg,WGSS,soybean,side/front-controlled,young,,640x640,2056,2452,640,640,,,,,TZX-2139-1_-_2020-06-28_14_37_37-vis-side90.png
plant_dataset/final_core_1056/young/wgss_soybean_0007.jpg,WGSS,soybean,side/front-controlled,young,,640x640,2056,2452,640,640,,,,,TZX-693-1_-_2020-06-28_14_08_30-vis-side0.png
plant_dataset/final_core_1056/young/wgss_soybean_0008.jpg,WGSS,soybean,side/front-controlled,young,,640x640,2056,2452,640,640,,,,,TZX-693-1_-_2020-06-28_14_08_30-vis-side90.png
plant_dataset/final_core_1056/young/wgss_soybean_0009.jpg,WGSS,soybean,side/front-controlled,young,,640x640,2056,2452,640,640,,,,,TZX-2139-1_-_2020-07-05_14_32_43-vis-side0.png
plant_dataset/final_core_1056/young/wgss_soybean_0010.jpg,WGSS,soybean,side/front-controlled,young,,640x640,2056,2452,640,640,,,,,TZX-2139-1_-_2020-07-05_14_32_43-vis-side90.png
plant_dataset/final_core_1056/young/wgss_soybean_0011.jpg,WGSS,soybean,side/front-controlled,young,,640x640,2056,2452,640,640,,,,,TZX-693-1_-_2020-07-05_13_55_27-vis-side0.png
plant_dataset/final_core_1056/growing/wgss_soybean_0001.jpg,WGSS,soybean,side/front-controlled,growing,,640x640,2056,2452,640,640,,,,,TZX-693-1_-_2020-07-05_13_55_27-vis-side90.png
plant_dataset/final_core_1056/growing/wgss_soybean_0002.jpg,WGSS,soybean,side/front-controlled,growing,,640x640,2056,2452,640,640,,,,,TZX-2139-1_-_2020-07-12_13_55_09-vis-side0.png
plant_dataset/final_core_1056/growing/wgss_soybean_0003.jpg,WGSS,soybean,side/front-controlled,growing,,640x640,2056,2452,640,640,,,,,TZX-2139-1_-_2020-07-12_13_55_09-vis-side90.png
plant_dataset/final_core_1056/growing/wgss_soybean_0004.jpg,WGSS,soybean,side/front-controlled,growing,,640x640,2056,2452,640,640,,,,,TZX-693-1_-_2020-07-12_13_35_41-vis-side0.png
plant_dataset/final_core_1056/growing/wgss_soybean_0005.jpg,WGSS,soybean,side/front-controlled,growing,,640x640,2056,2452,640,640,,,,,TZX-693-1_-_2020-07-12_13_35_41-vis-side90.png
plant_dataset/final_core_1056/growing/wgss_soybean_0006.jpg,WGSS,soybean,side/front-controlled,growing,,640x640,2056,2452,640,640,,,,,TZX-2139-1_-_2020-07-19_12_17_16-vis-side0.png
plant_dataset/final_core_1056/growing/wgss_soybean_0007.jpg,WGSS,soybean,side/front-controlled,growing,,640x640,2056,2452,640,640,,,,,TZX-2139-1_-_2020-07-19_12_17_16-vis-side90.png
plant_dataset/final_core_1056/growing/wgss_soybean_0008.jpg,WGSS,soybean,side/front-controlled,growing,,640x640,2056,2452,640,640,,,,,TZX-693-1_-_2020-07-19_12_36_42-vis-side0.png
plant_dataset/final_core_1056/growing/wgss_soybean_0009.jpg,WGSS,soybean,side/front-controlled,growing,,640x640,2056,2452,640,640,,,,,TZX-693-1_-_2020-07-19_12_36_42-vis-side90.png
plant_dataset/final_core_1056/growing/wgss_soybean_0010.jpg,WGSS,soybean,side/front-controlled,growing,,640x640,2056,2452,640,640,,,,,TZX-2139-1_-_2020-07-26_12_41_56-vis-side0.png
plant_dataset/final_core_1056/flowering/wgss_soybean_0001.jpg,WGSS,soybean,side/front-controlled,flowering,,640x640,2056,2452,640,640,,,,,TZX-2139-1_-_2020-07-26_12_41_56-vis-side90.png
plant_dataset/final_core_1056/flowering/wgss_soybean_0002.jpg,WGSS,soybean,side/front-controlled,flowering,,640x640,2056,2452,640,640,,,,,TZX-2139-1_-_2020-07-28_21_05_58-vis-side0.png
plant_dataset/final_core_1056/flowering/wgss_soybean_0003.jpg,WGSS,soybean,side/front-controlled,flowering,,640x640,2056,2452,640,640,,,,,TZX-2139-1_-_2020-07-28_21_05_58-vis-side90.png
plant_dataset/final_core_1056/flowering/wgss_soybean_0004.jpg,WGSS,soybean,side/front-controlled,flowering,,640x640,2056,2452,640,640,,,,,TZX-2139-1_-_2020-07-29_15_56_23-vis-side0.png
plant_dataset/final_core_1056/flowering/wgss_soybean_0005.jpg,WGSS,soybean,side/front-controlled,flowering,,640x640,2056,2452,640,640,,,,,TZX-2139-1_-_2020-07-29_15_56_23-vis-side90.png
plant_dataset/final_core_1056/flowering/wgss_soybean_0006.jpg,WGSS,soybean,side/front-controlled,flowering,,640x640,2056,2452,640,640,,,,,TZX-2139-1_-_2020-07-31_14_51_27-vis-side0-panicle.png
plant_dataset/final_core_1056/flowering/wgss_soybean_0007.jpg,WGSS,soybean,side/front-controlled,flowering,,640x640,2056,2452,640,640,,,,,TZX-2139-1_-_2020-08-03_14_32_01-vis-side0.png
plant_dataset/final_core_1056/flowering/wgss_soybean_0008.jpg,WGSS,soybean,side/front-controlled,flowering,,640x640,2056,2452,640,640,,,,,TZX-2139-1_-_2020-08-03_14_32_01-vis-side90.png
plant_dataset/final_core_1056/flowering/wgss_soybean_0009.jpg,WGSS,soybean,side/front-controlled,flowering,,640x640,2056,2452,640,640,,,,,TZX-2139-1_-_2020-08-04_18_52_42-vis-side0.png
plant_dataset/final_core_1056/flowering/wgss_soybean_0010.jpg,WGSS,soybean,side/front-controlled,flowering,,640x640,2056,2452,640,640,,,,,TZX-2139-1_-_2020-08-04_18_52_42-vis-side90.png
plant_dataset/final_core_1056/flowering/wgss_soybean_0011.jpg,WGSS,soybean,side/front-controlled,flowering,,640x640,2056,2452,640,640,,,,,TZX-2139-1_-_2020-08-12_15_26_02-vis-side0.png
plant_dataset/final_core_1056/fruiting/wgss_soybean_0001.jpg,WGSS,soybean,side/front-controlled,fruiting,,640x640,2056,2452,640,640,,,,,TZX-2139-1_-_2020-08-12_15_26_02-vis-side90.png
plant_dataset/final_core_1056/fruiting/wgss_soybean_0002.jpg,WGSS,soybean,side/front-controlled,fruiting,,640x640,2056,2452,640,640,,,,,TZX-2139-1_-_2020-08-13_19_23_21-vis-side0.png
plant_dataset/final_core_1056/fruiting/wgss_soybean_0003.jpg,WGSS,soybean,side/front-controlled,fruiting,,640x640,2056,2452,640,640,,,,,TZX-2139-1_-_2020-08-13_19_23_21-vis-side90.png
plant_dataset/final_core_1056/fruiting/wgss_soybean_0004.jpg,WGSS,soybean,side/front-controlled,fruiting,,640x640,2056,2452,640,640,,,,,TZX-2139-1_-_2020-08-15_09_12_49-vis-side0.png
plant_dataset/final_core_1056/fruiting/wgss_soybean_0005.jpg,WGSS,soybean,side/front-controlled,fruiting,,640x640,2056,2452,640,640,,,,,TZX-2139-1_-_2020-08-15_09_12_49-vis-side90.png
plant_dataset/final_core_1056/fruiting/wgss_soybean_0006.jpg,WGSS,soybean,side/front-controlled,fruiting,,640x640,2056,2452,640,640,,,,,TZX-2139-1_-_2020-08-16_09_13_22-vis-side0.png
plant_dataset/final_core_1056/fruiting/wgss_soybean_0007.jpg,WGSS,soybean,side/front-controlled,fruiting,,640x640,2056,2452,640,640,,,,,TZX-2139-1_-_2020-08-16_09_13_22-vis-side90.png
plant_dataset/final_core_1056/fruiting/wgss_soybean_0008.jpg,WGSS,soybean,side/front-controlled,fruiting,,640x640,2056,2452,640,640,,,,,TZX-2139-1_-_2020-08-18_14_11_50-vis-side0.png
plant_dataset/final_core_1056/fruiting/wgss_soybean_0009.jpg,WGSS,soybean,side/front-controlled,fruiting,,640x640,2056,2452,640,640,,,,,TZX-2139-1_-_2020-08-18_14_11_50-vis-side90.png
plant_dataset/final_core_1056/fruiting/wgss_soybean_0010.jpg,WGSS,soybean,side/front-controlled,fruiting,,640x640,2056,2452,640,640,,,,,TZX-2139-1_-_2020-08-19_16_03_33-vis-side0.png
plant_dataset/final_core_1056/fruiting/wgss_soybean_0011.jpg,WGSS,soybean,side/front-controlled,fruiting,,640x640,2056,2452,640,640,,,,,TZX-2139-1_-_2020-08-19_16_03_33-vis-side90.png
plant_dataset/final_core_1056/young/cosegppb_buckwheat_0001.jpg,CosegPPB,buckwheat,side/front-controlled,young,,640x640,1227,1028,640,640,,,,,2019-07-03_17-22-02.332_140700.png
plant_dataset/final_core_1056/young/cosegppb_buckwheat_0002.jpg,CosegPPB,buckwheat,side/front-controlled,young,,640x640,1227,1028,640,640,,,,,2019-07-03_17-22-02.332_140700.png
plant_dataset/final_core_1056/young/cosegppb_buckwheat_0003.jpg,CosegPPB,buckwheat,side/front-controlled,young,,640x640,1227,1028,640,640,,,,,2019-07-03_17-22-02.332_140700.png
plant_dataset/final_core_1056/young/cosegppb_buckwheat_0004.jpg,CosegPPB,buckwheat,side/front-controlled,young,,640x640,1227,1028,640,640,,,,,2019-07-03_17-22-02.332_140700.png
plant_dataset/final_core_1056/young/cosegppb_buckwheat_0005.jpg,CosegPPB,buckwheat,side/front-controlled,young,,640x640,1227,1028,640,640,,,,,2019-07-03_17-37-18.072_141700.png
plant_dataset/final_core_1056/young/cosegppb_buckwheat_0006.jpg,CosegPPB,buckwheat,side/front-controlled,young,,640x640,1227,1028,640,640,,,,,2019-07-03_17-37-18.072_141700.png
plant_dataset/final_core_1056/young/cosegppb_buckwheat_0007.jpg,CosegPPB,buckwheat,side/front-controlled,young,,640x640,1227,1028,640,640,,,,,2019-07-03_17-37-18.072_141700.png
plant_dataset/final_core_1056/young/cosegppb_buckwheat_0008.jpg,CosegPPB,buckwheat,side/front-controlled,young,,640x640,1227,1028,640,640,,,,,2019-07-03_17-37-18.072_141700.png
plant_dataset/final_core_1056/young/cosegppb_buckwheat_0009.jpg,CosegPPB,buckwheat,side/front-controlled,young,,640x640,1227,1028,640,640,,,,,2019-07-05_17-09-10.290_207900.png
plant_dataset/final_core_1056/young/cosegppb_buckwheat_0010.jpg,CosegPPB,buckwheat,side/front-controlled,young,,640x640,1227,1028,640,640,,,,,2019-07-05_17-09-10.290_207900.png
plant_dataset/final_core_1056/young/cosegppb_buckwheat_0011.jpg,CosegPPB,buckwheat,side/front-controlled,young,,640x640,1227,1028,640,640,,,,,2019-07-05_17-09-10.290_207900.png
plant_dataset/final_core_1056/young/cosegppb_buckwheat_0012.jpg,CosegPPB,buckwheat,side/front-controlled,young,,640x640,1227,1028,640,640,,,,,2019-07-05_17-09-10.290_207900.png
plant_dataset/final_core_1056/young/cosegppb_buckwheat_0013.jpg,CosegPPB,buckwheat,side/front-controlled,young,,640x640,1227,1028,640,640,,,,,2019-07-05_17-24-27.566_208900.png
plant_dataset/final_core_1056/young/cosegppb_buckwheat_0014.jpg,CosegPPB,buckwheat,side/front-controlled,young,,640x640,1227,1028,640,640,,,,,2019-07-05_17-24-27.566_208900.png
plant_dataset/final_core_1056/growing/cosegppb_buckwheat_0001.jpg,CosegPPB,buckwheat,side/front-controlled,growing,,640x640,1227,1028,640,640,,,,,2019-07-05_17-24-27.566_208900.png
plant_dataset/final_core_1056/growing/cosegppb_buckwheat_0002.jpg,CosegPPB,buckwheat,side/front-controlled,growing,,640x640,1227,1028,640,640,,,,,2019-07-05_17-24-27.566_208900.png
plant_dataset/final_core_1056/growing/cosegppb_buckwheat_0003.jpg,CosegPPB,buckwheat,side/front-controlled,growing,,640x640,1227,1028,640,640,,,,,2019-07-07_17-07-56.276_275100.png
plant_dataset/final_core_1056/growing/cosegppb_buckwheat_0004.jpg,CosegPPB,buckwheat,side/front-controlled,growing,,640x640,1227,1028,640,640,,,,,2019-07-07_17-07-56.276_275100.png
plant_dataset/final_core_1056/growing/cosegppb_buckwheat_0005.jpg,CosegPPB,buckwheat,side/front-controlled,growing,,640x640,1227,1028,640,640,,,,,2019-07-07_17-07-56.276_275100.png
plant_dataset/final_core_1056/growing/cosegppb_buckwheat_0006.jpg,CosegPPB,buckwheat,side/front-controlled,growing,,640x640,1227,1028,640,640,,,,,2019-07-07_17-07-56.276_275100.png
plant_dataset/final_core_1056/growing/cosegppb_buckwheat_0007.jpg,CosegPPB,buckwheat,side/front-controlled,growing,,640x640,1227,1028,640,640,,,,,2019-07-07_17-23-13.596_276100.png
plant_dataset/final_core_1056/growing/cosegppb_buckwheat_0008.jpg,CosegPPB,buckwheat,side/front-controlled,growing,,640x640,1227,1028,640,640,,,,,2019-07-07_17-23-13.596_276100.png
plant_dataset/final_core_1056/growing/cosegppb_buckwheat_0009.jpg,CosegPPB,buckwheat,side/front-controlled,growing,,640x640,1227,1028,640,640,,,,,2019-07-07_17-23-13.596_276100.png
plant_dataset/final_core_1056/growing/cosegppb_buckwheat_0010.jpg,CosegPPB,buckwheat,side/front-controlled,growing,,640x640,1227,1028,640,640,,,,,2019-07-07_17-23-13.596_276100.png
plant_dataset/final_core_1056/growing/cosegppb_buckwheat_0011.jpg,CosegPPB,buckwheat,side/front-controlled,growing,,640x640,2192,3288,640,640,,,,,2019-07-14_09-06-02.773_513000.png
plant_dataset/final_core_1056/growing/cosegppb_buckwheat_0012.jpg,CosegPPB,buckwheat,side/front-controlled,growing,,640x640,2192,3288,640,640,,,,,2019-07-14_09-06-02.773_513000.png
plant_dataset/final_core_1056/growing/cosegppb_buckwheat_0013.jpg,CosegPPB,buckwheat,side/front-controlled,growing,,640x640,2192,3288,640,640,,,,,2019-07-14_09-06-02.773_513000.png
plant_dataset/final_core_1056/growing/cosegppb_buckwheat_0014.jpg,CosegPPB,buckwheat,side/front-controlled,growing,,640x640,2192,3288,640,640,,,,,2019-07-14_09-06-02.773_513000.png
plant_dataset/final_core_1056/flowering/cosegppb_buckwheat_0001.jpg,CosegPPB,buckwheat,side/front-controlled,flowering,,640x640,2192,3288,640,640,,,,,2019-07-14_09-27-08.302_514000.png
plant_dataset/final_core_1056/flowering/cosegppb_buckwheat_0002.jpg,CosegPPB,buckwheat,side/front-controlled,flowering,,640x640,2192,3288,640,640,,,,,2019-07-14_09-27-08.302_514000.png
plant_dataset/final_core_1056/flowering/cosegppb_buckwheat_0003.jpg,CosegPPB,buckwheat,side/front-controlled,flowering,,640x640,2192,3288,640,640,,,,,2019-07-14_09-27-08.302_514000.png
plant_dataset/final_core_1056/flowering/cosegppb_buckwheat_0004.jpg,CosegPPB,buckwheat,side/front-controlled,flowering,,640x640,2192,3288,640,640,,,,,2019-07-14_09-27-08.302_514000.png
plant_dataset/final_core_1056/flowering/cosegppb_buckwheat_0005.jpg,CosegPPB,buckwheat,side/front-controlled,flowering,,640x640,2192,3288,640,640,,,,,2019-07-17_13-07-13.009_678600.png
plant_dataset/final_core_1056/flowering/cosegppb_buckwheat_0006.jpg,CosegPPB,buckwheat,side/front-controlled,flowering,,640x640,2192,3288,640,640,,,,,2019-07-17_13-07-13.009_678600.png
plant_dataset/final_core_1056/flowering/cosegppb_buckwheat_0007.jpg,CosegPPB,buckwheat,side/front-controlled,flowering,,640x640,2192,3288,640,640,,,,,2019-07-17_13-07-13.009_678600.png
plant_dataset/final_core_1056/flowering/cosegppb_buckwheat_0008.jpg,CosegPPB,buckwheat,side/front-controlled,flowering,,640x640,2192,3288,640,640,,,,,2019-07-17_13-07-13.009_678600.png
plant_dataset/final_core_1056/flowering/cosegppb_buckwheat_0009.jpg,CosegPPB,buckwheat,side/front-controlled,flowering,,640x640,2192,3288,640,640,,,,,2019-07-17_13-28-23.582_680900.png
plant_dataset/final_core_1056/flowering/cosegppb_buckwheat_0010.jpg,CosegPPB,buckwheat,side/front-controlled,flowering,,640x640,2192,3288,640,640,,,,,2019-07-17_13-28-23.582_680900.png
plant_dataset/final_core_1056/flowering/cosegppb_buckwheat_0011.jpg,CosegPPB,buckwheat,side/front-controlled,flowering,,640x640,2192,3288,640,640,,,,,2019-07-17_13-28-23.582_680900.png
plant_dataset/final_core_1056/flowering/cosegppb_buckwheat_0012.jpg,CosegPPB,buckwheat,side/front-controlled,flowering,,640x640,2192,3288,640,640,,,,,2019-07-17_13-28-23.582_680900.png
plant_dataset/final_core_1056/flowering/cosegppb_buckwheat_0013.jpg,CosegPPB,buckwheat,side/front-controlled,flowering,,640x640,2192,3288,640,640,,,,,2019-07-21_13-06-50.856_912300.png
plant_dataset/final_core_1056/flowering/cosegppb_buckwheat_0014.jpg,CosegPPB,buckwheat,side/front-controlled,flowering,,640x640,2192,3288,640,640,,,,,2019-07-21_13-06-50.856_912300.png
plant_dataset/final_core_1056/fruiting/cosegppb_buckwheat_0001.jpg,CosegPPB,buckwheat,side/front-controlled,fruiting,,640x640,2192,3288,640,640,,,,,2019-07-21_13-06-50.856_912300.png
plant_dataset/final_core_1056/fruiting/cosegppb_buckwheat_0002.jpg,CosegPPB,buckwheat,side/front-controlled,fruiting,,640x640,2192,3288,640,640,,,,,2019-07-21_13-06-50.856_912300.png
plant_dataset/final_core_1056/fruiting/cosegppb_buckwheat_0003.jpg,CosegPPB,buckwheat,side/front-controlled,fruiting,,640x640,2192,3288,640,640,,,,,2019-07-21_13-27-55.188_913300.png
plant_dataset/final_core_1056/fruiting/cosegppb_buckwheat_0004.jpg,CosegPPB,buckwheat,side/front-controlled,fruiting,,640x640,2192,3288,640,640,,,,,2019-07-21_13-27-55.188_913300.png
plant_dataset/final_core_1056/fruiting/cosegppb_buckwheat_0005.jpg,CosegPPB,buckwheat,side/front-controlled,fruiting,,640x640,2192,3288,640,640,,,,,2019-07-21_13-27-55.188_913300.png
plant_dataset/final_core_1056/fruiting/cosegppb_buckwheat_0006.jpg,CosegPPB,buckwheat,side/front-controlled,fruiting,,640x640,2192,3288,640,640,,,,,2019-07-21_13-27-55.188_913300.png
plant_dataset/final_core_1056/fruiting/cosegppb_buckwheat_0007.jpg,CosegPPB,buckwheat,side/front-controlled,fruiting,,640x640,2192,3288,640,640,,,,,2019-07-27_17-00-50.440_1254700.png
plant_dataset/final_core_1056/fruiting/cosegppb_buckwheat_0008.jpg,CosegPPB,buckwheat,side/front-controlled,fruiting,,640x640,2192,3288,640,640,,,,,2019-07-27_17-00-50.440_1254700.png
plant_dataset/final_core_1056/fruiting/cosegppb_buckwheat_0009.jpg,CosegPPB,buckwheat,side/front-controlled,fruiting,,640x640,2192,3288,640,640,,,,,2019-07-27_17-00-50.440_1254700.png
plant_dataset/final_core_1056/fruiting/cosegppb_buckwheat_0010.jpg,CosegPPB,buckwheat,side/front-controlled,fruiting,,640x640,2192,3288,640,640,,,,,2019-07-27_17-00-50.440_1254700.png
plant_dataset/final_core_1056/fruiting/cosegppb_buckwheat_0011.jpg,CosegPPB,buckwheat,side/front-controlled,fruiting,,640x640,2192,3288,640,640,,,,,2019-07-27_17-22-10.030_1255700.png
plant_dataset/final_core_1056/fruiting/cosegppb_buckwheat_0012.jpg,CosegPPB,buckwheat,side/front-controlled,fruiting,,640x640,2192,3288,640,640,,,,,2019-07-27_17-22-10.030_1255700.png
plant_dataset/final_core_1056/fruiting/cosegppb_buckwheat_0013.jpg,CosegPPB,buckwheat,side/front-controlled,fruiting,,640x640,2192,3288,640,640,,,,,2019-07-27_17-22-10.030_1255700.png
plant_dataset/final_core_1056/fruiting/cosegppb_buckwheat_0014.jpg,CosegPPB,buckwheat,side/front-controlled,fruiting,,640x640,2192,3288,640,640,,,,,2019-07-27_17-22-10.030_1255700.png
